"Workflow Run URL","Workflow Run name","Assignees","Created date","Last activity","Workflow Run due date","Workflow Run completed date","Workflow Run completed by","Status","Overdue tasks","Completed tasks","Workflow version","Workflow name"
"https://app.process.st/runs/opzPQYAr_Nwr7OqUS8hLUA","Supermercado Bom de Preço - Macia Alencar Sousa 3 - 15573.1-F","pedro.pantaleao@gaussenergia.com.br group-698ea497-ec60-4bde-b165-b8f9ccbb0cfe@process.st group-aa595f0b-d840-4fcb-8407-a22a023e7e0d@process.st","2026-07-15T14:29:53.756Z","2026-09-29T18:24:51.890Z","","","","Overdue","4","20","88","Projeto FV"
"https://app.process.st/runs/ldYgHf9SiWQW2NOYku5Krg","Luiz Marcos Ferraz dos Santos AUMENTO - 9134-F","pedro.pantaleao@gaussenergia.com.br group-aa595f0b-d840-4fcb-8407-a22a023e7e0d@process.st","2026-07-07T17:45:25.621Z","2026-09-29T18:22:03.588Z","","","","Overdue","3","18","88","Projeto FV"
"https://app.process.st/runs/qqnvcLukvbpvydhbjBxMNg","Noe Mendes Borges ADEQUAÇAO 2565-F","gabriel@gaussenergia.com.br group-aa595f0b-d840-4fcb-8407-a22a023e7e0d@process.st","2026-06-12T15:26:31.483Z","2026-09-29T18:18:38.413Z","","","","Overdue","3","18","88","Projeto FV"
"https://app.process.st/runs/nYXDEXZ64kPB5bQ9qwVD8A","Gracieli Carneiro Leal AUMENTO - 2895-F","pedro.pantaleao@gaussenergia.com.br group-aa595f0b-d840-4fcb-8407-a22a023e7e0d@process.st","2026-06-03T13:39:41.474Z","2026-09-29T18:14:50.412Z","","","","Overdue","5","18","88","Projeto FV"
"https://app.process.st/runs/ibdHc76HlzysE69DL3BPPA","Edivaldo Luiz Ferreira / Padaria Zabete ADEQUAÇAO 548-F","gabriel@gaussenergia.com.br","2026-05-15T18:14:03.974Z","2026-09-29T18:07:45.711Z","","","","Overdue","3","21","88","Projeto FV"
"https://app.process.st/runs/jwFOxpvU0JSruU7UEsVPQw","Frederico Gonzaga Leal - 15179-F","pedro.pantaleao@gaussenergia.com.br group-aa595f0b-d840-4fcb-8407-a22a023e7e0d@process.st","2026-04-08T20:33:55.610Z","2026-09-29T18:03:22.560Z","","","","Overdue","4","25","88","Projeto FV"
"https://app.process.st/runs/hMnMxq6PTn-FS71e82RJ6A","Genivaldo Pereira Souza - 15753-F","pedro.pantaleao@gaussenergia.com.br group-698ea497-ec60-4bde-b165-b8f9ccbb0cfe@process.st group-aa595f0b-d840-4fcb-8407-a22a023e7e0d@process.st","2026-08-24T17:07:47.565Z","2026-09-29T17:15:48.406Z","","","","Overdue","2","19","88","Projeto FV"
"https://app.process.st/runs/mVIhdTLOWzJODd_Qc69FJw","Kairos Patrimonial Ltda BESS - Luciano Oliveira - 14953-F","pedro.pantaleao@gaussenergia.com.br","2026-02-27T12:59:32.649Z","2026-09-29T17:05:15.631Z","","","","Overdue","2","21","88","Projeto FV"
"https://app.process.st/runs/j4r5QstOROEBoOqSW1p_qA","Alex de Castro Lima - 15874-F","pedro.pantaleao@gaussenergia.com.br group-aa595f0b-d840-4fcb-8407-a22a023e7e0d@process.st","2026-09-29T00:30:55.322Z","2026-09-29T17:03:15.935Z","","","","OnTrack","0","3","88","Projeto FV"
"https://app.process.st/runs/q_vkC3fVAKWlUh_-rldJfw","Henniel Noronha / DIAMANTINA HOTEIS ADEQUAÇAO 2069-F","gabriel@gaussenergia.com.br group-aa595f0b-d840-4fcb-8407-a22a023e7e0d@process.st","2026-09-09T19:37:40.442Z","2026-09-29T16:58:03.499Z","","","","OnTrack","0","3","88","Projeto FV"
"https://app.process.st/runs/pHPLMEd33PparWn7H4hDMg","MIROROS FRUTAS CLIMATIZADAS ADEQUAÇAO - 1506-F","gabriel@gaussenergia.com.br group-aa595f0b-d840-4fcb-8407-a22a023e7e0d@process.st","2026-09-09T18:10:15.959Z","2026-09-29T15:18:52.782Z","","","","Overdue","1","17","88","Projeto FV"
"https://app.process.st/runs/rQS28Z27bf2k1alFHT1F8w","Marcela Alves Santana Rebouças / Paulo Roberto ADEQUAÇAO 4328-F","gabriel@gaussenergia.com.br group-aa595f0b-d840-4fcb-8407-a22a023e7e0d@process.st","2026-09-02T16:40:39.763Z","2026-09-29T15:16:17.472Z","","","","Overdue","1","18","88","Projeto FV"
"https://app.process.st/runs/tnJsaD6-yveL51hfvmZJgw","PW Energia Ltda 1 AUMENTO - 11658-F","pedro.pantaleao@gaussenergia.com.br group-aa595f0b-d840-4fcb-8407-a22a023e7e0d@process.st","2026-08-28T17:34:52.071Z","2026-09-29T15:09:12.392Z","","","","Overdue","1","17","88","Projeto FV"
"https://app.process.st/runs/n4KSsk2_FtDTvn_lrUVEmg","Anselmo Cedro Pimenta / Residencia ADEQUAÇAO - 7905-F","gabriel@gaussenergia.com.br group-aa595f0b-d840-4fcb-8407-a22a023e7e0d@process.st","2025-12-03T18:17:49.554Z","2026-09-29T15:03:18.162Z","","","","Overdue","1","18","88","Projeto FV"
"https://app.process.st/runs/mE8ZVHebNFo2_nJOQGtAMQ","Elias Gomes Dourado - Pizzaria a Fornalha ADEQUAÇAO  2907-F","gabriel@gaussenergia.com.br group-aa595f0b-d840-4fcb-8407-a22a023e7e0d@process.st","2026-07-20T17:25:22.940Z","2026-09-29T14:55:22.000Z","","","","Overdue","1","17","88","Projeto FV"
"https://app.process.st/runs/kNGBXeWXKSGlTkWWm7JDdQ","E Rocha Bessa ME / Fiesta Park Hotel 1 / Jacobina AUMENTO - 5159.1-F","pedro.pantaleao@gaussenergia.com.br group-aa595f0b-d840-4fcb-8407-a22a023e7e0d@process.st","2023-09-12T15:01:17.247Z","2026-09-29T13:52:11.482Z","","","","OnTrack","0","15","88","Projeto FV"
"https://app.process.st/runs/q4gBoA0d6N9RYWIcoxhOLw","E Rocha Bessa ME / Fiesta Park Hotel 1 / Jacobina ADEQUAÇAO- 5159.1-F","gabriel@gaussenergia.com.br","2026-01-29T18:07:23.096Z","2026-09-29T13:51:51.622Z","","","","OnTrack","0","0","88","Projeto FV"
"https://app.process.st/runs/qxjNmjpztZ8BoOqrEIx6FQ","Vanes da Silva 2 - 15793-F","pedro.pantaleao@gaussenergia.com.br","2026-09-29T00:57:54.572Z","2026-09-29T01:03:11.201Z","","","","OnTrack","0","0","88","Projeto FV"
"https://app.process.st/runs/jJjWYS5pfJqtt5855IVPpQ","FSM Melo Ltda - 15353-F","pedro.pantaleao@gaussenergia.com.br group-aa595f0b-d840-4fcb-8407-a22a023e7e0d@process.st","2026-06-01T18:23:17.101Z","2026-09-29T00:58:55.854Z","","","","OnTrack","0","17","88","Projeto FV"
"https://app.process.st/runs/q6CQI9tQ8Ux4SEZtPJ1Mcg","Carlos Antonio Francisco da Silva - 15788-F","pedro.pantaleao@gaussenergia.com.br group-aa595f0b-d840-4fcb-8407-a22a023e7e0d@process.st","2026-08-27T17:58:52.723Z","2026-09-29T00:20:00.697Z","","","","OnTrack","0","7","88","Projeto FV"
"https://app.process.st/runs/qFabFdlGmUJNPS9GLUhDSg","Gabriel Dantas Dourado 2 - 15685-F","pedro.pantaleao@gaussenergia.com.br group-aa595f0b-d840-4fcb-8407-a22a023e7e0d@process.st","2026-08-05T13:02:17.973Z","2026-09-28T19:57:57.288Z","","","","OnTrack","0","15","88","Projeto FV"
"https://app.process.st/runs/i4dmF5GosMRPY7pfcetPdQ","Claudete Carvalho Cunha ADEQUAÇAO - 10263-F","gabriel@gaussenergia.com.br group-aa595f0b-d840-4fcb-8407-a22a023e7e0d@process.st","2026-09-14T13:41:42.294Z","2026-09-28T19:55:24.691Z","","","","OnTrack","0","15","88","Projeto FV"
"https://app.process.st/runs/j_GFxpFe91hA9x6_7EREtQ","Hamenom dos Santos de Oliveira - 15686-F","pedro.pantaleao@gaussenergia.com.br group-698ea497-ec60-4bde-b165-b8f9ccbb0cfe@process.st group-aa595f0b-d840-4fcb-8407-a22a023e7e0d@process.st","2026-08-20T13:44:15.915Z","2026-09-28T19:46:11.393Z","","","","OnTrack","0","10","88","Projeto FV"
"https://app.process.st/runs/vD4p6iX7nMMBoKo89PF80g","Jaime Zarife Figueira 5 / Vera Cruz - 12028.5-F","pedro.pantaleao@gaussenergia.com.br group-aa595f0b-d840-4fcb-8407-a22a023e7e0d@process.st","2026-09-16T12:41:56.721Z","2026-09-28T19:44:12.559Z","","","","OnTrack","0","10","88","Projeto FV"
"https://app.process.st/runs/tH9-eaZuQw8BoKufOEZxnw","Tyciana Miranda Maia - Sued ADEQUAÇAO - 10747-F","gabriel@gaussenergia.com.br group-aa595f0b-d840-4fcb-8407-a22a023e7e0d@process.st","2026-09-16T19:08:53.702Z","2026-09-28T19:42:26.314Z","","","","OnTrack","0","9","88","Projeto FV"
"https://app.process.st/runs/h_V5CGn4iosBoKuraBN9Ug","Julio Cesar de Andrade   ADEQUAÇAO 10935-F","gabriel@gaussenergia.com.br group-aa595f0b-d840-4fcb-8407-a22a023e7e0d@process.st","2026-09-16T19:22:12.371Z","2026-09-28T19:39:47.880Z","","","","OnTrack","0","9","88","Projeto FV"
"https://app.process.st/runs/p7NhZlLQ0bjOuYAWnWtDmw","Voyage Villas Ltda BESS - 15000-F","pedro.pantaleao@gaussenergia.com.br group-aa595f0b-d840-4fcb-8407-a22a023e7e0d@process.st","2026-07-06T19:31:47.574Z","2026-09-28T18:36:42.088Z","","","","DueSoon","0","6","88","Projeto FV"
"https://app.process.st/runs/lSyZ8AT5xuIBoLCUSsR8FQ","Maricel Patrimonial Ltda SOMENTE HOMOLOGAÇAO - 15862-F","pedro.pantaleao@gaussenergia.com.br group-aa595f0b-d840-4fcb-8407-a22a023e7e0d@process.st","2026-09-17T18:15:03.620Z","2026-09-28T17:31:37.943Z","","","","DueSoon","0","6","88","Projeto FV"
"https://app.process.st/runs/m-71LhJtCn9a73C7c4BEVQ","Leonardo Barreto de Souza ADEQUAÇAO 9845-F","gabriel@gaussenergia.com.br","2026-04-06T20:22:39.087Z","2026-09-28T16:38:30.610Z","","","","Overdue","4","23","88","Projeto FV"
"https://app.process.st/runs/k79tSUFbCl_-YGtG3KVMzQ","Frutop Agropecuaria Ltda ME 2 / Lot Empresarial 239 / Frutop III - 14337.2-F","pedro.pantaleao@gaussenergia.com.br group-aa595f0b-d840-4fcb-8407-a22a023e7e0d@process.st","2026-04-06T19:03:14.399Z","2026-09-28T16:34:16.784Z","","","","Overdue","3","18","88","Projeto FV"
"https://app.process.st/runs/i1Lc9eAeBS_sHKxAKvBGXQ","1940-F Eliana Conceição Leite","raniel.garcia@gaussenergia.com.br","2019-12-17T14:33:47.881Z","2026-09-28T14:12:57.081Z","","","","Overdue","5","20","88","Projeto FV"
"https://app.process.st/runs/rzzAqkNcj52zk-vT-8xENw","2323-F Dimas Martiniano da Rocha","raniel.garcia@gaussenergia.com.br","2019-05-31T13:24:59.581Z","2026-09-28T11:56:03.575Z","","","","Overdue","4","18","88","Projeto FV"
"https://app.process.st/runs/k7K_q4tRvRiWEaBDRWNL1A","Lucas Moreira Lins Santos - Flandres Hoteis - 15149.3-F","pedro.pantaleao@gaussenergia.com.br group-aa595f0b-d840-4fcb-8407-a22a023e7e0d@process.st","2026-04-30T18:53:17.707Z","2026-09-28T11:45:56.993Z","","","","Overdue","4","17","88","Projeto FV"
"https://app.process.st/runs/ngVZiRcPEVUBoOfFJvdzvA","Agiliza Mais Logistica e Promoçao de Vendas Ltda - 15627.3-F","pedro.pantaleao@gaussenergia.com.br group-698ea497-ec60-4bde-b165-b8f9ccbb0cfe@process.st group-aa595f0b-d840-4fcb-8407-a22a023e7e0d@process.st","2026-09-28T11:27:32.599Z","2026-09-28T11:31:51.210Z","","","","OnTrack","0","3","88","Projeto FV"
"https://app.process.st/runs/kWpuLARSQmrcwYxzymlIzA","RA1 Treinamento e Bem Estar Ltda 2 - 14998-F","pedro.pantaleao@gaussenergia.com.br group-698ea497-ec60-4bde-b165-b8f9ccbb0cfe@process.st","2026-03-20T17:32:37.934Z","2026-09-27T16:34:56.488Z","","","","Overdue","4","24","88","Projeto FV"
"https://app.process.st/runs/jKoBH38NTv8Wuk52TDRL5g","Gilvan Souza Lima - Leidiane ADEQUAÇAO 2111-F","gabriel@gaussenergia.com.br group-aa595f0b-d840-4fcb-8407-a22a023e7e0d@process.st","2026-09-10T11:05:46.467Z","2026-09-27T11:00:26.745Z","","","","Overdue","1","9","88","Projeto FV"
"https://app.process.st/runs/kwk7Lmeg5c4BoKu39M57_g","Antonio Jorge Lima Carneiro ADEQUAÇAO - 10930-F","gabriel@gaussenergia.com.br group-aa595f0b-d840-4fcb-8407-a22a023e7e0d@process.st","2026-09-16T19:35:54.830Z","2026-09-27T11:00:24.836Z","","","","Overdue","1","9","88","Projeto FV"
"https://app.process.st/runs/vxkO6S95kTcBoK9uhUV3uw","Helenilton Gomes 2 (Canadian) ADEQUAÇAO 1509.2-F","gabriel@gaussenergia.com.br group-aa595f0b-d840-4fcb-8407-a22a023e7e0d@process.st","2026-09-17T12:54:11.013Z","2026-09-27T11:00:23.192Z","","","","Overdue","1","9","88","Projeto FV"
"https://app.process.st/runs/jJiFWml3peBM6zhGYX1I6w","Paulo Milhomens Queiroz / Comercial Queiroz Buritirama ADEQUAÇAO 4425-F","gabriel@gaussenergia.com.br group-aa595f0b-d840-4fcb-8407-a22a023e7e0d@process.st","2026-06-11T19:18:22.464Z","2026-09-27T11:00:22.499Z","","","","Overdue","1","9","88","Projeto FV"
"https://app.process.st/runs/t8RArt9dxapMykjypyNEPw","Edite Lucas / Jose Heberte ADEQUAÇAO 1894-F","gabriel@gaussenergia.com.br group-aa595f0b-d840-4fcb-8407-a22a023e7e0d@process.st","2026-09-09T19:22:45.267Z","2026-09-27T11:00:21.780Z","","","","Overdue","1","9","88","Projeto FV"
"https://app.process.st/runs/pU1ZRhkWcDbXUlfEyiJGVw","Supermercado Bom de Preço - Macia Alencar Sousa 2 AUMENTO 2026 - 1761.2-F","pedro.pantaleao@gaussenergia.com.br group-aa595f0b-d840-4fcb-8407-a22a023e7e0d@process.st","2026-07-24T13:43:45.500Z","2026-09-27T11:00:17.756Z","","","","Overdue","1","16","88","Projeto FV"
"https://app.process.st/runs/vmrxWHxlMQhsUzQh1jBILA","Central Pneus Comercio e Importadora de Pneus LTDA ADEQUAÇAO - 10337-F","gabriel@gaussenergia.com.br group-aa595f0b-d840-4fcb-8407-a22a023e7e0d@process.st","2026-09-10T13:54:22.831Z","2026-09-27T11:00:16.764Z","","","","Overdue","1","15","88","Projeto FV"
"https://app.process.st/runs/oCc_eCYqsb-Pu6p_335Ouw","Joao Carlos Damasio Ferreira AUMENTO DE PROJETO TERCEIRO - 15487-F","pedro.pantaleao@gaussenergia.com.br group-698ea497-ec60-4bde-b165-b8f9ccbb0cfe@process.st group-aa595f0b-d840-4fcb-8407-a22a023e7e0d@process.st","2026-07-08T13:20:28.994Z","2026-09-26T15:02:26.944Z","","","","Overdue","4","20","88","Projeto FV"
"https://app.process.st/runs/rOabyHhG9lTdXi48EnVH8g","Associaçao Blue Sky 3 / Terreno Jose Jorge - 15181.3-F","pedro.pantaleao@gaussenergia.com.br group-aa595f0b-d840-4fcb-8407-a22a023e7e0d@process.st","2026-07-08T11:46:16.422Z","2026-09-26T14:54:37.953Z","","","","Overdue","4","19","88","Projeto FV"
"https://app.process.st/runs/osik42or-tYpXRDb4M9GGQ","Giulia da Paixao de Souza - 15239-F","pedro.pantaleao@gaussenergia.com.br group-698ea497-ec60-4bde-b165-b8f9ccbb0cfe@process.st group-aa595f0b-d840-4fcb-8407-a22a023e7e0d@process.st","2026-05-29T20:08:32.387Z","2026-09-26T14:51:09.077Z","","","","Overdue","4","21","88","Projeto FV"
"https://app.process.st/runs/p_spodp_dzD5p1rqmwZBEw","Edgardo Pessoa da Silva Filho / Mundo Digital ADEQUAÇAO 1759-F","gabriel@gaussenergia.com.br group-aa595f0b-d840-4fcb-8407-a22a023e7e0d@process.st","2026-06-12T15:02:51.159Z","2026-09-26T14:45:47.769Z","","","","Overdue","3","18","88","Projeto FV"
"https://app.process.st/runs/jfKDNj1c_8-8Bw_Zx-RDZg","Margarida Alves de Carvalho AUMENTO DE PROJETO TERCEIRO - 15516-F","pedro.pantaleao@gaussenergia.com.br group-aa595f0b-d840-4fcb-8407-a22a023e7e0d@process.st","2026-06-10T19:43:05.944Z","2026-09-26T14:34:01.487Z","","","","Overdue","4","19","88","Projeto FV"
"https://app.process.st/runs/gYhhqUuGtcJqaebGHgxN0Q","Pomus Agricola Ltda / Frutop Agropecuaria Ltda ME 8 / Lo 03 Setor 05 - 14337.8-F","pedro.pantaleao@gaussenergia.com.br","2026-04-13T19:23:22.842Z","2026-09-26T13:55:22.048Z","","","","Overdue","3","22","88","Projeto FV"
"https://app.process.st/runs/nInDdVNNf5t5q3g0FKRGuQ","Associaçao Conexao Solar 4 / Terreno Ravan - 14882.4-F","pedro.pantaleao@gaussenergia.com.br","2026-04-06T18:39:46.492Z","2026-09-26T13:36:03.692Z","","","","Overdue","5","25","88","Projeto FV"
"https://app.process.st/runs/uQkZEJd6ZaNUrDFJhalJsQ","Restaurante Carro de Boi Ltda - 15466-F","pedro.pantaleao@gaussenergia.com.br group-698ea497-ec60-4bde-b165-b8f9ccbb0cfe@process.st group-aa595f0b-d840-4fcb-8407-a22a023e7e0d@process.st","2026-08-27T14:46:01.337Z","2026-09-26T11:00:11.784Z","","","","Overdue","1","11","88","Projeto FV"
"https://app.process.st/runs/vmXZQVFxrq8c7JO0cldHVA","Cristiane Teles da Rocha Silva - 15514-F","pedro.pantaleao@gaussenergia.com.br group-aa595f0b-d840-4fcb-8407-a22a023e7e0d@process.st","2026-08-19T13:41:12.078Z","2026-09-26T11:00:10.271Z","","","","Overdue","1","17","88","Projeto FV"
"https://app.process.st/runs/uGTmmeqGR3IBoNpEFmdzrQ","Zon Energia Ltda ADEQUAÇAO - 8752-F","pedro.pantaleao@gaussenergia.com.br group-aa595f0b-d840-4fcb-8407-a22a023e7e0d@process.st","2026-09-25T20:31:30.407Z","2026-09-25T20:37:34.755Z","","","","OnTrack","0","2","88","Projeto FV"
"https://app.process.st/runs/sG3DBZzdcQZyS2xCG4RCJA","Claudinei Rocha dos Anjos - 15649-F","pedro.pantaleao@gaussenergia.com.br group-698ea497-ec60-4bde-b165-b8f9ccbb0cfe@process.st group-aa595f0b-d840-4fcb-8407-a22a023e7e0d@process.st","2026-08-03T18:33:37.723Z","2026-09-25T19:16:03.861Z","","","","Overdue","3","19","88","Projeto FV"
"https://app.process.st/runs/nDavOCHMBAqRsmPKRRxJgQ","Danilo Leal Batista ADEQUAÇAO 1698-F","gabriel@gaussenergia.com.br group-aa595f0b-d840-4fcb-8407-a22a023e7e0d@process.st","2026-07-24T14:54:06.159Z","2026-09-25T18:59:11.956Z","","","","Overdue","2","21","88","Projeto FV"
"https://app.process.st/runs/sSdZpLQFOkfUHRDHaOtBDw","Clinica de Hemodialise de Irece Ltda - 15583-F","pedro.pantaleao@gaussenergia.com.br group-aa595f0b-d840-4fcb-8407-a22a023e7e0d@process.st","2026-08-20T14:08:01.791Z","2026-09-25T18:48:57.180Z","","","","DueSoon","0","15","88","Projeto FV"
"https://app.process.st/runs/gwJv2n8rK1QP1MsGpupDaA","Patrick Rene Labarrere ADEQUAÇAO - 10603-F","gabriel@gaussenergia.com.br group-aa595f0b-d840-4fcb-8407-a22a023e7e0d@process.st","2026-09-14T13:21:51.162Z","2026-09-25T18:48:27.972Z","","","","DueSoon","0","15","88","Projeto FV"
"https://app.process.st/runs/tS6bjx-kJ0E_WVqk3DFIjw","Andre Fernando Martinez Rocha REALOCAÇAO / Creuza de Castro Dourado Ribeiro - 10532-F","pedro.pantaleao@gaussenergia.com.br group-aa595f0b-d840-4fcb-8407-a22a023e7e0d@process.st","2026-07-17T18:12:04.289Z","2026-09-25T15:21:37.851Z","","","","Overdue","3","17","88","Projeto FV"
"https://app.process.st/runs/uqxSKWGDjSq1-NgFfMBOkQ","HF Salvador Empreendimentos SPE Ltda - 14936-F","pedro.pantaleao@gaussenergia.com.br group-aa595f0b-d840-4fcb-8407-a22a023e7e0d@process.st","2026-07-10T17:54:26.583Z","2026-09-25T15:19:32.942Z","","","","Overdue","3","17","88","Projeto FV"
"https://app.process.st/runs/n7Dp4KWHp6H37lXSOypP1w","Flavio Dias de Santana AUMENTO - 14733-F","pedro.pantaleao@gaussenergia.com.br group-aa595f0b-d840-4fcb-8407-a22a023e7e0d@process.st","2026-04-27T14:10:15.081Z","2026-09-25T14:04:29.851Z","","","","Overdue","3","18","88","Projeto FV"
"https://app.process.st/runs/hs1uV0eqUhAAWsbolQREZw","Frutop Agropecuaria Ltda ME 3 / Et Miroros / Pivos I e II- 14337.3-F","pedro.pantaleao@gaussenergia.com.br","2026-04-07T14:49:17.676Z","2026-09-25T13:49:45.140Z","","","","Overdue","3","24","88","Projeto FV"
"https://app.process.st/runs/sbs-JXRuwXS1DU2StJRBPA","Condominio Versatile Horto Residence - 13564-F","pedro.pantaleao@gaussenergia.com.br group-aa595f0b-d840-4fcb-8407-a22a023e7e0d@process.st","2026-04-22T14:06:23.103Z","2026-09-25T13:44:31.197Z","","","","Overdue","4","17","88","Projeto FV"
"https://app.process.st/runs/gLV5Az6DfqWHrpzeXm9IOg","1822-F Eurico Santos Moura","pedro.pantaleao@gaussenergia.com.br","2019-04-12T14:50:34.513Z","2026-09-25T12:24:39.357Z","","","","Overdue","5","19","88","Projeto FV"
"https://app.process.st/runs/neAMlKa9U7C6Wuj3C4VChA","Gabriela Silva Salvador Dourado ADEQUAÇAO 3220-F","gabriel@gaussenergia.com.br group-aa595f0b-d840-4fcb-8407-a22a023e7e0d@process.st","2026-06-12T15:36:38.417Z","2026-09-24T17:44:50.770Z","","","","Overdue","1","18","88","Projeto FV"
"https://app.process.st/runs/ln5rhXuNNyrcnhrhL-xBiQ","Silvia Fernanda Fernandes Prado Ribeiro/ Macharibe AUMENTO - 3910-F","pedro.pantaleao@gaussenergia.com.br group-aa595f0b-d840-4fcb-8407-a22a023e7e0d@process.st","2026-08-18T19:13:06.524Z","2026-09-24T17:26:29.311Z","","","","Overdue","1","19","88","Projeto FV"
"https://app.process.st/runs/hYLHxdmVHBEBoNRCFHp5yg","Helio Lima Freire - 15869-F","pedro.pantaleao@gaussenergia.com.br group-698ea497-ec60-4bde-b165-b8f9ccbb0cfe@process.st group-aa595f0b-d840-4fcb-8407-a22a023e7e0d@process.st","2026-09-24T16:31:35.546Z","2026-09-24T16:37:40.560Z","","","","OnTrack","0","3","88","Projeto FV"
"https://app.process.st/runs/vBCz-a2BhRUWY6PS9OxBRg","Ednaldo Justos Alves - 15629-F","pedro.pantaleao@gaussenergia.com.br group-aa595f0b-d840-4fcb-8407-a22a023e7e0d@process.st","2026-08-19T13:26:33.157Z","2026-09-24T13:11:35.366Z","","","","Overdue","1","18","88","Projeto FV"
"https://app.process.st/runs/kFOPx1hQhSt2I6dR3U1OCw","1339.4-F Adelson Leal - Primeiro de Janeiro (Galpão 2)","gabriel@gaussenergia.com.br","2018-12-14T20:04:41.579Z","2026-09-24T12:48:31.722Z","","","","Overdue","5","27","88","Projeto FV"
"https://app.process.st/runs/i4iMBqo8WxUBoNNO96Z54A","Santana Gama Guimarães Laticínios Ltda - 15627.2-F","pedro.pantaleao@gaussenergia.com.br group-698ea497-ec60-4bde-b165-b8f9ccbb0cfe@process.st group-aa595f0b-d840-4fcb-8407-a22a023e7e0d@process.st","2026-09-24T12:06:02.918Z","2026-09-24T12:24:10.963Z","","","","OnTrack","0","3","88","Projeto FV"
"https://app.process.st/runs/gLUzpSFDwtC65p2-Db5C3Q","Lisian Dias de Oliveira -> Ivo Araujo Ambrosi 10885-F","pedro.pantaleao@gaussenergia.com.br group-698ea497-ec60-4bde-b165-b8f9ccbb0cfe@process.st","2024-04-02T17:58:09.001Z","2026-09-23T20:03:36.928Z","","","","Overdue","3","21","88","Projeto FV"
"https://app.process.st/runs/vMk4oIZAaQ91cH5mQ3tPPg","Uelinton Cerqueira Sampaio - 14293-F","pedro.pantaleao@gaussenergia.com.br group-698ea497-ec60-4bde-b165-b8f9ccbb0cfe@process.st group-aa595f0b-d840-4fcb-8407-a22a023e7e0d@process.st","2025-11-10T13:42:13.605Z","2026-09-23T19:44:36.531Z","","","","Overdue","2","20","88","Projeto FV"
"https://app.process.st/runs/ofVciu913D2_2NEdFBxB2Q","NB Participacoes e Comercio de Alimentos Eireli - 10974-F","pedro.pantaleao@gaussenergia.com.br group-698ea497-ec60-4bde-b165-b8f9ccbb0cfe@process.st","2024-02-29T17:54:43.736Z","2026-09-23T19:32:06.681Z","","","","Overdue","3","21","88","Projeto FV"
"https://app.process.st/runs/nJ-8oOH6_-IBoLWv5BV2oQ","Angelo Dourado / Jani ADEQUAÇAO 1986-F","gabriel@gaussenergia.com.br group-aa595f0b-d840-4fcb-8407-a22a023e7e0d@process.st","2026-09-18T18:03:18.421Z","2026-09-23T19:10:57.497Z","","","","Overdue","1","6","88","Projeto FV"
"https://app.process.st/runs/uWHd5MrfpWPPSO2MydBNIA","Joao Almeida Teles -> Tatiana Nogueira da Silva ADEQUAÇAO 10688-F","gabriel@gaussenergia.com.br group-aa595f0b-d840-4fcb-8407-a22a023e7e0d@process.st","2026-09-14T18:58:55.205Z","2026-09-23T17:13:09.209Z","","","","OnTrack","0","12","88","Projeto FV"
"https://app.process.st/runs/pnpBdcsvj9Vx7lg3TeFHXw","Maria Telma de Sousa Sanvastiano ADEQUAÇAO 5149-F","gabriel@gaussenergia.com.br group-aa595f0b-d840-4fcb-8407-a22a023e7e0d@process.st","2026-09-11T17:24:17.407Z","2026-09-23T17:12:34.180Z","","","","OnTrack","0","12","88","Projeto FV"
"https://app.process.st/runs/q5qfwzdFpdIBoKp6tDxyDw","Davidson Luiz Santana Miranda - 15731-F","pedro.pantaleao@gaussenergia.com.br group-aa595f0b-d840-4fcb-8407-a22a023e7e0d@process.st","2026-09-16T13:49:23.388Z","2026-09-23T17:11:59.114Z","","","","OnTrack","0","12","88","Projeto FV"
"https://app.process.st/runs/oOGiq6FfDClAmq8gJRRPPQ","Leandro Silva Oliveira 2 AUMENTO - 14176-F","pedro.pantaleao@gaussenergia.com.br group-aa595f0b-d840-4fcb-8407-a22a023e7e0d@process.st","2026-07-03T17:39:42.476Z","2026-09-23T17:11:37.422Z","","","","OnTrack","0","13","88","Projeto FV"
"https://app.process.st/runs/iIXB9weN3MtFoDBUsp9I3A","Maison do Vidro Comercio Ltda EPP AUMENTO 2 / Philippe Franco 4987-F","pedro.pantaleao@gaussenergia.com.br group-aa595f0b-d840-4fcb-8407-a22a023e7e0d@process.st","2026-09-10T17:08:24.674Z","2026-09-23T17:11:20.764Z","","","","OnTrack","0","13","88","Projeto FV"
"https://app.process.st/runs/nnbjRmLv3jABoKplVJp5GQ","Jaime Zarife Figueira 6 / Bonito - 12028.6-F","pedro.pantaleao@gaussenergia.com.br group-aa595f0b-d840-4fcb-8407-a22a023e7e0d@process.st","2026-09-16T13:26:02.650Z","2026-09-23T17:10:59.652Z","","","","OnTrack","0","12","88","Projeto FV"
"https://app.process.st/runs/lJnOYBfbF8lcEI7-wj1Hbw","Umberto Novais de Freitas -> SUPERMERCADO PAGUE MENOS RIO VERDE I LTDA  11939-F","pedro.pantaleao@gaussenergia.com.br","2025-06-10T13:54:36.973Z","2026-09-23T14:59:19.963Z","","","","Overdue","2","19","88","Projeto FV"
"https://app.process.st/runs/ouIJfoTwSLpXTbVyT1RK-Q","Umberto Novaes ->  SUPERMERCADO PAGUE MENOS RIO VERDE I LTD 1155-F","","2018-12-10T18:34:41.527Z","2026-09-23T14:57:53.313Z","","","","Overdue","4","18","88","Projeto FV"
"https://app.process.st/runs/qtybbIWDoBTa2-tM3OdJxQ","Oscar Machado de Souza AUMENTO - 11867-F","pedro.pantaleao@gaussenergia.com.br group-aa595f0b-d840-4fcb-8407-a22a023e7e0d@process.st","2026-08-24T17:26:25.003Z","2026-09-23T13:44:26.643Z","","","","Overdue","3","18","88","Projeto FV"
"https://app.process.st/runs/s4qf3Z5gwPUBoM5qX8V0Xg","Santana Silva Atacado Ltda - 15627.1","pedro.pantaleao@gaussenergia.com.br group-aa595f0b-d840-4fcb-8407-a22a023e7e0d@process.st","2026-09-23T13:17:52.965Z","2026-09-23T13:23:44.833Z","","","","OnTrack","0","2","88","Projeto FV"
"https://app.process.st/runs/thiHwAZ8I_Lkj0XgvZtCOg","Jaime Zarife Figueira 2 / 75 kW ADEQUAÇAO - 12028.2-F","gabriel@gaussenergia.com.br group-aa595f0b-d840-4fcb-8407-a22a023e7e0d@process.st","2026-08-19T16:27:26.303Z","2026-09-23T13:22:59.657Z","","","","Overdue","2","18","88","Projeto FV"
"https://app.process.st/runs/lf0ThV8nMqkItCh18_BA_A","Carolina de Jesus Silva ADEQUAÇAO - 11036-F","gabriel@gaussenergia.com.br group-aa595f0b-d840-4fcb-8407-a22a023e7e0d@process.st","2026-08-18T17:57:50.832Z","2026-09-23T13:20:59.270Z","","","","Overdue","2","18","88","Projeto FV"
"https://app.process.st/runs/lj-B_algCCdLHL-_JCtOkA","Carolina Vidal Lopes 2 - 15598-F","pedro.pantaleao@gaussenergia.com.br group-aa595f0b-d840-4fcb-8407-a22a023e7e0d@process.st","2026-07-15T19:32:37.648Z","2026-09-23T13:19:09.576Z","","","","Overdue","2","22","88","Projeto FV"
"https://app.process.st/runs/g7ncbMIkBt0qOQ29wXdNMA","Tiago da Silva Soares - 15698-F","pedro.pantaleao@gaussenergia.com.br group-aa595f0b-d840-4fcb-8407-a22a023e7e0d@process.st","2026-08-11T19:08:00.556Z","2026-09-23T12:41:11.573Z","","","","Overdue","3","17","88","Projeto FV"
"https://app.process.st/runs/mJlTnDl55sDd3D7amm5G4Q","Edivaldo Martins de Araujo / Fazenda Ponta D'Agua / Sancal AUMENTO 8724-F","pedro.pantaleao@gaussenergia.com.br group-aa595f0b-d840-4fcb-8407-a22a023e7e0d@process.st","2026-04-13T13:49:04.745Z","2026-09-23T12:30:18.914Z","","","","Overdue","2","19","88","Projeto FV"
"https://app.process.st/runs/kaDZENDfDzIRMBPkPhhH-w","Supermercado Bom de Preço - Macia Alencar Sousa 1 AUMENTO 2026 - 1761.1-F","pedro.pantaleao@gaussenergia.com.br group-aa595f0b-d840-4fcb-8407-a22a023e7e0d@process.st","2026-07-23T19:58:32.074Z","2026-09-23T11:01:22.061Z","","","","Overdue","1","16","88","Projeto FV"
"https://app.process.st/runs/tPYQhnTArWywlhOCUgFEvA","Marlos Seixas Vilela da Silva - 15604-F","pedro.pantaleao@gaussenergia.com.br group-aa595f0b-d840-4fcb-8407-a22a023e7e0d@process.st","2026-07-28T14:19:30.904Z","2026-09-22T19:59:59.631Z","","","","Overdue","3","18","88","Projeto FV"
"https://app.process.st/runs/ladtARKXETZIDQZaqCdIIA","Luiz Alves Barreto Neto 2 LOCAÇAO - 15361-F","pedro.pantaleao@gaussenergia.com.br group-698ea497-ec60-4bde-b165-b8f9ccbb0cfe@process.st group-aa595f0b-d840-4fcb-8407-a22a023e7e0d@process.st","2026-05-14T19:02:12.377Z","2026-09-22T19:08:50.575Z","","","","Overdue","3","19","88","Projeto FV"
"https://app.process.st/runs/tVEjjY5YZvMH2MSp0MJOSw","Gelasio Teixeira Souza -> Claudia Celia Lopes 4198-F","pedro.pantaleao@gaussenergia.com.br","2021-02-16T19:44:31.907Z","2026-09-22T19:01:33.551Z","","","","Overdue","3","23","88","Projeto FV"
"https://app.process.st/runs/vUjOpkbjxP3dAIvqoGFP_Q","Yuri Santos Novaes / Keisilane 7780-F","pedro.pantaleao@gaussenergia.com.br group-698ea497-ec60-4bde-b165-b8f9ccbb0cfe@process.st","2022-01-07T19:34:33.678Z","2026-09-22T17:39:29.518Z","","","","Overdue","3","21","88","Projeto FV"
"https://app.process.st/runs/p13PRlmkaWQU4bVzCwtHVQ","Alzira Miranda Cunha 2661-F","pedro.pantaleao@gaussenergia.com.br","2020-06-22T20:56:53.497Z","2026-09-22T17:35:04.755Z","","","","Overdue","2","25","88","Projeto FV"
"https://app.process.st/runs/lQp3OQYwXbHO89hsBsNImA","Antonio Carlos de Faria - 11564-F","pedro.pantaleao@gaussenergia.com.br group-698ea497-ec60-4bde-b165-b8f9ccbb0cfe@process.st group-aa595f0b-d840-4fcb-8407-a22a023e7e0d@process.st","2026-05-07T14:53:19.804Z","2026-09-22T17:23:31.598Z","","","","Overdue","4","20","88","Projeto FV"
"https://app.process.st/runs/juEbliTKHA5YKj0SsG1GfQ","TOP Estruturas Tubulares -> Lumina Energia Ltda - 11502-F","pedro.pantaleao@gaussenergia.com.br group-aa595f0b-d840-4fcb-8407-a22a023e7e0d@process.st","2024-07-24T17:30:02.761Z","2026-09-22T14:41:17.998Z","","","","Overdue","4","20","88","Projeto FV"
"https://app.process.st/runs/na8imkyOftjw26nHptBMjg","Ducelia da Silva Almeida ADEQUAÇAO - 10458-F","gabriel@gaussenergia.com.br group-aa595f0b-d840-4fcb-8407-a22a023e7e0d@process.st","2026-08-03T18:50:20.326Z","2026-09-22T12:42:35.085Z","","","","Overdue","1","12","88","Projeto FV"
"https://app.process.st/runs/hthuQ_6AF6waaC1i4c1PNw","Jose da Silva Duarte 3 - 15689.3-F","pedro.pantaleao@gaussenergia.com.br group-aa595f0b-d840-4fcb-8407-a22a023e7e0d@process.st","2026-08-18T18:15:02.619Z","2026-09-22T12:41:52.495Z","","","","OnTrack","0","12","88","Projeto FV"
"https://app.process.st/runs/pkMljy8HDaxAfjVxTflPaA","Hebert dos Anjos Oliveira AUMENTO - 12499-F","pedro.pantaleao@gaussenergia.com.br group-aa595f0b-d840-4fcb-8407-a22a023e7e0d@process.st","2026-07-28T14:06:46.773Z","2026-09-22T11:00:01.676Z","","","","Overdue","1","16","88","Projeto FV"
"https://app.process.st/runs/srFsbwUJeO1K8OJIDHhHOA","Lucas Almir Pessoa de Freitas - Cristina Andrade Pessoa - 15140-F","pedro.pantaleao@gaussenergia.com.br group-698ea497-ec60-4bde-b165-b8f9ccbb0cfe@process.st group-aa595f0b-d840-4fcb-8407-a22a023e7e0d@process.st","2026-05-29T14:06:26.113Z","2026-09-22T11:00:01.160Z","","","","Overdue","1","17","88","Projeto FV"
"https://app.process.st/runs/lrmwMi7kYn_eEhVJlZpG-w","Frutop Agropecuaria Ltda ME 4 / Po Perimetro / Frutop V Poço - 14337.4-F","pedro.pantaleao@gaussenergia.com.br group-aa595f0b-d840-4fcb-8407-a22a023e7e0d@process.st","2026-04-07T20:43:34.664Z","2026-09-21T20:02:08.296Z","","","","Overdue","3","18","88","Projeto FV"
"https://app.process.st/runs/hNyFUhLlhpydEdLfrotGgw","Aquashop Hotelaria Ltda EPP 2 / Hotel Aquarena 2 / Aquagel ADEQUAÇAO 470.2-F","gabriel@gaussenergia.com.br group-aa595f0b-d840-4fcb-8407-a22a023e7e0d@process.st","2026-06-12T17:34:12.480Z","2026-09-21T19:59:40.647Z","","","","Overdue","4","17","88","Projeto FV"
"https://app.process.st/runs/tl-xiEKYWVVaHhauSIBGnA","Roniclei José ADEQUAÇAO 1478-F","gabriel@gaussenergia.com.br group-aa595f0b-d840-4fcb-8407-a22a023e7e0d@process.st","2026-06-12T14:44:05.282Z","2026-09-21T19:58:22.102Z","","","","Overdue","3","18","88","Projeto FV"
"https://app.process.st/runs/hf3ux65DE9S-Rn3JWHFIaQ","Anna Karinina Daffonseca Reis / Dimitri Oliveira Sampaio - 14177-F","pedro.pantaleao@gaussenergia.com.br group-aa595f0b-d840-4fcb-8407-a22a023e7e0d@process.st","2025-09-18T12:51:50.167Z","2026-09-21T19:45:03.263Z","","","","Overdue","3","18","88","Projeto FV"
"https://app.process.st/runs/ngsORMKqfaHd4BU4cbJNuQ","Uendel Vasconcelos Esteves de Jesus 2 / Sussuarana - 15039.2-F","pedro.pantaleao@gaussenergia.com.br group-698ea497-ec60-4bde-b165-b8f9ccbb0cfe@process.st group-aa595f0b-d840-4fcb-8407-a22a023e7e0d@process.st","2026-09-08T19:38:45.573Z","2026-09-21T18:16:06.983Z","","","","OnTrack","0","13","88","Projeto FV"
"https://app.process.st/runs/iFNzZicUVxfLlzwOXMJIKQ","Uendel Vasconcelos Esteves de Jesus 1 / Bromelias Alphaville - 15039.1-F","pedro.pantaleao@gaussenergia.com.br group-698ea497-ec60-4bde-b165-b8f9ccbb0cfe@process.st group-aa595f0b-d840-4fcb-8407-a22a023e7e0d@process.st","2026-09-08T17:55:16.384Z","2026-09-21T18:15:58.491Z","","","","OnTrack","0","13","88","Projeto FV"
"https://app.process.st/runs/spaYwe4cK-sU23y8vpNIIQ","Isabela Cirino Brandao Dourado 2 / Fazenda Brandao - 13680.5-F","pedro.pantaleao@gaussenergia.com.br group-aa595f0b-d840-4fcb-8407-a22a023e7e0d@process.st","2025-07-29T18:51:38.173Z","2026-09-21T18:15:50.172Z","","","","OnTrack","0","12","88","Projeto FV"
"https://app.process.st/runs/jUz0rMcRcQLF0TguljlLjw","Barbara Cristina Gruimaraes Boureau / MRD Empreendimentos LTDA 3 - 15817-F","pedro.pantaleao@gaussenergia.com.br group-698ea497-ec60-4bde-b165-b8f9ccbb0cfe@process.st group-aa595f0b-d840-4fcb-8407-a22a023e7e0d@process.st","2026-09-04T17:40:55.920Z","2026-09-21T18:15:41.178Z","","","","OnTrack","0","12","88","Projeto FV"
"https://app.process.st/runs/lmkSELJ8o74Pfa5xc8VEpg","Telma Regina Milhomens Queiroz / Francisco Galvão ADEQUAÇAO 4617-F","gabriel@gaussenergia.com.br group-aa595f0b-d840-4fcb-8407-a22a023e7e0d@process.st","2026-09-11T17:12:35.025Z","2026-09-21T13:57:20.450Z","","","","OnTrack","0","11","88","Projeto FV"
"https://app.process.st/runs/iWAMUNXEBHrSOw3-v5lFdw","Edesio Camilo Duarte Dourado - 15729-F","pedro.pantaleao@gaussenergia.com.br group-698ea497-ec60-4bde-b165-b8f9ccbb0cfe@process.st group-aa595f0b-d840-4fcb-8407-a22a023e7e0d@process.st","2026-08-21T19:18:27.015Z","2026-09-21T13:57:01.182Z","","","","OnTrack","0","13","88","Projeto FV"
"https://app.process.st/runs/h2F0ygvLTa1ATHRsGK5Osg","Samuel Gomes Macedo - 15493-F","pedro.pantaleao@gaussenergia.com.br group-aa595f0b-d840-4fcb-8407-a22a023e7e0d@process.st","2026-07-03T18:09:04.655Z","2026-09-21T11:43:56.479Z","","","","Overdue","3","18","88","Projeto FV"
"https://app.process.st/runs/ieSW0LJg-1V0Xju8ftZCWA","Provedor Eldorado Telecom Ltda / Elder Carlos Maciel de Almeida ADEQUAÇAO - 5637-F","gabriel@gaussenergia.com.br group-aa595f0b-d840-4fcb-8407-a22a023e7e0d@process.st","2026-01-22T13:28:54.482Z","2026-09-20T11:59:33.529Z","","","","Overdue","5","21","88","Projeto FV"
"https://app.process.st/runs/ovZLAr_59e2WAirRtyNHfw","Julian Martinez Matos - 14896-F","pedro.pantaleao@gaussenergia.com.br group-aa595f0b-d840-4fcb-8407-a22a023e7e0d@process.st","2026-03-31T14:19:07.435Z","2026-09-19T19:58:58.874Z","","","","Overdue","3","18","88","Projeto FV"
"https://app.process.st/runs/qzK5-0MNEkYFeed6zP1ATg","Costa Mares Administração de Imóveis Ltda - 14995-F","pedro.pantaleao@gaussenergia.com.br group-aa595f0b-d840-4fcb-8407-a22a023e7e0d@process.st","2026-03-09T18:30:42.140Z","2026-09-19T19:56:56.541Z","","","","Overdue","5","18","88","Projeto FV"
"https://app.process.st/runs/qwUISQI73IDzUFajLE1Fgw","Marilia Oliveira dos Santos - 15017-F","pedro.pantaleao@gaussenergia.com.br group-698ea497-ec60-4bde-b165-b8f9ccbb0cfe@process.st group-aa595f0b-d840-4fcb-8407-a22a023e7e0d@process.st","2026-05-25T20:49:51.195Z","2026-09-19T13:10:27.687Z","","","","Overdue","4","20","88","Projeto FV"
"https://app.process.st/runs/iMODNjNChHsXf6DQGLJFJA","Condominio Barra Signature / AVM Barra 2 - 12210-F","pedro.pantaleao@gaussenergia.com.br group-aa595f0b-d840-4fcb-8407-a22a023e7e0d@process.st","2025-09-22T19:44:36.506Z","2026-09-19T11:37:32.265Z","","","","Overdue","3","18","88","Projeto FV"
"https://app.process.st/runs/g77oeTxFUT_fEEu75xdGSA","Taiane de Oliveira Nunes - 15398-F","pedro.pantaleao@gaussenergia.com.br group-698ea497-ec60-4bde-b165-b8f9ccbb0cfe@process.st group-aa595f0b-d840-4fcb-8407-a22a023e7e0d@process.st","2026-05-21T17:42:02.774Z","2026-09-19T11:35:47.560Z","","","","Overdue","5","18","88","Projeto FV"
"https://app.process.st/runs/jVp7ozpg719b250qNz5C5Q","Gilcelia Gomes de Jesus Menezes - 15308-F","pedro.pantaleao@gaussenergia.com.br group-aa595f0b-d840-4fcb-8407-a22a023e7e0d@process.st","2026-05-04T16:59:52.543Z","2026-09-19T11:32:52.939Z","","","","Overdue","3","21","88","Projeto FV"
"https://app.process.st/runs/nE__2QU0XNeOQMKPZ19CRw","Nilson Nascimento Alves - 15130-F","pedro.pantaleao@gaussenergia.com.br group-aa595f0b-d840-4fcb-8407-a22a023e7e0d@process.st","2026-05-12T19:03:25.992Z","2026-09-19T11:30:45.268Z","","","","Overdue","3","18","88","Projeto FV"
"https://app.process.st/runs/mqSEDCStLu8ZHrKFOVJEKg","José Alves Cunha 2282-F","pedro.pantaleao@gaussenergia.com.br group-698ea497-ec60-4bde-b165-b8f9ccbb0cfe@process.st","2019-08-21T20:37:53.116Z","2026-09-18T17:39:31.337Z","","","","Overdue","5","16","88","Projeto FV"
"https://app.process.st/runs/u9EwDIk4CCOQuNQv1OBPeg","Onesmo da Silva Cruz 2884.1-F","pedro.pantaleao@gaussenergia.com.br group-698ea497-ec60-4bde-b165-b8f9ccbb0cfe@process.st","2019-11-22T19:44:24.743Z","2026-09-18T17:22:50.279Z","","","","Overdue","5","21","88","Projeto FV"
"https://app.process.st/runs/tYNpXnvmJzItiTHspw5MoQ","Lucilene Nogueira da Silva - 13261-F","pedro.pantaleao@gaussenergia.com.br group-698ea497-ec60-4bde-b165-b8f9ccbb0cfe@process.st","2025-04-22T18:14:58.865Z","2026-09-18T17:07:27.371Z","","","","Overdue","3","22","88","Projeto FV"
"https://app.process.st/runs/gA1uctfmcc1GYsZIWuxLJg","Jandira Maria da Silva Anjos ADEQUAÇAO 4595-F","gabriel@gaussenergia.com.br group-aa595f0b-d840-4fcb-8407-a22a023e7e0d@process.st","2026-09-10T19:31:01.600Z","2026-09-18T16:55:55.064Z","","","","OnTrack","0","12","88","Projeto FV"
"https://app.process.st/runs/iax26iHLYf53RTYCd8VFuw","Maria das Vitorias dos Santos 8611-F","pedro.pantaleao@gaussenergia.com.br group-698ea497-ec60-4bde-b165-b8f9ccbb0cfe@process.st","2022-07-18T13:03:37.604Z","2026-09-18T16:53:58.726Z","","","","Overdue","3","21","88","Projeto FV"
"https://app.process.st/runs/tMDHFOmRTN8v-8on6qZNcw","Silas do Nascimento Silva - 15636-F","pedro.pantaleao@gaussenergia.com.br group-698ea497-ec60-4bde-b165-b8f9ccbb0cfe@process.st group-aa595f0b-d840-4fcb-8407-a22a023e7e0d@process.st","2026-08-11T18:33:28.123Z","2026-09-18T13:49:57.680Z","","","","Overdue","2","19","88","Projeto FV"
"https://app.process.st/runs/lOZ1eND1aWkdMLvFqYlBHA","Frutop Agropecuaria Ltda ME 5 / Lot Empresarial 1 / Pivo III LIMITAÇAO DE POTENCIA - 14337.5-F","pedro.pantaleao@gaussenergia.com.br group-aa595f0b-d840-4fcb-8407-a22a023e7e0d@process.st","2026-04-08T18:50:56.919Z","2026-09-18T13:46:24.674Z","","","","Overdue","2","18","88","Projeto FV"
"https://app.process.st/runs/vYaPd5juPebSBbJZWZtGEg","Luiz Guilherme Cavalcante Duarte 4 / Lapao ADEQUAÇAO - 10134.4-F","gabriel@gaussenergia.com.br group-aa595f0b-d840-4fcb-8407-a22a023e7e0d@process.st","2026-07-16T13:33:53.930Z","2026-09-18T13:42:40.540Z","","","","Overdue","2","18","88","Projeto FV"
"https://app.process.st/runs/gbwRbZbw9tIr6d9q1vBPcw","Condominio Residencial Villa Ferrara ADEQUAÇAO - 10554-F","gabriel@gaussenergia.com.br group-aa595f0b-d840-4fcb-8407-a22a023e7e0d@process.st","2026-08-05T18:21:52.544Z","2026-09-18T13:37:15.689Z","","","","Overdue","2","18","88","Projeto FV"
"https://app.process.st/runs/sZfJKDfVpxouwpNFOMtMHg","Marques Ameliano Lopes da Silva ADEQUAÇAO 2261-F","gabriel@gaussenergia.com.br group-aa595f0b-d840-4fcb-8407-a22a023e7e0d@process.st","2026-06-12T15:18:44.465Z","2026-09-18T13:36:03.468Z","","","","Overdue","2","18","88","Projeto FV"
"https://app.process.st/runs/i8s7ANiKpwiSNn79G4pAcg","Jose Carlos De Araujo Guerra 3 - 15062-F","pedro.pantaleao@gaussenergia.com.br group-aa595f0b-d840-4fcb-8407-a22a023e7e0d@process.st","2026-06-10T15:01:11.249Z","2026-09-18T13:33:17.164Z","","","","Overdue","2","18","88","Projeto FV"
"https://app.process.st/runs/tol0G9t8jOv_Usw7s3xI1Q","Eric Sugui da Silva AUMENTO - 10602-F","pedro.pantaleao@gaussenergia.com.br group-aa595f0b-d840-4fcb-8407-a22a023e7e0d@process.st","2026-07-16T13:53:51.071Z","2026-09-18T12:23:17.701Z","","","","Overdue","2","19","88","Projeto FV"
"https://app.process.st/runs/rk05zNZAH46rUvBXb9JMPQ","Leticia Moreira de Vasconcelos Carvalho AUMENTO - 9622-F","pedro.pantaleao@gaussenergia.com.br group-aa595f0b-d840-4fcb-8407-a22a023e7e0d@process.st","2026-08-18T18:54:38.429Z","2026-09-18T12:17:31.354Z","","","","Overdue","2","19","88","Projeto FV"
"https://app.process.st/runs/kTmgnxZbuMwBoK-f27l9tw","Neilton Ferreira dos Santos ADEQUAÇAO 2861-F","gabriel@gaussenergia.com.br group-aa595f0b-d840-4fcb-8407-a22a023e7e0d@process.st","2026-09-17T13:48:04.409Z","2026-09-17T13:53:32.592Z","","","","OnTrack","0","2","88","Projeto FV"
"https://app.process.st/runs/uYirwCd6aAoBoK9H8PpwHQ","Adriana dos Santos Alves - Jonas Eliel ADEQUAÇAO 2883-F","gabriel@gaussenergia.com.br group-aa595f0b-d840-4fcb-8407-a22a023e7e0d@process.st","2026-09-17T12:12:02.682Z","2026-09-17T12:24:08.705Z","","","","OnTrack","0","2","88","Projeto FV"
"https://app.process.st/runs/rjuj370uU2PccnCUbFpD8w","Vilovaldo Seixas de Oliveira - 15697-F","pedro.pantaleao@gaussenergia.com.br group-aa595f0b-d840-4fcb-8407-a22a023e7e0d@process.st","2026-08-14T19:36:35.946Z","2026-09-17T12:14:35.556Z","","","","OnTrack","0","13","88","Projeto FV"
"https://app.process.st/runs/pkowH0y8XR7npsExfWlGMw","Joao Itama Fideles Dos Santos - 15811-F","pedro.pantaleao@gaussenergia.com.br group-aa595f0b-d840-4fcb-8407-a22a023e7e0d@process.st","2026-09-10T19:48:59.673Z","2026-09-17T12:14:28.132Z","","","","OnTrack","0","12","88","Projeto FV"
"https://app.process.st/runs/qP2q7wFQoooBoK89FlB5aA","Daniela Santos Tosta ADEQUAÇAO - 11093-F","gabriel@gaussenergia.com.br group-aa595f0b-d840-4fcb-8407-a22a023e7e0d@process.st","2026-09-17T12:00:11.344Z","2026-09-17T12:05:06.453Z","","","","OnTrack","0","2","88","Projeto FV"
"https://app.process.st/runs/iPoP8wZUeb8H0Vx7hA1D3w","Daniela Santos Tosta AUMENTO - 11093-F","gabriel@gaussenergia.com.br group-698ea497-ec60-4bde-b165-b8f9ccbb0cfe@process.st","2025-01-28T17:07:27.763Z","2026-09-17T12:02:56.875Z","","","","Overdue","3","22","88","Projeto FV"
"https://app.process.st/runs/joFGo1kOXLQBoK8D8DF1Mg","Paulo Egle Matos Amaral ADEQUAÇAO - 11039-F","gabriel@gaussenergia.com.br group-aa595f0b-d840-4fcb-8407-a22a023e7e0d@process.st","2026-09-17T10:57:46.033Z","2026-09-17T11:07:35.391Z","","","","OnTrack","0","2","88","Projeto FV"
"https://app.process.st/runs/vq-67ecWfd503jnil_1Kdg","Luciano Fonseca Oliveira Lima - 15445-F","pedro.pantaleao@gaussenergia.com.br group-698ea497-ec60-4bde-b165-b8f9ccbb0cfe@process.st group-aa595f0b-d840-4fcb-8407-a22a023e7e0d@process.st","2026-07-17T12:44:18.826Z","2026-09-16T19:51:32.123Z","","","","OnTrack","0","14","88","Projeto FV"
"https://app.process.st/runs/pko-FG9EAevO60obj31DbQ","Paulo Ricardo Molinari Scatalon - 15776-F","pedro.pantaleao@gaussenergia.com.br group-698ea497-ec60-4bde-b165-b8f9ccbb0cfe@process.st group-aa595f0b-d840-4fcb-8407-a22a023e7e0d@process.st","2026-08-28T19:44:48.993Z","2026-09-16T19:41:32.520Z","","","","OnTrack","0","13","88","Projeto FV"
"https://app.process.st/runs/rBUu5wxLWMEBoKtrhCJ0DA","Mauricio Nogueira da Silva ADEQUAÇAO - 10740-F","gabriel@gaussenergia.com.br group-aa595f0b-d840-4fcb-8407-a22a023e7e0d@process.st","2026-09-16T18:12:25.250Z","2026-09-16T18:19:30.268Z","","","","OnTrack","0","2","88","Projeto FV"
"https://app.process.st/runs/nDxdjs2sz3NGwXp53LxMeg","Cristina Ferreira Matos ADEQUAÇAO 5677-F","gabriel@gaussenergia.com.br group-aa595f0b-d840-4fcb-8407-a22a023e7e0d@process.st","2026-09-11T18:37:38.547Z","2026-09-16T17:48:38.913Z","","","","OnTrack","0","3","88","Projeto FV"
"https://app.process.st/runs/gZZRr0ZjWMEBoKsfK8p0-w","Maria Rosangela Figueiredo Santos ADEQUAÇAO - 10708-F","gabriel@gaussenergia.com.br group-aa595f0b-d840-4fcb-8407-a22a023e7e0d@process.st","2026-09-16T16:49:01.898Z","2026-09-16T16:57:16.382Z","","","","OnTrack","0","2","88","Projeto FV"
"https://app.process.st/runs/nMkhXBeAD6CkRgOgbP1LVg","Marcos Silva Gordilho AUMENTO DE EMPRESA TERCEIRA - 15846-F","pedro.pantaleao@gaussenergia.com.br group-698ea497-ec60-4bde-b165-b8f9ccbb0cfe@process.st group-aa595f0b-d840-4fcb-8407-a22a023e7e0d@process.st","2026-09-14T18:59:16.562Z","2026-09-16T15:00:21.668Z","","","","OnTrack","0","2","88","Projeto FV"
"https://app.process.st/runs/o_n-VQsgs-dyChMEfwRD0g","Filipe de Medeiros Cavalcante - 15527-F","pedro.pantaleao@gaussenergia.com.br group-aa595f0b-d840-4fcb-8407-a22a023e7e0d@process.st","2026-07-28T13:04:50.729Z","2026-09-16T14:56:51.726Z","","","","Overdue","2","19","88","Projeto FV"
"https://app.process.st/runs/rwphlAGVjoIk9lTQkM1FfQ","GMG Solar SPE Ltda 11 / Fazenda Marcelino","pedro.pantaleao@gaussenergia.com.br group-698ea497-ec60-4bde-b165-b8f9ccbb0cfe@process.st","2022-11-04T14:51:49.993Z","2026-09-16T13:28:18.998Z","","","","Overdue","3","25","88","Projeto FV"
"https://app.process.st/runs/tNNZVeLJCPg6kkokMhNItw","GMG Solar SPE Ltda 10 / Messias","pedro.pantaleao@gaussenergia.com.br","2023-01-04T12:13:59.786Z","2026-09-16T13:21:12.064Z","","","","Overdue","3","21","88","Projeto FV"
"https://app.process.st/runs/tEJ3z8Vkwg31GHBoScZFBg","GMG Solar SPE Ltda 8 / Gameleira Sao Gabriel","pedro.pantaleao@gaussenergia.com.br","2022-12-23T17:22:25.917Z","2026-09-16T13:09:45.571Z","","","","Overdue","3","24","88","Projeto FV"
"https://app.process.st/runs/o2TQbJOohfrCz86nlthKEg","GMG Solar SPE Ltda 9 / Teodoro Lapão","pedro.pantaleao@gaussenergia.com.br","2022-12-23T16:58:53.764Z","2026-09-16T13:03:37.216Z","","","","Overdue","3","20","88","Projeto FV"
"https://app.process.st/runs/v58ZoNBougxmbVNk7t1I8g","GMG Solar SPE Ltda 2 / Mocozeiro-Irecê","pedro.pantaleao@gaussenergia.com.br group-698ea497-ec60-4bde-b165-b8f9ccbb0cfe@process.st","2022-01-17T19:56:59.082Z","2026-09-16T13:00:03.408Z","","","","Overdue","3","30","88","Projeto FV"
"https://app.process.st/runs/iuT0QIVpyuOJTK16QuBAoA","GMG Solar SPE Ltda 6 / Caraibas","pedro.pantaleao@gaussenergia.com.br group-698ea497-ec60-4bde-b165-b8f9ccbb0cfe@process.st","2022-10-21T12:27:38.078Z","2026-09-16T12:44:11.182Z","","","","Overdue","3","20","88","Projeto FV"
"https://app.process.st/runs/iKAieHZLCpE0DErvT95FkA","GMG Solar SPE Ltda 5 / Ceasa- cassange","pedro.pantaleao@gaussenergia.com.br group-698ea497-ec60-4bde-b165-b8f9ccbb0cfe@process.st","2022-09-12T14:04:03.377Z","2026-09-16T12:38:50.947Z","","","","Overdue","3","24","88","Projeto FV"
"https://app.process.st/runs/sO5nxNzqb1JlSx7gfGRIwQ","GMG Solar SPE Ltda 1 / Red / MPG Alimentos","pedro.pantaleao@gaussenergia.com.br group-698ea497-ec60-4bde-b165-b8f9ccbb0cfe@process.st","2022-01-07T20:05:04.733Z","2026-09-16T12:33:05.150Z","","","","Overdue","3","27","88","Projeto FV"
"https://app.process.st/runs/iOWNWls0aN5FnQ5oJ5JAYA","Gerson Luis Severgnini 2 - 14139.2-F","gabriel@gaussenergia.com.br group-aa595f0b-d840-4fcb-8407-a22a023e7e0d@process.st","2026-02-11T18:11:43.460Z","2026-09-16T12:30:22.781Z","","","","Overdue","1","18","88","Projeto FV"
"https://app.process.st/runs/oplqFzS2srqP2PoXichJYA","Edilson Almeida Dos Santos - 14876-F","pedro.pantaleao@gaussenergia.com.br group-aa595f0b-d840-4fcb-8407-a22a023e7e0d@process.st","2026-02-20T19:23:54.453Z","2026-09-16T11:54:02.167Z","","","","OnTrack","0","13","88","Projeto FV"
"https://app.process.st/runs/kfTvu4dbXjAGlKqpA0tLcw","Uendel Vasconcelos Esteves de Jesus 3 / Sao Marcos - 15039.3-F","pedro.pantaleao@gaussenergia.com.br group-aa595f0b-d840-4fcb-8407-a22a023e7e0d@process.st","2026-09-08T19:49:53.400Z","2026-09-16T11:53:54.113Z","","","","OnTrack","0","12","88","Projeto FV"
"https://app.process.st/runs/mCgMEW4gq-EgGl0q0IdKsw","Luiz Ancelmo Santana Lima - 15683-F","pedro.pantaleao@gaussenergia.com.br group-aa595f0b-d840-4fcb-8407-a22a023e7e0d@process.st","2026-08-11T17:53:27.990Z","2026-09-16T11:53:35.081Z","","","","OnTrack","0","12","88","Projeto FV"
"https://app.process.st/runs/phoerslrvYqMubY79FRB6Q","Cosmelira da Hora Melo AUMENTO 7938-F","pedro.pantaleao@gaussenergia.com.br group-aa595f0b-d840-4fcb-8407-a22a023e7e0d@process.st","2026-08-07T14:59:59.997Z","2026-09-15T20:09:24.737Z","","","","Overdue","1","19","88","Projeto FV"
"https://app.process.st/runs/o8oHEWIyLF24ONiDUj1DNg","Cristovao Geronimo Araujo - 15496-F","pedro.pantaleao@gaussenergia.com.br group-aa595f0b-d840-4fcb-8407-a22a023e7e0d@process.st","2026-06-03T18:26:13.237Z","2026-09-15T14:32:43.563Z","","","","Overdue","3","18","88","Projeto FV"
"https://app.process.st/runs/o4sVhPWGrmP382rlH1ZPbA","Climec Clinica M Centralizada ADEQUAÇAO - 1239-F","gabriel@gaussenergia.com.br group-aa595f0b-d840-4fcb-8407-a22a023e7e0d@process.st","2026-05-29T19:42:29.296Z","2026-09-15T14:13:39.093Z","","","","Overdue","3","18","88","Projeto FV"
"https://app.process.st/runs/pOyxchht4Z49sOugPZhOlw","Santo Amaro Derivados de Petroleo AUMENTO / Sto Amaro / Marize Prado 5225-F","pedro.pantaleao@gaussenergia.com.br","2026-03-04T12:49:22.998Z","2026-09-15T11:33:31.186Z","","","","Overdue","2","23","88","Projeto FV"
"https://app.process.st/runs/gbQu_oTS55Fc1qHkibtLxA","Joao Almeida Teles -> Tatiana Nogueira da Silva 10688-F","pedro.pantaleao@gaussenergia.com.br","2023-12-18T16:00:22.313Z","2026-09-14T19:03:20.947Z","","","","Overdue","2","20","88","Projeto FV"
"https://app.process.st/runs/vuBgYq-vmS5M4BD6JIpPbw","Elaeyde Freitas da Silva Carvalho ADEQUAÇAO - 10673-F","gabriel@gaussenergia.com.br group-aa595f0b-d840-4fcb-8407-a22a023e7e0d@process.st","2026-09-14T18:44:57.726Z","2026-09-14T18:49:22.974Z","","","","OnTrack","0","2","88","Projeto FV"
"https://app.process.st/runs/k7qJcK5jrX9egM-61NZOiw","Lucineia da Silva Cruz ADEQUAÇAO - 10621-F","gabriel@gaussenergia.com.br group-aa595f0b-d840-4fcb-8407-a22a023e7e0d@process.st","2026-09-14T18:15:20.145Z","2026-09-14T18:20:06.466Z","","","","OnTrack","0","2","88","Projeto FV"
"https://app.process.st/runs/oM82mOm3Z5NrpwD_LhBG6Q","Eneida Lima de Almeida ADEQUAÇAO - 10560-F","gabriel@gaussenergia.com.br group-aa595f0b-d840-4fcb-8407-a22a023e7e0d@process.st","2026-09-14T17:09:37.123Z","2026-09-14T17:13:34.394Z","","","","OnTrack","0","2","88","Projeto FV"
"https://app.process.st/runs/jQ3ESAkQrz9HdJU0zHhLng","Suelen Oliveira Antunes Nogueira ADEQUAÇAO - 10322-F","gabriel@gaussenergia.com.br group-aa595f0b-d840-4fcb-8407-a22a023e7e0d@process.st","2026-09-14T16:57:39.221Z","2026-09-14T17:01:05.199Z","","","","OnTrack","0","2","88","Projeto FV"
"https://app.process.st/runs/kIOqnBFaYT-AQZj5VEtAMQ","Raphael Daumas Rego ADEQUAÇAO - 10309-F","gabriel@gaussenergia.com.br group-aa595f0b-d840-4fcb-8407-a22a023e7e0d@process.st","2026-09-14T14:03:20.261Z","2026-09-14T16:47:54.707Z","","","","OnTrack","0","2","88","Projeto FV"
"https://app.process.st/runs/pdwVe6qTPTeR_X6wjERKLQ","Jacio Cruz Camandaroba - 15185-F","pedro.pantaleao@gaussenergia.com.br group-aa595f0b-d840-4fcb-8407-a22a023e7e0d@process.st","2026-07-01T16:44:13.647Z","2026-09-14T14:39:33.084Z","","","","Overdue","3","18","88","Projeto FV"
"https://app.process.st/runs/oJCeQp9ma6QMZYEsGsND1g","Ralph Emerson Cavalcanti de Cerqueira - 15485-F","pedro.pantaleao@gaussenergia.com.br group-aa595f0b-d840-4fcb-8407-a22a023e7e0d@process.st","2026-06-02T19:04:05.287Z","2026-09-14T14:38:17.772Z","","","","Overdue","3","18","88","Projeto FV"
"https://app.process.st/runs/qpsOg7JqnDp6vMuHLOZA8g","Matheus Sena Oliveira - Andrea dos Santos Sena - 15136-F","pedro.pantaleao@gaussenergia.com.br group-698ea497-ec60-4bde-b165-b8f9ccbb0cfe@process.st group-aa595f0b-d840-4fcb-8407-a22a023e7e0d@process.st","2026-04-27T15:00:46.276Z","2026-09-14T14:33:09.806Z","","","","Overdue","4","20","88","Projeto FV"
"https://app.process.st/runs/pZ_9-zyFVnCW52n3N3lK3Q","Girlene Regina de Sousa - 15601-F","pedro.pantaleao@gaussenergia.com.br group-698ea497-ec60-4bde-b165-b8f9ccbb0cfe@process.st group-aa595f0b-d840-4fcb-8407-a22a023e7e0d@process.st","2026-07-28T13:29:54.465Z","2026-09-14T14:29:27.462Z","","","","Overdue","1","8","88","Projeto FV"
"https://app.process.st/runs/gdJO8yw5oRxuiawB83xD6Q","Associaçao Blue Sky 2 / Lapao / terreno Yasmin - 15181.2-F","pedro.pantaleao@gaussenergia.com.br group-aa595f0b-d840-4fcb-8407-a22a023e7e0d@process.st","2026-06-10T19:14:21.272Z","2026-09-14T14:28:04.814Z","","","","Overdue","5","19","88","Projeto FV"
"https://app.process.st/runs/iiea_lhS_f0EuHAflhJL7Q","SCR Constuora Ltda / Mansao Egeu 14527-F","pedro.pantaleao@gaussenergia.com.br group-aa595f0b-d840-4fcb-8407-a22a023e7e0d@process.st","2026-02-20T19:03:28.246Z","2026-09-14T12:26:24.660Z","","","","OnTrack","0","3","88","Projeto FV"
"https://app.process.st/runs/nbUorSrsqChZ2cIbIjlKsw","Bomboniere Nunes  / Josefa Ferreira Neta Nunes ADEQUAÇAO 1525-F","gabriel@gaussenergia.com.br group-aa595f0b-d840-4fcb-8407-a22a023e7e0d@process.st","2026-09-02T19:49:51.119Z","2026-09-13T11:00:09.634Z","","","","Overdue","1","8","88","Projeto FV"
"https://app.process.st/runs/jgro_uAhNSF-j9oXXFtMSQ","Stoque Patrimonial LTDA AUMENTO 2 - 11862-F","pedro.pantaleao@gaussenergia.com.br group-698ea497-ec60-4bde-b165-b8f9ccbb0cfe@process.st group-aa595f0b-d840-4fcb-8407-a22a023e7e0d@process.st","2026-04-27T14:32:16.096Z","2026-09-12T17:25:04.779Z","","","","Overdue","4","20","88","Projeto FV"
"https://app.process.st/runs/oCxpDQHt2wBSsxOO3ixBMQ","Frutop Agropecuaria Ltda ME 1 / Lot Empresarial 242 / Frutop II - 14337.1-F","pedro.pantaleao@gaussenergia.com.br group-aa595f0b-d840-4fcb-8407-a22a023e7e0d@process.st","2026-04-06T17:36:07.904Z","2026-09-12T17:18:13.492Z","","","","Overdue","3","18","88","Projeto FV"
"https://app.process.st/runs/i9t0K9d-65ydku-HM9pDBw","Thiago Carvalho Cardoso 2 - 14999-F","pedro.pantaleao@gaussenergia.com.br group-aa595f0b-d840-4fcb-8407-a22a023e7e0d@process.st","2026-04-24T17:58:28.750Z","2026-09-11T19:35:10.893Z","","","","Overdue","4","19","88","Projeto FV"
"https://app.process.st/runs/rHWMcmP7ucGgpuCKf9tCZw","Paulo Roberto Manicoba / Souza e Cavalcante ADEQUAÇAO 3932-F","gabriel@gaussenergia.com.br group-aa595f0b-d840-4fcb-8407-a22a023e7e0d@process.st","2026-09-11T19:26:53.729Z","2026-09-11T19:30:42.008Z","","","","OnTrack","0","2","88","Projeto FV"
"https://app.process.st/runs/svytS1EsPdcttMBRRpJLyg","Sergio Perez - Fazendinha 4241-F","gabriel@gaussenergia.com.br group-698ea497-ec60-4bde-b165-b8f9ccbb0cfe@process.st","2021-01-06T22:12:18.661Z","2026-09-11T19:26:24.726Z","","","","Overdue","3","17","88","Projeto FV"
"https://app.process.st/runs/q5H4uyGiSnVNXUQ0-UtHZA","Marcia Maria Assis de Paula Silva - 15270-F","pedro.pantaleao@gaussenergia.com.br group-aa595f0b-d840-4fcb-8407-a22a023e7e0d@process.st","2026-06-10T14:28:24.561Z","2026-09-11T19:24:46.645Z","","","","Overdue","3","18","88","Projeto FV"
"https://app.process.st/runs/naodo9InqWtUGNCKjBtEjw","Cris Iasmin Miranda Martins ADEQUAÇAO 4221-F","gabriel@gaussenergia.com.br group-aa595f0b-d840-4fcb-8407-a22a023e7e0d@process.st","2026-09-11T18:52:25.482Z","2026-09-11T19:00:32.326Z","","","","OnTrack","0","2","88","Projeto FV"
"https://app.process.st/runs/sTO7_uCngiUJaAuznkZNWw","Helder Tiago Costa Santos AUMENTO 2 / Mauricio Almeida Coelho 8364-F","pedro.pantaleao@gaussenergia.com.br group-aa595f0b-d840-4fcb-8407-a22a023e7e0d@process.st","2026-02-20T18:45:31.941Z","2026-09-11T18:15:52.939Z","","","","Overdue","2","19","88","Projeto FV"
"https://app.process.st/runs/kOO_9EGG_jODQhizwr1D0w","Maria da Conceicao Nunes Reboucas Moitinho / Lucas Reboucas  / Augusto Pericles ADEQUAÇAO - 5074-F","gabriel@gaussenergia.com.br group-aa595f0b-d840-4fcb-8407-a22a023e7e0d@process.st","2026-09-11T16:46:38.266Z","2026-09-11T16:57:20.773Z","","","","OnTrack","0","2","88","Projeto FV"
"https://app.process.st/runs/tT1kqN0c2ViujLFogHhBiQ","JMA Solar SPE 8 / Lagoa Nova - 15701-F","pedro.pantaleao@gaussenergia.com.br group-aa595f0b-d840-4fcb-8407-a22a023e7e0d@process.st","2026-08-05T14:00:13.882Z","2026-09-11T14:16:58.810Z","","","","Overdue","1","16","88","Projeto FV"
"https://app.process.st/runs/h-vp1JiesPuUqz_Ms9ZDig","JMA Solar SPE 7 / Terreno Neguinho - 15691-F","pedro.pantaleao@gaussenergia.com.br group-aa595f0b-d840-4fcb-8407-a22a023e7e0d@process.st","2026-08-10T15:23:30.786Z","2026-09-11T14:13:46.830Z","","","","Overdue","2","19","88","Projeto FV"
"https://app.process.st/runs/q3tMrBUv08ICNHqZ2HhHWA","Elcio do Amparo Reis AUMENTO DE PROJETO TERCEIRO - 15682-F","pedro.pantaleao@gaussenergia.com.br group-aa595f0b-d840-4fcb-8407-a22a023e7e0d@process.st","2026-08-03T18:53:10.676Z","2026-09-11T14:10:53.807Z","","","","Overdue","2","18","88","Projeto FV"
"https://app.process.st/runs/v9ZS6KkL-fQ45XD85bZBAQ","Andrea Abbehusen Alves - 15586-F","pedro.pantaleao@gaussenergia.com.br group-aa595f0b-d840-4fcb-8407-a22a023e7e0d@process.st","2026-08-03T19:21:06.102Z","2026-09-11T14:09:54.806Z","","","","Overdue","2","18","88","Projeto FV"
"https://app.process.st/runs/r8M0AlYAMpmbbTHq2jhHYA","Rosman Jose Vale Lima ADEQUAÇAO 5571-F","gabriel@gaussenergia.com.br group-aa595f0b-d840-4fcb-8407-a22a023e7e0d@process.st","2026-07-24T19:01:49.945Z","2026-09-11T14:08:38.820Z","","","","Overdue","2","18","88","Projeto FV"
"https://app.process.st/runs/pYMeNz6Q5PBCZ27yaeZBuA","Marcos Roberto Nogueira da Silva ADEQUAÇAO - 4578-F","gabriel@gaussenergia.com.br group-aa595f0b-d840-4fcb-8407-a22a023e7e0d@process.st","2026-07-24T18:31:28.131Z","2026-09-11T14:07:53.807Z","","","","Overdue","2","18","88","Projeto FV"
"https://app.process.st/runs/k7tl2ltvAVtYhiMe7DNBWw","Tompso Manfrine Ezelson Junior O Machado AUMENTO - 10314-F","pedro.pantaleao@gaussenergia.com.br group-aa595f0b-d840-4fcb-8407-a22a023e7e0d@process.st","2026-07-30T18:42:10.919Z","2026-09-11T14:06:15.823Z","","","","Overdue","2","19","88","Projeto FV"
"https://app.process.st/runs/ia8-LOo3TZzvq96tO09Nxw","Marina Sampaio Ribeiro AUMENTO - 10360-f","pedro.pantaleao@gaussenergia.com.br group-aa595f0b-d840-4fcb-8407-a22a023e7e0d@process.st","2026-07-07T18:50:44.021Z","2026-09-10T19:35:53.713Z","","","","Overdue","2","18","88","Projeto FV"
"https://app.process.st/runs/tbfDyrkHQHTuKHZLuJlKSA","Diskol Dist de Bebidas Skol 3 / Xique-Xique - 15440-F","pedro.pantaleao@gaussenergia.com.br group-aa595f0b-d840-4fcb-8407-a22a023e7e0d@process.st","2026-06-12T15:23:36.982Z","2026-09-10T19:28:51.741Z","","","","Overdue","2","18","88","Projeto FV"
"https://app.process.st/runs/mogIep7exOhzpgQKfaBPTw","Farmag Farmacia Magistral de Feira / Ales Virgens / Grupo Velanes ADEQUAÇAO 4517-F","gabriel@gaussenergia.com.br group-aa595f0b-d840-4fcb-8407-a22a023e7e0d@process.st","2026-09-10T18:35:17.111Z","2026-09-10T18:54:58.711Z","","","","OnTrack","0","2","88","Projeto FV"
"https://app.process.st/runs/hGJChJfbkjSaQFoGUsJGAQ","M A S Calçados Eireli / Topada Calçados / Liane Martins da Silveira 3472-F","pedro.pantaleao@gaussenergia.com.br group-698ea497-ec60-4bde-b165-b8f9ccbb0cfe@process.st","2021-12-06T18:06:39.976Z","2026-09-10T18:22:04.022Z","","","","Overdue","3","31","88","Projeto FV"
"https://app.process.st/runs/ieUYnPAmhWHxF20ebqxJXQ","Juraci Mercadinho Miranda ADEQUAÇAO 3056-F","gabriel@gaussenergia.com.br group-aa595f0b-d840-4fcb-8407-a22a023e7e0d@process.st","2026-09-10T16:33:10.951Z","2026-09-10T17:06:01.022Z","","","","OnTrack","0","2","88","Projeto FV"
"https://app.process.st/runs/iGffk8_xCOiVDzKGrtdBOQ","Joao Vitor Queiroz Barreto/ Joildo / GC Queiroz 2 ADEQUAÇAO 2961-F","gabriel@gaussenergia.com.br group-aa595f0b-d840-4fcb-8407-a22a023e7e0d@process.st","2026-09-10T14:50:14.390Z","2026-09-10T14:58:34.140Z","","","","OnTrack","0","2","88","Projeto FV"
"https://app.process.st/runs/iEtoiauy9rXpp8WXcmpIXA","Andre Luiz Miranda Costa 2 - 15699-F","pedro.pantaleao@gaussenergia.com.br group-aa595f0b-d840-4fcb-8407-a22a023e7e0d@process.st","2026-08-21T19:01:25.223Z","2026-09-10T14:51:22.309Z","","","","OnTrack","0","12","88","Projeto FV"
"https://app.process.st/runs/mHU_9AEdfd-Kl6FDebZDtQ","Condominio do Edificio Engenheiro Oscar Pontes - 15555-F","pedro.pantaleao@gaussenergia.com.br group-aa595f0b-d840-4fcb-8407-a22a023e7e0d@process.st","2026-08-26T14:16:54.163Z","2026-09-10T14:51:07.987Z","","","","OnTrack","0","15","88","Projeto FV"
"https://app.process.st/runs/rB_inZgh1nBmi7b5prBL-Q","Jose da Silva Duarte 2 - 15689.2-F","pedro.pantaleao@gaussenergia.com.br group-aa595f0b-d840-4fcb-8407-a22a023e7e0d@process.st","2026-08-18T17:47:51.549Z","2026-09-10T14:50:59.647Z","","","","OnTrack","0","12","88","Projeto FV"
"https://app.process.st/runs/vyJS7d5E3UrMtD_Z6YtIyg","Escola Criativa 2 ADEQUAÇAO 1791.2-F","gabriel@gaussenergia.com.br group-aa595f0b-d840-4fcb-8407-a22a023e7e0d@process.st","2026-09-10T13:33:35.282Z","2026-09-10T13:43:21.902Z","","","","OnTrack","0","2","88","Projeto FV"
"https://app.process.st/runs/jVtrZN9eriU7Mes03oRN-Q","Escola Criativa 2 1791.2-F","pedro.pantaleao@gaussenergia.com.br","2019-05-06T18:27:17.665Z","2026-09-10T13:42:49.531Z","","","","Overdue","5","20","88","Projeto FV"
"https://app.process.st/runs/n4-OHFVeOEQFnkyjLXBIdw","Escola Criativa 1 - Ensino Fundamental ADEQUAÇAO 1791.1-F","gabriel@gaussenergia.com.br group-aa595f0b-d840-4fcb-8407-a22a023e7e0d@process.st","2026-09-10T13:21:53.644Z","2026-09-10T13:40:09.872Z","","","","OnTrack","0","2","88","Projeto FV"
"https://app.process.st/runs/o4a6ZYFBF5OU4S751TdChg","Paulo Henrique Figueiredo ADEQUAÇAO 2746-F","gabriel@gaussenergia.com.br group-aa595f0b-d840-4fcb-8407-a22a023e7e0d@process.st","2026-09-10T12:59:24.852Z","2026-09-10T13:03:41.976Z","","","","OnTrack","0","2","88","Projeto FV"
"https://app.process.st/runs/pWiL2bzdzUKA1lqMrqlLlQ","Rildo Vieira da Silva ADEQUAÇAO 2682-F","gabriel@gaussenergia.com.br group-aa595f0b-d840-4fcb-8407-a22a023e7e0d@process.st","2026-09-10T12:42:07.747Z","2026-09-10T12:45:32.248Z","","","","OnTrack","0","2","88","Projeto FV"
"https://app.process.st/runs/pSuTxZp3TftbPZYfo0ZLHA","Sandro Arias Amorim - 15388-F","pedro.pantaleao@gaussenergia.com.br group-698ea497-ec60-4bde-b165-b8f9ccbb0cfe@process.st group-aa595f0b-d840-4fcb-8407-a22a023e7e0d@process.st","2026-07-21T19:32:43.165Z","2026-09-10T12:44:08.939Z","","","","Overdue","2","19","88","Projeto FV"
"https://app.process.st/runs/t5Ou-YE9A3bsNhMxzclCew","Flavio Jorge Pinho dos Santos - 15552-F","pedro.pantaleao@gaussenergia.com.br group-698ea497-ec60-4bde-b165-b8f9ccbb0cfe@process.st group-aa595f0b-d840-4fcb-8407-a22a023e7e0d@process.st","2026-07-07T17:14:40.932Z","2026-09-10T11:52:06.010Z","","","","Overdue","2","20","88","Projeto FV"
"https://app.process.st/runs/mGWDbiV97fpXAdGbW-ZGNw","Arenilton Paulo dos Santos 2 - Luciane Maria Gasparetto - 15320-F","pedro.pantaleao@gaussenergia.com.br group-aa595f0b-d840-4fcb-8407-a22a023e7e0d@process.st","2026-07-31T14:21:24.647Z","2026-09-10T11:41:46.457Z","","","","Overdue","2","18","88","Projeto FV"
"https://app.process.st/runs/iGz3ESfipjFHkDln9F5OJw","Joaci Marques Nunes - 15647-F","pedro.pantaleao@gaussenergia.com.br group-aa595f0b-d840-4fcb-8407-a22a023e7e0d@process.st","2026-08-07T13:43:55.269Z","2026-09-10T11:33:33.753Z","","","","Overdue","2","18","88","Projeto FV"
"https://app.process.st/runs/j034DD5U1MaOhPhoTDZLzA","Manoel Soares ADEQUAÇAO 2191-F","gabriel@gaussenergia.com.br group-aa595f0b-d840-4fcb-8407-a22a023e7e0d@process.st","2026-09-10T11:26:54.874Z","2026-09-10T11:31:51.142Z","","","","OnTrack","0","2","88","Projeto FV"
"https://app.process.st/runs/ieFVxyAYt4kkaoG1pEJHwg","Eudes Gomes Santiago - 12021-F","pedro.pantaleao@gaussenergia.com.br group-698ea497-ec60-4bde-b165-b8f9ccbb0cfe@process.st","2024-10-03T17:28:02.382Z","2026-09-09T20:12:39.904Z","","","","Overdue","3","21","88","Projeto FV"
"https://app.process.st/runs/qVVagAZTnIZ56gEXlV1Pcg","Carmela Ferreira Campos Tripodi - 10781-F","pedro.pantaleao@gaussenergia.com.br group-698ea497-ec60-4bde-b165-b8f9ccbb0cfe@process.st","2024-04-16T19:05:50.260Z","2026-09-09T20:05:47.424Z","","","","Overdue","3","21","88","Projeto FV"
"https://app.process.st/runs/vEnWL_LJ2KnbnIz45elOkQ","Jemima Diniz Gonçalves da R. Guimaraes - 7044-F","pedro.pantaleao@gaussenergia.com.br group-698ea497-ec60-4bde-b165-b8f9ccbb0cfe@process.st","2022-01-26T17:24:26.515Z","2026-09-09T19:52:17.033Z","","","","Overdue","2","24","88","Projeto FV"
"https://app.process.st/runs/tn_mmdkAO2FREfZFaZpBJw","Roberto Cardoso de Sousa - 12548-F","pedro.pantaleao@gaussenergia.com.br group-698ea497-ec60-4bde-b165-b8f9ccbb0cfe@process.st","2025-01-20T14:46:55.404Z","2026-09-09T19:49:42.266Z","","","","Overdue","2","21","88","Projeto FV"
"https://app.process.st/runs/qvIHKSgUbD0wMeLzGedBcA","Francisco Leandro da Silva / Francihelen 9261-F","pedro.pantaleao@gaussenergia.com.br group-698ea497-ec60-4bde-b165-b8f9ccbb0cfe@process.st","2022-12-29T16:44:23.801Z","2026-09-09T19:15:44.402Z","","","","Overdue","3","24","88","Projeto FV"
"https://app.process.st/runs/jITfrLIEktIkdyOsN8tP0w","Marcia Ferreira dos Santos Silva AUMENTO DE PROJETO TERCEIRO - 13727-F","pedro.pantaleao@gaussenergia.com.br group-aa595f0b-d840-4fcb-8407-a22a023e7e0d@process.st","2025-08-21T17:38:48.932Z","2026-09-08T17:42:01.800Z","","","","Overdue","2","24","88","Projeto FV"
"https://app.process.st/runs/k9FPCDUIr7pNBv1zte5B5w","Winner Tennis Patrimonial Ltda AUMENTO DE PROJETO TERCEIRO - 13985-F","pedro.pantaleao@gaussenergia.com.br group-aa595f0b-d840-4fcb-8407-a22a023e7e0d@process.st","2026-07-03T14:59:35.358Z","2026-09-08T17:39:21.440Z","","","","Overdue","2","19","88","Projeto FV"
"https://app.process.st/runs/pipiVsbDxoTEL28IoDdOmg","Lucas Vinicius Nascimento da Paixao - 15172-F","pedro.pantaleao@gaussenergia.com.br group-aa595f0b-d840-4fcb-8407-a22a023e7e0d@process.st","2026-04-14T18:57:15.521Z","2026-09-08T17:20:07.447Z","","","","Overdue","4","17","88","Projeto FV"
"https://app.process.st/runs/k3CRNr2CR0YO2LtfDQlOeQ","Marcos Mamede Harbibe AUMENTO / Portal do Reconcavo 5219-F","pedro.pantaleao@gaussenergia.com.br group-aa595f0b-d840-4fcb-8407-a22a023e7e0d@process.st","2026-03-04T12:57:07.899Z","2026-09-08T17:18:20.602Z","","","","Overdue","2","19","88","Projeto FV"
"https://app.process.st/runs/oi_V-WG89OqC4IF-TL5EiQ","CH - Cathala Serviços Medicos Ltda - 15298-F","pedro.pantaleao@gaussenergia.com.br group-698ea497-ec60-4bde-b165-b8f9ccbb0cfe@process.st group-aa595f0b-d840-4fcb-8407-a22a023e7e0d@process.st","2026-05-22T17:16:26.292Z","2026-09-08T16:54:15.812Z","","","","Overdue","4","18","88","Projeto FV"
"https://app.process.st/runs/jfawd3TuHjhfq6iAUIlHwQ","Condominio Edificio Jardim do Imbui - 15200-F","pedro.pantaleao@gaussenergia.com.br group-aa595f0b-d840-4fcb-8407-a22a023e7e0d@process.st","2026-05-15T17:07:03.694Z","2026-09-05T13:01:31.897Z","","","","Overdue","3","18","88","Projeto FV"
"https://app.process.st/runs/qgF4WyYy_Oez27s7J_5OPA","GMG Solar SPE Ltda Joao / Fazenda Joao Marlon -> JMA Solar SPE Ltda ATUALIZAÇAO 8797-F","pedro.pantaleao@gaussenergia.com.br group-aa595f0b-d840-4fcb-8407-a22a023e7e0d@process.st","2026-08-10T17:23:05.767Z","2026-09-04T20:04:56.235Z","","","","Overdue","2","19","88","Projeto FV"
"https://app.process.st/runs/sq38vxTvEvM_K1LlagZECA","Eurides Alves da Silva dos Santos AUMENTO - Chico Obras - 11164-F","pedro.pantaleao@gaussenergia.com.br group-aa595f0b-d840-4fcb-8407-a22a023e7e0d@process.st","2026-07-07T19:03:19.141Z","2026-09-04T14:56:55.827Z","","","","Overdue","2","18","88","Projeto FV"
"https://app.process.st/runs/nYs9MJyq1JkotIhRcE9ODg","Vinicius Patricio Lacerda ADEQUAÇAO 4476-F","gabriel@gaussenergia.com.br group-aa595f0b-d840-4fcb-8407-a22a023e7e0d@process.st","2026-07-24T17:38:38.789Z","2026-09-04T14:52:11.205Z","","","","Overdue","2","18","88","Projeto FV"
"https://app.process.st/runs/sHox8JegsvHhMMZ0cSBKmQ","Bysbom Industria e Comercio de Sorvetes LTDA EPP 2 / Vizinho da Fabrica ADEQUAÇAO - 10132.1-F","gabriel@gaussenergia.com.br group-aa595f0b-d840-4fcb-8407-a22a023e7e0d@process.st","2026-07-16T12:36:38.267Z","2026-09-04T14:47:59.929Z","","","","Overdue","2","18","88","Projeto FV"
"https://app.process.st/runs/kWOEvUXi5ocw8JDQjpFBzg","Darilene Bispo Oliveira de Araujo ADEQUAÇAO 10142-F","gabriel@gaussenergia.com.br group-aa595f0b-d840-4fcb-8407-a22a023e7e0d@process.st","2026-07-16T14:20:11.393Z","2026-09-04T14:45:41.531Z","","","","Overdue","2","17","88","Projeto FV"
"https://app.process.st/runs/sFn_5972JuRKV9j0eWlHuQ","Nanci Guedes Bessa - 13475-F","pedro.pantaleao@gaussenergia.com.br group-aa595f0b-d840-4fcb-8407-a22a023e7e0d@process.st","2026-07-09T14:23:56.422Z","2026-09-04T14:34:46.182Z","","","","Overdue","2","19","88","Projeto FV"
"https://app.process.st/runs/kdY2l1dpSG5OkNk0QC1PxQ","Maria das Virgens da Silva Pimenta / Vivi Serviços Empresariais ADEQUAÇAO 3925-F","gabriel@gaussenergia.com.br group-aa595f0b-d840-4fcb-8407-a22a023e7e0d@process.st","2026-07-24T17:17:16.310Z","2026-09-04T14:31:42.515Z","","","","Overdue","2","18","88","Projeto FV"
"https://app.process.st/runs/lJvOJdWlqIMNAyDWrZVLRw","Frankilin Rodrigues e Rodrigues - 15407-F","pedro.pantaleao@gaussenergia.com.br group-698ea497-ec60-4bde-b165-b8f9ccbb0cfe@process.st group-aa595f0b-d840-4fcb-8407-a22a023e7e0d@process.st","2026-05-29T17:34:59.282Z","2026-09-04T14:28:47.041Z","","","","Overdue","3","19","88","Projeto FV"
"https://app.process.st/runs/pCXTeWu5175p527MdF1Fsg","Nicolau Pereira Moura REALOCAÇAO / Francisca Rocha / ELMO 7025-F","pedro.pantaleao@gaussenergia.com.br group-698ea497-ec60-4bde-b165-b8f9ccbb0cfe@process.st group-aa595f0b-d840-4fcb-8407-a22a023e7e0d@process.st","2026-07-03T16:22:23.200Z","2026-09-04T14:23:27.825Z","","","","Overdue","3","22","88","Projeto FV"
"https://app.process.st/runs/iHTjA5RVeTmqprYRV-lM9w","Luiz Guilherme Cavalcante Duarte 1 / Ibitita 1 ADEQUAÇAO - 10134.1-F","gabriel@gaussenergia.com.br group-aa595f0b-d840-4fcb-8407-a22a023e7e0d@process.st","2026-07-16T12:55:25.281Z","2026-09-03T18:25:34.020Z","","","","Overdue","3","17","88","Projeto FV"
"https://app.process.st/runs/sy5vf-ngzn27x1djsh9CXg","Arquimedes ADEQUAÇAO 1899.2-F","gabriel@gaussenergia.com.br group-aa595f0b-d840-4fcb-8407-a22a023e7e0d@process.st","2026-07-24T15:07:17.154Z","2026-09-03T18:20:24.955Z","","","","Overdue","2","18","88","Projeto FV"
"https://app.process.st/runs/mHi3z57mk8oPrDLTpAtH_g","NE Odontologia LTDA REALOCAÇAO - 11651-F","pedro.pantaleao@gaussenergia.com.br group-aa595f0b-d840-4fcb-8407-a22a023e7e0d@process.st","2026-05-04T19:32:37.012Z","2026-09-03T18:17:51.266Z","","","","Overdue","3","18","88","Projeto FV"
"https://app.process.st/runs/oic0QRPRM-NvgPF4MDJFRQ","Soma Patrimonial Mini 3 / Santo Estevao REDUÇAO - 10225-F","pedro.pantaleao@gaussenergia.com.br group-aa595f0b-d840-4fcb-8407-a22a023e7e0d@process.st","2026-04-10T18:08:23.274Z","2026-09-03T18:11:15.210Z","","","","Overdue","2","17","88","Projeto FV"
"https://app.process.st/runs/mrBBzgf3rJ9o_DurKcxP2w","Jessica Rocha de Jesus ADEQUAÇAO 7549-F","gabriel@gaussenergia.com.br group-aa595f0b-d840-4fcb-8407-a22a023e7e0d@process.st","2025-12-02T18:38:35.006Z","2026-09-03T17:11:35.474Z","","","","Overdue","2","19","88","Projeto FV"
"https://app.process.st/runs/tuX7GISmkF5M0veMf3RNVg","Associaçao Solar Mais 7 / Terreno Jose Alves - 15181-F","pedro.pantaleao@gaussenergia.com.br","2026-09-03T14:49:23.013Z","2026-09-03T14:49:58.286Z","","","","OnTrack","0","0","88","Projeto FV"
"https://app.process.st/runs/n2hsl_bMWjCj1TuoN2tA2w","Gercy Dourado de Castro AUMENTO / Thales Dourado 2123-F","pedro.pantaleao@gaussenergia.com.br","2022-08-18T19:18:44.501Z","2026-09-02T19:08:32.018Z","","","","Overdue","3","29","88","Projeto FV"
"https://app.process.st/runs/keo8lWrbfdrmDRs_5D1Fjg","Maison do Vidro Comercio Ltda EPP AUMENTO / Philippe Franco 4987-F","pedro.pantaleao@gaussenergia.com.br","2022-12-15T16:56:50.986Z","2026-09-02T19:02:48.686Z","","","","Overdue","3","20","88","Projeto FV"
"https://app.process.st/runs/lethbqLwe2Cofi_d4fxCuQ","(Instalado e nao homologado) Bomboniere Nunes  / Josefa Ferreira Neta Nunes AUMENTO 3 NÃO HOMOLOGAR 1525-F","pedro.pantaleao@gaussenergia.com.br group-aa595f0b-d840-4fcb-8407-a22a023e7e0d@process.st","2026-06-01T14:38:50.146Z","2026-09-02T18:09:29.413Z","","","","OnTrack","0","3","88","Projeto FV"
"https://app.process.st/runs/prkwEky5nGqWEMhw511Jaw","Carlos Alberto Mota Lima 8726-F","pedro.pantaleao@gaussenergia.com.br group-698ea497-ec60-4bde-b165-b8f9ccbb0cfe@process.st","2022-08-18T18:07:51.161Z","2026-09-02T13:34:33.747Z","","","","Overdue","3","24","88","Projeto FV"
"https://app.process.st/runs/hW2Vzhu04w6c69IUTMpMiA","Queiroz Agropecuaria Ltda / Valdenice Alves Araujo Queiroz 8780-F","pedro.pantaleao@gaussenergia.com.br group-698ea497-ec60-4bde-b165-b8f9ccbb0cfe@process.st","2022-11-10T13:30:31.216Z","2026-09-02T13:22:32.512Z","","","","Overdue","3","23","88","Projeto FV"
"https://app.process.st/runs/lYI5e5JxuQdlQBKaa0FAmw","Queiroz Agropecuaria Ltda 2 - 8780.2-F","pedro.pantaleao@gaussenergia.com.br group-698ea497-ec60-4bde-b165-b8f9ccbb0cfe@process.st group-aa595f0b-d840-4fcb-8407-a22a023e7e0d@process.st","2025-03-12T18:15:21.541Z","2026-09-02T13:18:18.817Z","","","","Overdue","4","21","88","Projeto FV"
"https://app.process.st/runs/k-p595R7T7SYoJhVQg1C7A","Adriano Perciano Faneli AUMENTO / H P Retifica de Motores Ltda 8863-F","pedro.pantaleao@gaussenergia.com.br group-aa595f0b-d840-4fcb-8407-a22a023e7e0d@process.st","2026-08-28T14:00:03.009Z","2026-09-02T13:10:08.942Z","","","","OnTrack","0","13","88","Projeto FV"
"https://app.process.st/runs/kCyGcniCdYRmsSuxuRtHNA","Liberdade Administradora de Imoveis LTDA - 11101-F","pedro.pantaleao@gaussenergia.com.br group-698ea497-ec60-4bde-b165-b8f9ccbb0cfe@process.st","2024-03-21T14:27:00.612Z","2026-09-02T12:01:51.275Z","","","","Overdue","3","21","88","Projeto FV"
"https://app.process.st/runs/m9RNb45SJxEpzpoUQiNJkg","Jose Carlos Oliveira de Carvalho 2 - 15664-F","pedro.pantaleao@gaussenergia.com.br group-aa595f0b-d840-4fcb-8407-a22a023e7e0d@process.st","2026-08-27T14:22:59.404Z","2026-09-02T11:33:49.161Z","","","","OnTrack","0","12","88","Projeto FV"
"https://app.process.st/runs/nOVsY5wB9gf7n6MY0qVDMw","Diskol 2 AUMENTO / Seabra 1020.2-F","pedro.pantaleao@gaussenergia.com.br group-aa595f0b-d840-4fcb-8407-a22a023e7e0d@process.st","2026-07-20T12:33:51.835Z","2026-09-01T20:03:24.465Z","","","","Overdue","2","19","88","Projeto FV"
"https://app.process.st/runs/niWgBvTECZTryAjO0kJCSQ","Roberta Ramos Xavier AUMENTO - 9835-F","pedro.pantaleao@gaussenergia.com.br group-aa595f0b-d840-4fcb-8407-a22a023e7e0d@process.st","2026-06-01T18:42:26.610Z","2026-09-01T19:56:59.086Z","","","","Overdue","2","18","88","Projeto FV"
"https://app.process.st/runs/jJeCRA_G1NL_14aOWENG9A","Ivo Dos Santos - 15590-F","pedro.pantaleao@gaussenergia.com.br group-698ea497-ec60-4bde-b165-b8f9ccbb0cfe@process.st group-aa595f0b-d840-4fcb-8407-a22a023e7e0d@process.st","2026-07-17T18:39:46.417Z","2026-09-01T19:18:58.847Z","","","","Overdue","2","21","88","Projeto FV"
"https://app.process.st/runs/hr0sLlWmbTPuMkiyfkJI-A","Antonio Fernandes de Araujo - 15554-F","pedro.pantaleao@gaussenergia.com.br group-698ea497-ec60-4bde-b165-b8f9ccbb0cfe@process.st group-aa595f0b-d840-4fcb-8407-a22a023e7e0d@process.st","2026-07-07T19:38:13.847Z","2026-09-01T18:59:58.349Z","","","","Overdue","2","20","88","Projeto FV"
"https://app.process.st/runs/oke3RJNbuQspE0R4XBJEZQ","Associaçao Blue Sky 4 / Angical Terreno Julio - 15181.4-F","gabriel@gaussenergia.com.br group-aa595f0b-d840-4fcb-8407-a22a023e7e0d@process.st","2026-07-09T19:56:18.076Z","2026-09-01T18:57:18.885Z","","","","Overdue","2","19","88","Projeto FV"
"https://app.process.st/runs/pHV2YmH6XG8clOigtWZDpg","Associaçao de Geraçao Compartilhada Novasol - 15262-F","pedro.pantaleao@gaussenergia.com.br group-aa595f0b-d840-4fcb-8407-a22a023e7e0d@process.st","2026-07-22T12:33:23.159Z","2026-09-01T17:04:03.696Z","","","","Overdue","3","18","88","Projeto FV"
"https://app.process.st/runs/tXrlZ27QuJssc75NCmpNXg","Mateus Alves Alicrim - 15406-F","pedro.pantaleao@gaussenergia.com.br group-698ea497-ec60-4bde-b165-b8f9ccbb0cfe@process.st group-aa595f0b-d840-4fcb-8407-a22a023e7e0d@process.st","2026-06-02T18:42:22.497Z","2026-09-01T17:00:50.886Z","","","","Overdue","2","26","88","Projeto FV"
"https://app.process.st/runs/tYTuKjnI5v8fKL-SC0tHug","Wanderley Silva Sampaio -> W&W Comercio de Combustiveis e Lubrificantes Ltda AUMENTO - 1027-F","pedro.pantaleao@gaussenergia.com.br group-aa595f0b-d840-4fcb-8407-a22a023e7e0d@process.st","2026-05-22T13:29:41.242Z","2026-09-01T11:56:33.900Z","","","","Overdue","4","20","88","Projeto FV"
"https://app.process.st/runs/v2U79Dvuj1uIXAO9mwxJJw","Francicleide Ferreira de Andrade AUMENTO - 10528-F","pedro.pantaleao@gaussenergia.com.br group-aa595f0b-d840-4fcb-8407-a22a023e7e0d@process.st","2026-05-29T17:02:34.371Z","2026-08-31T19:20:15.873Z","","","","Overdue","2","21","88","Projeto FV"
"https://app.process.st/runs/j1uLNjay-6FmzzsVEexMdg","Antonio Lomes do Nascimento 9 AUMENTO / Pernambues 9683-F","pedro.pantaleao@gaussenergia.com.br group-aa595f0b-d840-4fcb-8407-a22a023e7e0d@process.st","2026-05-05T14:47:06.933Z","2026-08-31T19:04:36.134Z","","","","Overdue","3","18","88","Projeto FV"
"https://app.process.st/runs/ktj9AM3Z5TSuDP1O85hEUg","Reginaldo Souza Martins 3 / Panificadora Martins 3 ADEQUAÇAO 1697.3-F","gabriel@gaussenergia.com.br group-aa595f0b-d840-4fcb-8407-a22a023e7e0d@process.st","2026-08-31T17:34:00.097Z","2026-08-31T17:44:04.408Z","","","","OnTrack","0","2","88","Projeto FV"
"https://app.process.st/runs/uKuUGUuXlVBRk7iyN0JIlA","Reginaldo Souza Martins 3 / Panificadora Martins 3 1697.3-F","pedro.pantaleao@gaussenergia.com.br","2020-06-25T15:01:11.748Z","2026-08-31T17:38:58.315Z","","","","Overdue","3","19","88","Projeto FV"
"https://app.process.st/runs/p71RhwfR4Ii6Sa8LR2dEXQ","Panificadora Martins / Reginaldo Martins 1 ADEQUAÇAO 1697.1-F","gabriel@gaussenergia.com.br group-aa595f0b-d840-4fcb-8407-a22a023e7e0d@process.st","2026-08-31T17:07:00.155Z","2026-08-31T17:22:03.275Z","","","","OnTrack","0","2","88","Projeto FV"
"https://app.process.st/runs/oDmG5M_yxiU40kjjBjlEfQ","Clodoaldo de Santana Ramos / Adevanilda / HGBR AUMENTO 4069-F","pedro.pantaleao@gaussenergia.com.br group-aa595f0b-d840-4fcb-8407-a22a023e7e0d@process.st","2026-08-04T19:49:09.092Z","2026-08-31T13:42:50.938Z","","","","OnTrack","0","12","88","Projeto FV"
"https://app.process.st/runs/iKWeZ5hzG1gVenwgA_BIXg","Liberdade Administradora de Imoveis LTDA REALOCAÇAO - 11101-F","gabriel@gaussenergia.com.br group-aa595f0b-d840-4fcb-8407-a22a023e7e0d@process.st","2025-11-24T17:58:14.529Z","2026-08-31T13:42:42.187Z","","","","OnTrack","0","16","88","Projeto FV"
"https://app.process.st/runs/hzMdrg9rDp1n43lLBxtOiQ","Sandro Cristiano Silva de Souza - 15490-F","pedro.pantaleao@gaussenergia.com.br group-aa595f0b-d840-4fcb-8407-a22a023e7e0d@process.st","2026-06-11T18:11:48.770Z","2026-08-31T12:45:24.984Z","","","","Overdue","3","16","88","Projeto FV"
"https://app.process.st/runs/tv9Bq40ctqMve1T5XBFFeQ","Guebor Comercial Distribuidora Ltda ZERO GRID SOMENTE HOMOLOGAÇAO / Bonoco - 9696-F","pedro.pantaleao@gaussenergia.com.br group-aa595f0b-d840-4fcb-8407-a22a023e7e0d@process.st","2026-05-28T14:58:06.688Z","2026-08-31T11:00:02.001Z","","","","Overdue","1","15","88","Projeto FV"
"https://app.process.st/runs/s0VQlizzhjmJFBj9O71HiA","Associaçao Solar Mais 4 / Evandro - 13662.4-F","pedro.pantaleao@gaussenergia.com.br group-aa595f0b-d840-4fcb-8407-a22a023e7e0d@process.st","2026-05-28T18:53:06.103Z","2026-08-30T19:45:30.204Z","","","","Overdue","4","19","88","Projeto FV"
"https://app.process.st/runs/upJfQqLqGv3iuqk7mVVNnQ","Maria Nunes Santana Silva - 13698-F","pedro.pantaleao@gaussenergia.com.br group-698ea497-ec60-4bde-b165-b8f9ccbb0cfe@process.st","2025-11-14T14:31:04.520Z","2026-08-30T11:44:50.893Z","","","","Overdue","4","24","88","Projeto FV"
"https://app.process.st/runs/khApwJcbch4Z27Y8OEtFWA","Casa São Francisco/ Calçados & Confecções São Francisco LTDA ADEQUAÇAO 896-F","gabriel@gaussenergia.com.br","2026-05-15T18:37:09.835Z","2026-08-29T18:05:07.414Z","","","","Overdue","2","19","88","Projeto FV"
"https://app.process.st/runs/owSuAs-H9ajOehC9uFZOBA","N Loula Dourado Gomes Ltda / Farmacia Mais Saude / Naiara Loula ADEQUAÇAO - 8449-F","gabriel@gaussenergia.com.br","2026-03-09T14:15:55.663Z","2026-08-29T18:04:59.256Z","","","","Overdue","2","22","88","Projeto FV"
"https://app.process.st/runs/oNkLXChn4BezukSibk9DTQ","Supermercado Bom de Preço - Macia Alencar Sousa 1 ADEQUAÇAO 1761.1-F","gabriel@gaussenergia.com.br","2026-04-16T19:50:04.685Z","2026-08-29T18:04:44.981Z","","","","Overdue","2","19","88","Projeto FV"
"https://app.process.st/runs/qqmdmQXCVWQbd_7brZ5OsA","Naiara Loula Dourado Gomes 2 - 15362-F","pedro.pantaleao@gaussenergia.com.br group-aa595f0b-d840-4fcb-8407-a22a023e7e0d@process.st","2026-05-19T19:17:58.987Z","2026-08-29T17:58:03.204Z","","","","Overdue","3","18","88","Projeto FV"
"https://app.process.st/runs/nqFd1uyIE0D3UtdzB-9OOw","Mammas Pizzaria ADEQUAÇAO 678-F","gabriel@gaussenergia.com.br","2026-05-28T19:38:06.322Z","2026-08-29T17:17:12.929Z","","","","Overdue","2","19","88","Projeto FV"
"https://app.process.st/runs/s84ohinzh0Fr8Tzzm4ZDTA","A Gomes da Silva - Realocação do sistema ADEQUAÇAO 1487.2-F","gabriel@gaussenergia.com.br group-aa595f0b-d840-4fcb-8407-a22a023e7e0d@process.st","2026-06-01T17:23:48.128Z","2026-08-29T17:10:18.521Z","","","","Overdue","3","18","88","Projeto FV"
"https://app.process.st/runs/jLn47u577e06Pt9jZSVHXQ","Adelson Leal 3 - Posto Dourado ADEQUAÇAO 1339.3-F","gabriel@gaussenergia.com.br group-aa595f0b-d840-4fcb-8407-a22a023e7e0d@process.st","2026-05-29T12:29:49.189Z","2026-08-29T17:05:50.527Z","","","","Overdue","3","18","88","Projeto FV"
"https://app.process.st/runs/uCNBy5PfvuN1ekfJncdKcQ","Associaçao Blue Sky 1 / Belo Campo - 15181.1-F","gabriel@gaussenergia.com.br group-698ea497-ec60-4bde-b165-b8f9ccbb0cfe@process.st group-aa595f0b-d840-4fcb-8407-a22a023e7e0d@process.st","2026-02-03T20:01:51.004Z","2026-08-29T17:00:21.045Z","","","","Overdue","4","20","88","Projeto FV"
"https://app.process.st/runs/p5zOXb707mexUOgby4VLCA","Leandro Silva Oliveira 2 - 14176-F","pedro.pantaleao@gaussenergia.com.br group-698ea497-ec60-4bde-b165-b8f9ccbb0cfe@process.st group-aa595f0b-d840-4fcb-8407-a22a023e7e0d@process.st","2026-02-20T17:30:13.804Z","2026-08-29T16:58:19.204Z","","","","Overdue","4","23","88","Projeto FV"
"https://app.process.st/runs/uSGe1mKHwt2Kw2W-gYdAoQ","Leandro Rodrigues de Oliveira / Doaldo AUMENTO 2 3294-F","pedro.pantaleao@gaussenergia.com.br group-aa595f0b-d840-4fcb-8407-a22a023e7e0d@process.st","2026-05-12T17:06:04.969Z","2026-08-29T16:55:47.964Z","","","","Overdue","4","17","88","Projeto FV"
"https://app.process.st/runs/l7p0QGdOncaHZmy_phdLNQ","Joao Lucas Alves Barreto - 15444-F","pedro.pantaleao@gaussenergia.com.br group-698ea497-ec60-4bde-b165-b8f9ccbb0cfe@process.st group-aa595f0b-d840-4fcb-8407-a22a023e7e0d@process.st","2026-05-26T14:54:08.580Z","2026-08-29T16:49:46.339Z","","","","Overdue","3","18","88","Projeto FV"
"https://app.process.st/runs/ptj7o-tJgnyJSdEg0QtA2w","Floriano Marçal ADEQUAÇAO 1371-F","gabriel@gaussenergia.com.br group-aa595f0b-d840-4fcb-8407-a22a023e7e0d@process.st","2026-06-01T14:54:34.143Z","2026-08-29T16:45:07.862Z","","","","Overdue","3","18","88","Projeto FV"
"https://app.process.st/runs/h4AqEspAbYby2zN6dAtGkA","Adelson Leal Liborio 8 / Galpao Redondo / Vila Esperança ADEQUAÇAO 1339.8-F","gabriel@gaussenergia.com.br group-aa595f0b-d840-4fcb-8407-a22a023e7e0d@process.st","2026-05-29T15:01:54.385Z","2026-08-29T15:09:36.429Z","","","","Overdue","3","18","88","Projeto FV"
"https://app.process.st/runs/imK-sKwEov4PSE4Qe8dLMA","Monalisa Alecrim França de Souza 2 - 15382-F","pedro.pantaleao@gaussenergia.com.br group-aa595f0b-d840-4fcb-8407-a22a023e7e0d@process.st","2026-05-18T14:05:43.144Z","2026-08-29T15:06:47.847Z","","","","Overdue","5","18","88","Projeto FV"
"https://app.process.st/runs/h-_CF1df5wYLTzHIhERLMA","Delio Santos Pereira AUMENTO 2 - 2196-F","pedro.pantaleao@gaussenergia.com.br group-aa595f0b-d840-4fcb-8407-a22a023e7e0d@process.st","2026-05-15T17:37:45.481Z","2026-08-29T14:38:18.520Z","","","","Overdue","4","19","88","Projeto FV"
"https://app.process.st/runs/kBFF60ijuq0gz9_Fxm5AYg","Joao Vitor Guerra 3 / Condominio Euroville - 15400-F","pedro.pantaleao@gaussenergia.com.br group-aa595f0b-d840-4fcb-8407-a22a023e7e0d@process.st","2026-05-18T15:00:34.861Z","2026-08-29T14:23:14.410Z","","","","Overdue","4","17","88","Projeto FV"
"https://app.process.st/runs/r6wC4DJvZhBnPEcK5DZOvw","Associação Solar Mais 5 / Ge Benicio - 13662.5-F","pedro.pantaleao@gaussenergia.com.br group-698ea497-ec60-4bde-b165-b8f9ccbb0cfe@process.st group-aa595f0b-d840-4fcb-8407-a22a023e7e0d@process.st","2026-05-28T19:23:02.574Z","2026-08-29T13:25:55.161Z","","","","Overdue","5","19","88","Projeto FV"
"https://app.process.st/runs/vuQehzPQrKH_XlOq9WJGUg","Jeferson Alves Lopes / Rafaela Caldas AUMENTO 3525-F","pedro.pantaleao@gaussenergia.com.br group-aa595f0b-d840-4fcb-8407-a22a023e7e0d@process.st","2026-05-14T14:09:17.517Z","2026-08-29T11:47:38.519Z","","","","Overdue","4","19","88","Projeto FV"
"https://app.process.st/runs/tPtXsvipgzv2f8Yre5BD8g","NS Fardamentos 2 / Ney Sports Chacara ADEQUAÇAO 9253-F","gabriel@gaussenergia.com.br","2026-04-14T17:57:11.079Z","2026-08-29T11:42:54.410Z","","","","Overdue","4","23","88","Projeto FV"
"https://app.process.st/runs/gCWO76hkLwpcWkBA5K5DKw","Martinha Bruna de Carvalho - 14923-F","pedro.pantaleao@gaussenergia.com.br group-698ea497-ec60-4bde-b165-b8f9ccbb0cfe@process.st","2026-02-19T14:18:18.361Z","2026-08-29T11:30:31.586Z","","","","Overdue","4","27","88","Projeto FV"
"https://app.process.st/runs/gWXsrezl--7IEV5l80JLhQ","Eusinio Lavigne Gesteira / E.E.S. Empreendimentos 3450-F ADEQUAÇAO","gabriel@gaussenergia.com.br group-698ea497-ec60-4bde-b165-b8f9ccbb0cfe@process.st group-aa595f0b-d840-4fcb-8407-a22a023e7e0d@process.st","2026-01-08T15:02:01.236Z","2026-08-29T11:27:08.519Z","","","","Overdue","5","24","88","Projeto FV"
"https://app.process.st/runs/hvvIYWMFpmGdwEVOmedF7A","Tiago Figueiredo Machado - 15311-F","pedro.pantaleao@gaussenergia.com.br group-aa595f0b-d840-4fcb-8407-a22a023e7e0d@process.st","2026-05-05T18:27:26.819Z","2026-08-29T11:15:54.411Z","","","","Overdue","3","18","88","Projeto FV"
"https://app.process.st/runs/utsqQ7GPbDYF-hmL9h5OIw","Juliana Campos de Sousa dos Santos / Pedro Paulo Nobre - 10627-F","pedro.pantaleao@gaussenergia.com.br group-698ea497-ec60-4bde-b165-b8f9ccbb0cfe@process.st","2024-03-06T17:47:48.498Z","2026-08-28T20:02:16.522Z","","","","Overdue","3","21","88","Projeto FV"
"https://app.process.st/runs/qfvhaJMqow9M-f93Jw5E8Q","PW Energia Ltda 1 / Wagner Jose de Figueiredo / Pedro - 11658-F","pedro.pantaleao@gaussenergia.com.br","2024-07-19T13:54:05.806Z","2026-08-28T17:35:47.883Z","","","","Overdue","3","21","88","Projeto FV"
"https://app.process.st/runs/rArdvv1pWSN4kEL4ZZRDCw","Adriano Perciano Faneli / H P Retifica de Motores Ltda 8863-F","pedro.pantaleao@gaussenergia.com.br group-698ea497-ec60-4bde-b165-b8f9ccbb0cfe@process.st","2022-08-09T19:55:00.878Z","2026-08-28T13:57:10.148Z","","","","Overdue","3","25","88","Projeto FV"
"https://app.process.st/runs/kJuZGOpycJ4P0883VzZEvg","Diskol Dist de Bebidas Skol AUMENTO / Irecê - 1020.1-F","pedro.pantaleao@gaussenergia.com.br group-aa595f0b-d840-4fcb-8407-a22a023e7e0d@process.st","2026-06-10T14:05:59.374Z","2026-08-28T11:45:04.393Z","","","","OnTrack","0","12","88","Projeto FV"
"https://app.process.st/runs/gu7GWZz_wg1mGUoOSsZNzg","Associação Solar Mais 6 / Terreno Guto - 14738-F","pedro.pantaleao@gaussenergia.com.br group-698ea497-ec60-4bde-b165-b8f9ccbb0cfe@process.st group-aa595f0b-d840-4fcb-8407-a22a023e7e0d@process.st","2026-08-05T16:40:38.383Z","2026-08-28T11:44:31.843Z","","","","OnTrack","0","14","88","Projeto FV"
"https://app.process.st/runs/q646nMr35SVx8nCeNtZOqw","Sergio Nunes Dourado / Teste ADEQUAÇAO - 10718-F","gabriel@gaussenergia.com.br group-aa595f0b-d840-4fcb-8407-a22a023e7e0d@process.st","2026-08-27T19:40:51.935Z","2026-08-28T11:38:50.043Z","","","","OnTrack","0","3","88","Projeto FV"
"https://app.process.st/runs/rLX4QjymOhA9nnpFsR5LXw","Rotec Comercio, Instalação e Montagem LTDA / Valdeci Gomes Rabelo AUMENTO - 10135-F","pedro.pantaleao@gaussenergia.com.br group-698ea497-ec60-4bde-b165-b8f9ccbb0cfe@process.st","2024-05-17T14:25:28.735Z","2026-08-27T17:55:19.146Z","","","","Overdue","3","21","88","Projeto FV"
"https://app.process.st/runs/mg3n8iZA_lDmt3YDyXVNng","Thiago Pereira Barreto - 13399-F","pedro.pantaleao@gaussenergia.com.br","2025-04-30T19:12:29.326Z","2026-08-27T17:37:11.924Z","","","","Overdue","3","25","88","Projeto FV"
"https://app.process.st/runs/r-QhD7nklHRUgNZZZqBLGA","Pedro Carneiro Sales ADEQUAÇAO 11110-F","gabriel@gaussenergia.com.br group-aa595f0b-d840-4fcb-8407-a22a023e7e0d@process.st","2026-08-27T16:28:44.454Z","2026-08-27T16:37:10.515Z","","","","OnTrack","0","2","88","Projeto FV"
"https://app.process.st/runs/iL7lSxffwW2p-e8b_ldJiA","Luciano Ribeiro Passos Dourado - 15758-F","pedro.pantaleao@gaussenergia.com.br group-aa595f0b-d840-4fcb-8407-a22a023e7e0d@process.st","2026-08-20T14:37:36.676Z","2026-08-27T12:54:48.092Z","","","","OnTrack","0","12","88","Projeto FV"
"https://app.process.st/runs/uf_I7nZxRvf85fBNvSxKbw","Jose da Silva Duarte 1 - 15689.1-F","pedro.pantaleao@gaussenergia.com.br group-aa595f0b-d840-4fcb-8407-a22a023e7e0d@process.st","2026-08-18T17:15:02.566Z","2026-08-27T12:54:17.920Z","","","","OnTrack","0","12","88","Projeto FV"
"https://app.process.st/runs/s0wOLu-iAlydBG0KXExI6Q","Posto Kalilandia Ltda 1 / Busca Vida - 13819-F","pedro.pantaleao@gaussenergia.com.br","2025-08-15T17:37:43.967Z","2026-08-27T11:58:44.178Z","","","","Overdue","0","19","88","Projeto FV"
"https://app.process.st/runs/lGRZw452mJ5l9k1Tc-hHhA","Fernando Jose de Oliveira AUMENTO 9620-F","pedro.pantaleao@gaussenergia.com.br","2025-10-20T13:02:02.367Z","2026-08-26T14:38:03.227Z","","","","Overdue","3","20","88","Projeto FV"
"https://app.process.st/runs/u9bfQIT3b2B3vM_FI75Hpw","Luanda Santos Gordilho - 13929-F","pedro.pantaleao@gaussenergia.com.br group-698ea497-ec60-4bde-b165-b8f9ccbb0cfe@process.st group-aa595f0b-d840-4fcb-8407-a22a023e7e0d@process.st","2025-12-02T19:17:57.330Z","2026-08-26T14:37:25.124Z","","","","Overdue","4","20","88","Projeto FV"
"https://app.process.st/runs/m0LLOGHupC5SwMt_KyFPDA","Fernando Jose de Oliveira - 9620-F","pedro.pantaleao@gaussenergia.com.br","2022-12-23T12:51:05.389Z","2026-08-26T14:33:44.621Z","","","","Overdue","3","26","88","Projeto FV"
"https://app.process.st/runs/hEVs51wL-1d85ZUx_8FCzg","Carmem Sampaio Catelino AUMENTO DE PROJETO TERCEIRO - 15259-F","pedro.pantaleao@gaussenergia.com.br group-aa595f0b-d840-4fcb-8407-a22a023e7e0d@process.st","2026-07-10T14:24:00.081Z","2026-08-26T13:44:38.171Z","","","","Overdue","3","18","88","Projeto FV"
"https://app.process.st/runs/tvQIMyKurJNyw63wh65Fqg","Pedro Ney Borges Junior - 15672-F","pedro.pantaleao@gaussenergia.com.br group-698ea497-ec60-4bde-b165-b8f9ccbb0cfe@process.st group-aa595f0b-d840-4fcb-8407-a22a023e7e0d@process.st","2026-08-18T18:36:23.373Z","2026-08-26T13:04:01.423Z","","","","OnTrack","0","3","88","Projeto FV"
"https://app.process.st/runs/jzBh3aRB64o6KYx9oehDmg","Hebert dos Anjos Oliveira - 12499-F","pedro.pantaleao@gaussenergia.com.br group-698ea497-ec60-4bde-b165-b8f9ccbb0cfe@process.st","2025-01-15T17:38:27.045Z","2026-08-25T14:38:48.292Z","","","","Overdue","3","22","88","Projeto FV"
"https://app.process.st/runs/oV5OpmPCnimR0TcBLGRNfw","Edmilson Pequeno da Silva - 15553-F","pedro.pantaleao@gaussenergia.com.br","2026-07-07T17:32:46.456Z","2026-08-24T12:40:38.863Z","","","","Overdue","2","22","88","Projeto FV"
"https://app.process.st/runs/swN8kAnwXupt86rbCxBL7Q","Avimailton Alves Menezes - 14207-F","pedro.pantaleao@gaussenergia.com.br group-aa595f0b-d840-4fcb-8407-a22a023e7e0d@process.st","2025-10-17T14:41:15.624Z","2026-08-24T11:55:49.157Z","","","","Overdue","4","17","88","Projeto FV"
"https://app.process.st/runs/h-rqmAoyiFaXSuTVo7FJdw","Rahi Moitinho Dourado de Oliveira -> Jose Antônio Vizzon 8294-F","pedro.pantaleao@gaussenergia.com.br","2022-08-16T13:46:06.601Z","2026-08-21T14:17:28.142Z","","","","Overdue","3","22","88","Projeto FV"
"https://app.process.st/runs/pP_A8cO_8M1P1xFTX3NLcQ","Municipio de Ibipeba / Escola Jovino Amorim Barreto - 14675-F","pedro.pantaleao@gaussenergia.com.br group-aa595f0b-d840-4fcb-8407-a22a023e7e0d@process.st","2026-07-13T14:49:16.545Z","2026-08-21T14:05:40.746Z","","","","OnTrack","0","12","88","Projeto FV"
"https://app.process.st/runs/sPw6rSO0wmA36s0HPnJM6w","Maria das Graças Pereira Lima - 15456-F","pedro.pantaleao@gaussenergia.com.br group-aa595f0b-d840-4fcb-8407-a22a023e7e0d@process.st","2026-06-09T18:32:39.856Z","2026-08-21T12:22:58.127Z","","","","Overdue","2","19","88","Projeto FV"
"https://app.process.st/runs/hR12kV_vTB3ORA0DBFpPsg","Rilson Silva Campos - 15158-F","pedro.pantaleao@gaussenergia.com.br group-698ea497-ec60-4bde-b165-b8f9ccbb0cfe@process.st group-aa595f0b-d840-4fcb-8407-a22a023e7e0d@process.st","2026-07-09T14:00:50.282Z","2026-08-20T20:05:07.253Z","","","","Overdue","2","20","88","Projeto FV"
"https://app.process.st/runs/g1PPc2PqNN2L1mLJoulPIQ","Fernando Santos Mata Virgem Filho - 14716-F","pedro.pantaleao@gaussenergia.com.br group-698ea497-ec60-4bde-b165-b8f9ccbb0cfe@process.st group-aa595f0b-d840-4fcb-8407-a22a023e7e0d@process.st","2026-03-18T19:21:27.867Z","2026-08-20T13:21:35.372Z","","","","Overdue","4","20","88","Projeto FV"
"https://app.process.st/runs/r3rFEaZTbWf4Gw5r_iNBfw","Motel Bora Bora - ADEQUAÇAO / BHT Ltda - 7906-F","pedro.pantaleao@gaussenergia.com.br group-aa595f0b-d840-4fcb-8407-a22a023e7e0d@process.st","2022-02-25T13:51:12.258Z","2026-08-19T14:33:23.666Z","","","","Overdue","2","27","88","Projeto FV"
"https://app.process.st/runs/rWbREoWnYktkfml9j4tOjA","Gilberto Dantas de Souza - 14799-F","pedro.pantaleao@gaussenergia.com.br group-aa595f0b-d840-4fcb-8407-a22a023e7e0d@process.st","2026-08-13T18:35:10.788Z","2026-08-19T12:43:00.199Z","","","","OnTrack","0","12","88","Projeto FV"
"https://app.process.st/runs/sm-oQ2niPXGx3-CPQjhCzA","Primeira Igreja Batista de Itapua - 10970-F","pedro.pantaleao@gaussenergia.com.br group-aa595f0b-d840-4fcb-8407-a22a023e7e0d@process.st","2024-11-29T13:34:35.267Z","2026-08-19T12:42:52.893Z","","","","OnTrack","0","12","88","Projeto FV"
"https://app.process.st/runs/tAaGPYCtgefe87Vrx-VKxQ","Leticia Moreira de Vasconcelos Carvalho 9622-F","pedro.pantaleao@gaussenergia.com.br","2022-12-22T12:46:50.564Z","2026-08-18T18:56:19.314Z","","","","Overdue","3","21","88","Projeto FV"
"https://app.process.st/runs/rG8lN7o1U-kA50_VPGpCOQ","Otacilio Dourado Lima - 14227-F","pedro.pantaleao@gaussenergia.com.br group-aa595f0b-d840-4fcb-8407-a22a023e7e0d@process.st","2025-10-09T13:25:23.369Z","2026-08-17T13:51:00.697Z","","","","OnTrack","0","12","88","Projeto FV"
"https://app.process.st/runs/tbl-RjVjTzvRN-1zQ4hKmA","Anna Carolina Santana Rangel Moura AUMENTO - Juarez Ricardo - 14434-F","pedro.pantaleao@gaussenergia.com.br group-aa595f0b-d840-4fcb-8407-a22a023e7e0d@process.st","2026-07-30T18:08:56.453Z","2026-08-17T13:47:38.583Z","","","","OnTrack","0","13","88","Projeto FV"
"https://app.process.st/runs/jWGjrp9-EFWWRfqICfZCvw","Luiz Guilherme Cavalcante Duarte 2 / Ibitita 2 ADEQUAÇAO - 10134.2-F","gabriel@gaussenergia.com.br group-aa595f0b-d840-4fcb-8407-a22a023e7e0d@process.st","2026-07-16T13:11:42.550Z","2026-08-15T11:00:24.580Z","","","","Overdue","1","15","88","Projeto FV"
"https://app.process.st/runs/iQ5oPkW8iRNualkMR5tASw","Luiz Guilherme Cavalcante Duarte 3 / Joao Dourado ADEQUAÇAO - 10134.3-F","gabriel@gaussenergia.com.br group-aa595f0b-d840-4fcb-8407-a22a023e7e0d@process.st","2026-07-16T13:25:36.407Z","2026-08-15T11:00:22.781Z","","","","Overdue","1","15","88","Projeto FV"
"https://app.process.st/runs/q501BspbP1lTlYPUZw1JQQ","Rusivaldo Martins Lima - 10911-F","pedro.pantaleao@gaussenergia.com.br","2024-01-25T13:30:44.700Z","2026-08-14T19:34:26.537Z","","","","Overdue","3","21","88","Projeto FV"
"https://app.process.st/runs/pSN83UlSOhy57Bme-NtKvA","Inaldo da Paixão Santos Araújo - Aumento 5630-F","","2021-06-16T14:09:45.173Z","2026-08-14T18:34:25.538Z","","","","Overdue","3","19","88","Projeto FV"
"https://app.process.st/runs/nEAlMlKDWw8WNEWfTSFJuQ","George Alves / Ananias 3542-F","pedro.pantaleao@gaussenergia.com.br group-698ea497-ec60-4bde-b165-b8f9ccbb0cfe@process.st","2020-07-23T21:05:54.487Z","2026-08-14T18:32:09.384Z","","","","Overdue","2","32","88","Projeto FV"
"https://app.process.st/runs/g3iRJJL9H21R7ORlUP5Ouw","Clinica de Hemodialise de Irece ltda LIMITAÇAO DE POTENCIA - 15583-F","pedro.pantaleao@gaussenergia.com.br","2026-08-13T19:27:11.538Z","2026-08-13T19:29:48.433Z","","","","OnTrack","0","0","88","Projeto FV"
"https://app.process.st/runs/q_-klPHzOo9u1PPM_8tBYw","Airton Costa dos Santos 2 / Irecê - 13497-F","pedro.pantaleao@gaussenergia.com.br","2025-05-26T17:19:46.696Z","2026-08-13T15:04:00.276Z","","","","Overdue","2","20","88","Projeto FV"
"https://app.process.st/runs/oSiHg9H5z3ICeTLqAr9DfA","JMA Solar SPE 3 / Galpão B 9361.3-F","pedro.pantaleao@gaussenergia.com.br","2022-12-21T20:06:59.332Z","2026-08-11T19:57:10.104Z","","","","Overdue","3","28","88","Projeto FV"
"https://app.process.st/runs/o_hKRxG8rVwEyWkt_6RPGA","JMA Solar SPE Ltda 2 / Galpão A 9361.2-F","pedro.pantaleao@gaussenergia.com.br","2022-12-21T19:45:20.703Z","2026-08-11T19:57:08.921Z","","","","Overdue","3","21","88","Projeto FV"
"https://app.process.st/runs/iRoBaz5D3tle8hx20iNHbQ","JMA Solar SPE Ltda 6 / Laje ao lado da Gauss - 14348-F","pedro.pantaleao@gaussenergia.com.br group-aa595f0b-d840-4fcb-8407-a22a023e7e0d@process.st","2025-10-15T14:54:28.822Z","2026-08-11T19:56:18.477Z","","","","Overdue","5","18","88","Projeto FV"
"https://app.process.st/runs/vsMKWqqQ6lv4rTts86FNSw","Jose Roberto Rodrigues ADEQUAÇAO - 10825-F","pedro.pantaleao@gaussenergia.com.br group-aa595f0b-d840-4fcb-8407-a22a023e7e0d@process.st","2025-12-02T13:13:05.639Z","2026-08-11T19:33:33.548Z","","","","Overdue","5","18","88","Projeto FV"
"https://app.process.st/runs/rfKeBzDFaEKt1GkLsbZFVQ","Vitor Loureiro Bastos - 14618-F","pedro.pantaleao@gaussenergia.com.br","2025-12-03T19:19:47.245Z","2026-08-11T19:04:05.133Z","","","","Overdue","3","20","88","Projeto FV"
"https://app.process.st/runs/lz4jsoFlp7I9VIIfllRKtA","Nordeste Comercial de Implementos Rodoviarios Ltda 2 / Romeu Antonio / Guarajuba 8773-F","pedro.pantaleao@gaussenergia.com.br group-698ea497-ec60-4bde-b165-b8f9ccbb0cfe@process.st","2022-07-15T17:57:14.101Z","2026-08-11T18:58:21.836Z","","","","Overdue","3","24","88","Projeto FV"
"https://app.process.st/runs/kpHD124V8_ILW_dctHxIuQ","Nordeste Comercial de Implementos Rodoviarios Ltda 1 / Nordeste Coml de Impl / Randon 8050-F","pedro.pantaleao@gaussenergia.com.br group-698ea497-ec60-4bde-b165-b8f9ccbb0cfe@process.st","2022-04-25T18:35:21.138Z","2026-08-11T18:52:15.987Z","","","","Overdue","3","24","88","Projeto FV"
"https://app.process.st/runs/pMBYQVL7S2HziPPJCa9G9w","Madson Bruno Soares Moura - 14872-F","pedro.pantaleao@gaussenergia.com.br group-698ea497-ec60-4bde-b165-b8f9ccbb0cfe@process.st group-aa595f0b-d840-4fcb-8407-a22a023e7e0d@process.st","2026-02-26T17:20:14.662Z","2026-08-11T14:23:50.756Z","","","","Overdue","4","20","88","Projeto FV"
"https://app.process.st/runs/ukFEvc2EDVoU4ozAih1GEw","Supermercado Bom de Preço - Macia Alencar Sousa 2 ADEQUAÇAO 1761.2-F","gabriel@gaussenergia.com.br group-aa595f0b-d840-4fcb-8407-a22a023e7e0d@process.st","2026-04-17T11:11:56.024Z","2026-08-11T14:06:41.728Z","","","","Overdue","4","19","88","Projeto FV"
"https://app.process.st/runs/vR2cSNo7z22hNwZWixxMnA","C&R Patrimonial e Administradora de Imoveis LTDA ADEQUAÇAO 11046.2-F","gabriel@gaussenergia.com.br","2026-05-23T13:29:20.582Z","2026-08-10T19:51:10.053Z","","","","Overdue","2","19","88","Projeto FV"
"https://app.process.st/runs/v4s8SId9kKdKUilveS1AJg","RP Sucupira Patrimonial LTDA / Maria Cecilia ADEQUAÇAO - 11046.1-F","gabriel@gaussenergia.com.br","2026-05-06T17:32:28.945Z","2026-08-10T19:46:27.459Z","","","","Overdue","2","19","88","Projeto FV"
"https://app.process.st/runs/jB5K2eHO7o7dzuyaJBdOdw","Ana Maria Barbosa Cerqueira - 15332-F","gabriel@gaussenergia.com.br group-aa595f0b-d840-4fcb-8407-a22a023e7e0d@process.st","2026-05-12T12:41:05.973Z","2026-08-10T19:43:48.348Z","","","","Overdue","3","18","88","Projeto FV"
"https://app.process.st/runs/gvqIPeNwgS7AGWITPqFIUw","Naiara Loula Dourado Gomes ADEQUAÇAO - 12180-F","gabriel@gaussenergia.com.br","2026-05-06T18:17:39.789Z","2026-08-10T19:39:47.656Z","","","","Overdue","2","19","88","Projeto FV"
"https://app.process.st/runs/u4FXa7AHUPCy3ZRWCWZBKw","Rigner da Silva Torres ADEQUAÇAO 8901-F","gabriel@gaussenergia.com.br","2026-04-13T19:08:44.373Z","2026-08-10T19:38:38.360Z","","","","Overdue","3","20","88","Projeto FV"
"https://app.process.st/runs/uJrMSazG230ME2H_ox1LOw","Cooperativa Agropecuaria Mista Regional de Irece - 13566-F","pedro.pantaleao@gaussenergia.com.br group-aa595f0b-d840-4fcb-8407-a22a023e7e0d@process.st","2026-04-01T13:37:53.435Z","2026-08-10T19:29:13.326Z","","","","Overdue","5","19","88","Projeto FV"
"https://app.process.st/runs/iPr4NIaQyHIS3lChGuBCxA","Costa Mares Administraçao de Imoveis Ltda 2 - 15637-F","pedro.pantaleao@gaussenergia.com.br group-aa595f0b-d840-4fcb-8407-a22a023e7e0d@process.st","2026-08-07T14:21:34.212Z","2026-08-10T15:08:11.447Z","","","","OnTrack","0","3","88","Projeto FV"
"https://app.process.st/runs/sh9qwhdQAtx3wNTjovRPpw","Escola Cantinho do Rouxinol LTDA - 15145-F","pedro.pantaleao@gaussenergia.com.br group-698ea497-ec60-4bde-b165-b8f9ccbb0cfe@process.st group-aa595f0b-d840-4fcb-8407-a22a023e7e0d@process.st","2026-07-23T14:10:06.777Z","2026-08-10T15:02:05.695Z","","","","OnTrack","0","14","88","Projeto FV"
"https://app.process.st/runs/qkd6vE-6iMNxCyN9z1RAww","Gilvan Alves dos Santos ADEQUAÇAO 9114-F","gabriel@gaussenergia.com.br group-aa595f0b-d840-4fcb-8407-a22a023e7e0d@process.st","2026-04-14T17:42:52.367Z","2026-08-09T17:54:12.272Z","","","","Overdue","4","19","88","Projeto FV"
"https://app.process.st/runs/mqfd6OHiNDJa48SzXOZF5g","Antonio Souza Oliveira - 15260-F","pedro.pantaleao@gaussenergia.com.br group-aa595f0b-d840-4fcb-8407-a22a023e7e0d@process.st","2026-05-12T16:50:01.092Z","2026-08-09T16:50:39.002Z","","","","Overdue","3","18","88","Projeto FV"
"https://app.process.st/runs/jOW1N1oaK7mUJZ4WZOhM5A","Auricelia Caetano Barbosa - 15131-F","pedro.pantaleao@gaussenergia.com.br group-698ea497-ec60-4bde-b165-b8f9ccbb0cfe@process.st group-aa595f0b-d840-4fcb-8407-a22a023e7e0d@process.st","2026-03-30T18:46:48.127Z","2026-08-09T12:02:32.520Z","","","","Overdue","4","20","88","Projeto FV"
"https://app.process.st/runs/k5KarBdJv2oPym_0kQRH8Q","Maria Eguinaria Menezes - 15330-F","pedro.pantaleao@gaussenergia.com.br group-aa595f0b-d840-4fcb-8407-a22a023e7e0d@process.st","2026-05-13T14:23:10.635Z","2026-08-09T11:26:05.759Z","","","","Overdue","4","17","88","Projeto FV"
"https://app.process.st/runs/hKvfaHCZq086pRTBgRNNHA","Soma Patrimonial Mini / Cantina Volpi / Barra do Mendes ADEQUAÇAO - 7122-F","gabriel@gaussenergia.com.br group-698ea497-ec60-4bde-b165-b8f9ccbb0cfe@process.st group-aa595f0b-d840-4fcb-8407-a22a023e7e0d@process.st","2026-02-12T19:15:28.347Z","2026-08-08T20:10:00.652Z","","","","Overdue","1","12","88","Projeto FV"
"https://app.process.st/runs/rYi0zI2f9nW6oxEKlwxAFQ","Aline Kasue Watanabe Cova Dourado 3 - 15008-F","pedro.pantaleao@gaussenergia.com.br group-698ea497-ec60-4bde-b165-b8f9ccbb0cfe@process.st group-aa595f0b-d840-4fcb-8407-a22a023e7e0d@process.st","2026-03-27T12:37:02.795Z","2026-08-08T14:56:06.736Z","","","","Overdue","4","18","88","Projeto FV"
"https://app.process.st/runs/q4HdRATsIeAWp62imz9KpA","Tarcisio Malaquias Barreto AUMENTO - 11690-F","pedro.pantaleao@gaussenergia.com.br group-aa595f0b-d840-4fcb-8407-a22a023e7e0d@process.st","2026-03-26T17:00:45.580Z","2026-08-08T14:20:50.167Z","","","","Overdue","4","25","88","Projeto FV"
"https://app.process.st/runs/iwvrhSFDsPeidWs4LBdMuA","Uilton Machado dos Santos ADEQUAÇAO 1484-F","gabriel@gaussenergia.com.br group-aa595f0b-d840-4fcb-8407-a22a023e7e0d@process.st","2026-04-29T12:26:53.498Z","2026-08-08T13:20:36.117Z","","","","Overdue","3","18","88","Projeto FV"
"https://app.process.st/runs/t26T-2oMKxaAMxf-CV1P0Q","Ismenia Machado Mateus  ADEQUAÇAO 9501-F","gabriel@gaussenergia.com.br group-aa595f0b-d840-4fcb-8407-a22a023e7e0d@process.st","2026-04-14T18:23:24.373Z","2026-08-08T13:08:01.532Z","","","","Overdue","4","19","88","Projeto FV"
"https://app.process.st/runs/gU1DT6hOTzxty5gT-fpLEw","Ramon Moitinho ADEQUAÇAO 9769-F","gabriel@gaussenergia.com.br group-aa595f0b-d840-4fcb-8407-a22a023e7e0d@process.st","2026-04-14T18:45:08.455Z","2026-08-08T12:54:52.808Z","","","","Overdue","4","18","88","Projeto FV"
"https://app.process.st/runs/oZJUQ2gOSQDnEOH1V1tFbg","Costa Mendonça Derivado de Petroleo ADEQUAÇAO 866-F","gabriel@gaussenergia.com.br group-aa595f0b-d840-4fcb-8407-a22a023e7e0d@process.st","2026-03-18T19:32:45.453Z","2026-08-08T12:52:34.855Z","","","","Overdue","3","18","88","Projeto FV"
"https://app.process.st/runs/mtKLY2jCu86URNSbV0hPpQ","Eliene Lucia da Silva Tura - 14918-F","pedro.pantaleao@gaussenergia.com.br group-698ea497-ec60-4bde-b165-b8f9ccbb0cfe@process.st group-aa595f0b-d840-4fcb-8407-a22a023e7e0d@process.st","2026-04-13T13:31:47.967Z","2026-08-08T12:48:55.531Z","","","","Overdue","4","20","88","Projeto FV"
"https://app.process.st/runs/io-7ZfOK5t8tNRp8fC9OJQ","Gleidson da Silva Ferreira - 15349-F","pedro.pantaleao@gaussenergia.com.br group-698ea497-ec60-4bde-b165-b8f9ccbb0cfe@process.st group-aa595f0b-d840-4fcb-8407-a22a023e7e0d@process.st","2026-05-15T17:25:16.134Z","2026-08-07T18:13:58.352Z","","","","Overdue","4","18","88","Projeto FV"
"https://app.process.st/runs/i95nYIs7lMAzePb_WwdMdQ","Cosmelira da Hora Melo 7938-F","pedro.pantaleao@gaussenergia.com.br","2022-08-03T15:15:40.911Z","2026-08-07T14:52:35.850Z","","","","Overdue","3","29","88","Projeto FV"
"https://app.process.st/runs/k-n-ItTNKnSgCh80-tBImQ","GMG Solar SPE Ltda Joao / Fazenda Joao Marlon -> JMA Solar SPE Ltda 8797-F","pedro.pantaleao@gaussenergia.com.br","2022-07-20T19:20:06.249Z","2026-08-07T12:58:51.524Z","","","","Overdue","3","21","88","Projeto FV"
"https://app.process.st/runs/sec_RnK-2ffLs3LmZxtKsg","Industria de Doces e Frios Araujo LTDA - 10900-F","pedro.pantaleao@gaussenergia.com.br group-698ea497-ec60-4bde-b165-b8f9ccbb0cfe@process.st","2024-01-29T15:19:35.838Z","2026-08-07T12:58:11.015Z","","","","Overdue","3","28","88","Projeto FV"
"https://app.process.st/runs/jKoCDxucEc8qyBMi7jVPdw","NS Fardamentos Ltda 3 - 13289-F","pedro.pantaleao@gaussenergia.com.br group-aa595f0b-d840-4fcb-8407-a22a023e7e0d@process.st","2026-07-31T17:51:29.352Z","2026-08-06T21:04:47.707Z","","","","OnTrack","0","12","88","Projeto FV"
"https://app.process.st/runs/hhegZYKEp_XG27cy2sVMFQ","Luciano dos Santos Barreto - 15327-F","pedro.pantaleao@gaussenergia.com.br group-aa595f0b-d840-4fcb-8407-a22a023e7e0d@process.st","2026-07-01T13:17:19.323Z","2026-08-06T20:44:51.428Z","","","","OnTrack","0","12","88","Projeto FV"
"https://app.process.st/runs/rTAddv2Krq_mHwxiMaBKlA","Silvia Fernanda Fernandes Prado Ribeiro/ Macharibe 3910-F","pedro.pantaleao@gaussenergia.com.br group-698ea497-ec60-4bde-b165-b8f9ccbb0cfe@process.st","2020-10-02T19:26:24.606Z","2026-08-06T19:05:06.234Z","","","","Overdue","3","20","88","Projeto FV"
"https://app.process.st/runs/lMmjj4AZwcx1e6iSCehIIw","Edmundo Pereira Dourado / Aline Kasue 1 ADEQUAÇAO - 10622.1-F","pedro.pantaleao@gaussenergia.com.br","2025-05-29T13:46:44.421Z","2026-08-06T14:23:02.805Z","","","","Overdue","2","23","88","Projeto FV"
"https://app.process.st/runs/vikA_Vb5gzO9vuNZaOxLQg","Pimenta e Cardoso Ltda / Josefina Maria da Silva Cardoso ME / Marcos Pimenta 2 / Usina Miraserra 9047.2-F","pedro.pantaleao@gaussenergia.com.br group-698ea497-ec60-4bde-b165-b8f9ccbb0cfe@process.st","2022-11-03T12:12:08.849Z","2026-08-05T19:04:44.300Z","","","","Overdue","3","21","88","Projeto FV"
"https://app.process.st/runs/iYiTjvHX24Znv5zS3kZBsA","Cassio Dias dos Santos 4080-F","pedro.pantaleao@gaussenergia.com.br group-698ea497-ec60-4bde-b165-b8f9ccbb0cfe@process.st","2020-11-09T14:32:26.976Z","2026-08-05T18:30:39.322Z","","","","Overdue","2","24","88","Projeto FV"
"https://app.process.st/runs/hK9GjewtcwpcvmGqaUhLRg","Leina de Oliveira da Silva - 13678-F","pedro.pantaleao@gaussenergia.com.br group-698ea497-ec60-4bde-b165-b8f9ccbb0cfe@process.st","2025-07-18T18:30:36.552Z","2026-08-05T18:12:09.335Z","","","","Overdue","3","29","88","Projeto FV"
"https://app.process.st/runs/mwIOC_HRWG8XgGna8uZMOQ","Frutop Agropecuaria Ltda ME 7 BESS Fz Lot Empresarial / Pec Sede - 14337.7-F","pedro.pantaleao@gaussenergia.com.br group-aa595f0b-d840-4fcb-8407-a22a023e7e0d@process.st","2026-07-17T17:51:06.388Z","2026-08-05T14:53:41.246Z","","","","OnTrack","0","15","88","Projeto FV"
"https://app.process.st/runs/vnDy8Nzf1utPu5f_MEZABg","Eugenia Alves Ribeiro Vilela de Morais - 14978-F","pedro.pantaleao@gaussenergia.com.br group-698ea497-ec60-4bde-b165-b8f9ccbb0cfe@process.st group-aa595f0b-d840-4fcb-8407-a22a023e7e0d@process.st","2026-03-20T14:06:29.502Z","2026-08-05T14:42:23.023Z","","","","Overdue","4","21","88","Projeto FV"
"https://app.process.st/runs/j3Xs-_aT8WrPw5XF4QpLEA","Gilmaci de Souza Almeida - Comercial Benício 1918-F","raniel.garcia@gaussenergia.com.br group-aa595f0b-d840-4fcb-8407-a22a023e7e0d@process.st","2019-03-16T20:12:56.615Z","2026-08-05T14:32:22.999Z","2019-05-07T22:18:00.000Z","","","Overdue","4","17","88","Projeto FV"
"https://app.process.st/runs/taH8fdJKeXPlXEeO5whFAw","José Silveira / Vania Maria Freitas Ferreira 1973-F","raniel.garcia@gaussenergia.com.br","2019-04-02T11:55:55.055Z","2026-08-05T14:17:05.884Z","","","","Overdue","5","20","88","Projeto FV"
"https://app.process.st/runs/ixfcg_O2pQ4WKVBiOAlCqQ","Clodoaldo de Santana Ramos / Adevanilda ADEQUAÇAO 4069-F","gabriel@gaussenergia.com.br","2026-01-23T18:31:36.868Z","2026-08-04T19:54:34.859Z","","","","Overdue","3","20","88","Projeto FV"
"https://app.process.st/runs/rKDOt_orSnK4OGyi8AZGlw","Clodoaldo de Santana Ramos 2 ADEQUAÇAO / Adevanilda ->   HGBR EMPREENDIMENTOS 8377-F","gabriel@gaussenergia.com.br","2026-01-23T19:07:32.926Z","2026-08-04T19:47:19.872Z","","","","Overdue","2","19","88","Projeto FV"
"https://app.process.st/runs/lAU40QpMHzbEulfmp0NCqg","HGBR Empreendimentos AUMENTO 2 NAO EXECUTADO - 8377-F","pedro.pantaleao@gaussenergia.com.br group-aa595f0b-d840-4fcb-8407-a22a023e7e0d@process.st","2026-07-07T18:26:55.304Z","2026-08-04T19:45:06.673Z","","","","OnTrack","0","3","88","Projeto FV"
"https://app.process.st/runs/if11FLMswyKhRxm19cNHHw","Fernando Jose Silva Portela Duarte SOMENTE HOMOLOGAÇAO - 15211-F","pedro.pantaleao@gaussenergia.com.br","2026-04-14T13:45:06.073Z","2026-08-04T15:57:06.040Z","","","","Overdue","2","19","88","Projeto FV"
"https://app.process.st/runs/rmWgtgvaIkrDoMbiGghK7A","Givanildo Lins da Silva - 12429-F","gabriel@gaussenergia.com.br group-698ea497-ec60-4bde-b165-b8f9ccbb0cfe@process.st","2025-01-30T17:39:17.634Z","2026-08-03T19:25:48.506Z","","","","Overdue","3","26","88","Projeto FV"
"https://app.process.st/runs/sVJzOKIcd8zGT6qBsqpFZA","Clinica Urologica de Irece Ltda ME / CMU AUMENTO - 9393-F","pedro.pantaleao@gaussenergia.com.br","2025-08-07T14:14:24.866Z","2026-08-03T19:23:12.535Z","","","","Overdue","3","20","88","Projeto FV"
"https://app.process.st/runs/mpHsaUnVibg2xppOgOVDRw","Elson Felix Tarrao / Odenice ADEQUAÇAO - 10146-F","gabriel@gaussenergia.com.br group-aa595f0b-d840-4fcb-8407-a22a023e7e0d@process.st","2026-07-16T14:28:51.706Z","2026-08-02T14:47:58.666Z","","","","Overdue","1","6","88","Projeto FV"
"https://app.process.st/runs/qBsTcmK3eAg2jrIpjk5ACQ","Carlos Roberto Ribeiro Navarro Junior 2 9312-F","pedro.pantaleao@gaussenergia.com.br","2022-12-01T21:13:00.666Z","2026-07-31T18:04:12.423Z","","","","Overdue","3","22","88","Projeto FV"
"https://app.process.st/runs/pw-Gsgdhz6LI2SxRK5NHjQ","Carlos Roberto Navarro - Isabela - 3490-F","gabriel@gaussenergia.com.br group-698ea497-ec60-4bde-b165-b8f9ccbb0cfe@process.st","2020-07-01T15:57:17.661Z","2026-07-31T18:02:05.316Z","","","","OnTrack","0","27","88","Projeto FV"
"https://app.process.st/runs/gqws0zHYIXDdaqnaNFNKBA","Adriano da Silva Souza - 11800-F","pedro.pantaleao@gaussenergia.com.br group-698ea497-ec60-4bde-b165-b8f9ccbb0cfe@process.st","2024-08-20T17:42:24.989Z","2026-07-31T17:54:03.316Z","","","","Overdue","3","21","88","Projeto FV"
"https://app.process.st/runs/j-H9eGvSxh7JgEUHweJNGQ","Moises Antonio de Aguiar Dias - 12132-F","pedro.pantaleao@gaussenergia.com.br","2024-11-29T17:40:28.723Z","2026-07-31T17:48:00.197Z","","","","Overdue","3","21","88","Projeto FV"
"https://app.process.st/runs/n4qBvohGMZCqFaZb8tVOHg","John Marcio Jesus dos Santos - 14155-F","pedro.pantaleao@gaussenergia.com.br group-698ea497-ec60-4bde-b165-b8f9ccbb0cfe@process.st group-aa595f0b-d840-4fcb-8407-a22a023e7e0d@process.st","2025-09-19T14:30:59.965Z","2026-07-30T18:31:02.101Z","","","","Overdue","4","20","88","Projeto FV"
"https://app.process.st/runs/tD4pcINir2e0w68_Ua9KWA","Motel Bora Bora 2255-F","pedro.pantaleao@gaussenergia.com.br group-aa595f0b-d840-4fcb-8407-a22a023e7e0d@process.st","2019-09-13T18:46:47.650Z","2026-07-30T17:49:26.499Z","","","","Overdue","4","22","88","Projeto FV"
"https://app.process.st/runs/vdmJnqozltBfqrK28GBMCw","Edilson Barbosa Dias 2 ADEQUAÇAO 1965-F","gabriel@gaussenergia.com.br group-aa595f0b-d840-4fcb-8407-a22a023e7e0d@process.st","2026-07-24T16:47:06.649Z","2026-07-30T13:47:43.585Z","","","","Overdue","1","6","88","Projeto FV"
"https://app.process.st/runs/t3M6lnMgbS_ZjpSt2CFFDA","Antonio Carlos Eliseu dos Santos / Jose Augusto Galvao Dourado ADEQUAÇAO - 10321-F","gabriel@gaussenergia.com.br group-aa595f0b-d840-4fcb-8407-a22a023e7e0d@process.st","2026-07-29T18:02:39.544Z","2026-07-29T19:04:06.740Z","","","","OnTrack","0","3","88","Projeto FV"
"https://app.process.st/runs/otb3pxGnAb-7mtzLZQRHKQ","Adriano / Lisani Azevedo 3346-F","pedro.pantaleao@gaussenergia.com.br","2020-05-26T20:27:05.065Z","2026-07-29T18:44:24.968Z","","","","Overdue","3","23","88","Projeto FV"
"https://app.process.st/runs/utMcNclnSaPyf_Tx_MZCTQ","Tamara Monique Vidal Almeida - 11389-F","pedro.pantaleao@gaussenergia.com.br group-698ea497-ec60-4bde-b165-b8f9ccbb0cfe@process.st group-aa595f0b-d840-4fcb-8407-a22a023e7e0d@process.st","2026-03-17T13:11:12.679Z","2026-07-28T20:37:31.641Z","","","","Overdue","3","19","88","Projeto FV"
"https://app.process.st/runs/tPAgAR-7U0luwtM_etBE0Q","Lion Fitness Ltda 3 - 10494-F","pedro.pantaleao@gaussenergia.com.br group-aa595f0b-d840-4fcb-8407-a22a023e7e0d@process.st","2026-01-30T18:24:39.618Z","2026-07-27T17:43:31.159Z","","","","Overdue","3","18","88","Projeto FV"
"https://app.process.st/runs/itjpOGsHOPrqF3qDa7ZLKA","Isaias Marcos Borges Carneiro - 14729-F","pedro.pantaleao@gaussenergia.com.br group-aa595f0b-d840-4fcb-8407-a22a023e7e0d@process.st","2026-04-01T13:07:47.279Z","2026-07-27T12:41:18.158Z","","","","Overdue","4","22","88","Projeto FV"
"https://app.process.st/runs/iVZhK1wYTU9bBhrqGyJJnA","Nivia Cavalcante de Santana Figueredo ADEQUAÇAO - 9415-F","gabriel@gaussenergia.com.br group-aa595f0b-d840-4fcb-8407-a22a023e7e0d@process.st","2026-04-14T18:09:19.169Z","2026-07-27T12:39:34.128Z","","","","Overdue","4","19","88","Projeto FV"
"https://app.process.st/runs/p8T3sMFgvax_tp8VG-tCRA","Margarida Maria Dourado Pimenta Lima ADEQUAÇAO 1261-F","gabriel@gaussenergia.com.br group-aa595f0b-d840-4fcb-8407-a22a023e7e0d@process.st","2026-05-05T16:36:45.919Z","2026-07-27T12:35:29.128Z","","","","Overdue","4","17","88","Projeto FV"
"https://app.process.st/runs/jmfzOJ62D0fbRgLEmjBJyw","Moacir Cedro Pimenta 3 / Residencias ADEQUAÇAO 8315-F","gabriel@gaussenergia.com.br group-aa595f0b-d840-4fcb-8407-a22a023e7e0d@process.st","2026-03-19T16:30:51.603Z","2026-07-27T12:34:55.078Z","","","","Overdue","4","19","88","Projeto FV"
"https://app.process.st/runs/iE40UTfVHblNPrkV8CNHiw","Antonio Jose Fraga Nunes ADEQUAÇAO 7384-F","gabriel@gaussenergia.com.br group-aa595f0b-d840-4fcb-8407-a22a023e7e0d@process.st","2026-02-13T12:18:31.401Z","2026-07-27T12:34:25.075Z","","","","Overdue","4","19","88","Projeto FV"
"https://app.process.st/runs/v0C_5BslptnGW0a2E_9Ktw","Farmacia Modelo de Ilheus Ltda 3 / Angical - 15105-F","pedro.pantaleao@gaussenergia.com.br group-698ea497-ec60-4bde-b165-b8f9ccbb0cfe@process.st group-aa595f0b-d840-4fcb-8407-a22a023e7e0d@process.st","2026-04-01T12:48:46.423Z","2026-07-27T12:24:00.129Z","","","","Overdue","4","19","88","Projeto FV"
"https://app.process.st/runs/jxjmigJ8U3PGD9x7uL9IqA","Rahi Moitinho Dourado de Oliveira 2 - 15201-F","gabriel@gaussenergia.com.br group-aa595f0b-d840-4fcb-8407-a22a023e7e0d@process.st","2026-05-12T13:31:55.130Z","2026-07-25T14:09:40.446Z","","","","Overdue","3","18","88","Projeto FV"
"https://app.process.st/runs/t9JtgWQwnPwrZ3h6EOZLTQ","Raimundo Cezar Solon de Oliveira / Fazenda Pratinha ADEQUAÇAO 3067-F","gabriel@gaussenergia.com.br group-aa595f0b-d840-4fcb-8407-a22a023e7e0d@process.st","2026-03-11T14:59:28.818Z","2026-07-25T11:00:21.877Z","","","","Overdue","1","15","88","Projeto FV"
"https://app.process.st/runs/pGmNguJhDbRyJbYSG1FFIw","Jose Sanderson Miranda de Sousa - 13642-F","pedro.pantaleao@gaussenergia.com.br group-698ea497-ec60-4bde-b165-b8f9ccbb0cfe@process.st","2025-07-04T14:42:21.782Z","2026-07-24T19:07:59.829Z","","","","Overdue","3","25","88","Projeto FV"
"https://app.process.st/runs/lkQ-PuPpb7Ary1i6PUZAXQ","Renovadora de Pneus Subae 2 / Tiago Doria Godeiro 2022 9274-F","pedro.pantaleao@gaussenergia.com.br","2022-12-26T14:54:35.510Z","2026-07-24T18:36:13.187Z","","","","Overdue","3","27","88","Projeto FV"
"https://app.process.st/runs/qgmRUgJL1PRsWbvGcDlPUQ","Matheus Gomes Lopes / Joao Luciano Rios Lopes - 11090-F","pedro.pantaleao@gaussenergia.com.br group-698ea497-ec60-4bde-b165-b8f9ccbb0cfe@process.st","2024-06-03T17:10:20.777Z","2026-07-24T18:26:35.970Z","","","","Overdue","3","21","88","Projeto FV"
"https://app.process.st/runs/pVnOqoRHG3Ll9S61aNNP9A","Giovanna Bastos Sampaio Correia - 11119-F","pedro.pantaleao@gaussenergia.com.br","2024-04-08T17:41:20.438Z","2026-07-24T17:33:32.648Z","","","","Overdue","3","21","88","Projeto FV"
"https://app.process.st/runs/vXVUZ0lZCx03irtSYEJKSw","Edilson Barbosa Dias 2 1965-F","pedro.pantaleao@gaussenergia.com.br","2019-06-05T18:17:43.077Z","2026-07-24T16:50:23.598Z","","","","Overdue","4","16","88","Projeto FV"
"https://app.process.st/runs/nJlz9K9Q2qFcKWGyiaxODA","Irenio de Alcantara Santiago - 12458-F","pedro.pantaleao@gaussenergia.com.br","2025-01-09T14:47:36.722Z","2026-07-24T15:04:27.611Z","","","","Overdue","3","21","88","Projeto FV"
"https://app.process.st/runs/lMofIv2eNNwEoYX-mIVLWA","Eliomar Dias Rocha / Jose Luiz Santos 8 Hortifruti 8874.8-F","pedro.pantaleao@gaussenergia.com.br","2023-01-05T15:22:15.323Z","2026-07-24T14:43:54.069Z","","","","Overdue","3","28","88","Projeto FV"
"https://app.process.st/runs/t5p1b7ZV0ym04NNn_1BNJw","Mercadinho Buriti LTDA 2 ADEQUAÇAO 2755-F","gabriel@gaussenergia.com.br group-aa595f0b-d840-4fcb-8407-a22a023e7e0d@process.st","2026-04-14T17:29:17.336Z","2026-07-24T14:37:10.863Z","","","","Overdue","4","19","88","Projeto FV"
"https://app.process.st/runs/rou1B1lgjMenyJWppRVO2A","Escola Reino da Criança / Denise da Silva Araujo ADEQUAÇAO 9045-F","gabriel@gaussenergia.com.br group-aa595f0b-d840-4fcb-8407-a22a023e7e0d@process.st","2026-04-13T19:19:32.868Z","2026-07-24T14:35:48.083Z","","","","Overdue","4","19","88","Projeto FV"
"https://app.process.st/runs/ryEADfnZPp8_fY-9jt1P7A","Jose Bernardo Neto - 15286-F","pedro.pantaleao@gaussenergia.com.br group-aa595f0b-d840-4fcb-8407-a22a023e7e0d@process.st","2026-04-30T18:36:26.353Z","2026-07-24T14:33:37.492Z","","","","Overdue","4","17","88","Projeto FV"
"https://app.process.st/runs/rZBVWOi9EKNfg9Zt_T5MWA","Pedro Jose de Lima Neto / Maria de Lourdes Ferreira Lima AUMENTO 6287-F","pedro.pantaleao@gaussenergia.com.br group-aa595f0b-d840-4fcb-8407-a22a023e7e0d@process.st","2026-04-16T18:03:16.053Z","2026-07-24T14:30:22.864Z","","","","Overdue","4","19","88","Projeto FV"
"https://app.process.st/runs/kzkL2IdLvqpU4oGEfR9HcQ","Larissa Monteiro de Oliveira Mota Mendes / Joao Emmanuel 8822-F","pedro.pantaleao@gaussenergia.com.br","2022-10-17T13:37:42.899Z","2026-07-24T14:25:31.409Z","","","","Overdue","3","30","88","Projeto FV"
"https://app.process.st/runs/nEuf0rMBeAejB1-ddrlGJA","Saulo Alves Matos - 14802-F","pedro.pantaleao@gaussenergia.com.br group-698ea497-ec60-4bde-b165-b8f9ccbb0cfe@process.st","2026-01-29T12:16:23.243Z","2026-07-24T14:24:13.876Z","","","","Overdue","3","27","88","Projeto FV"
"https://app.process.st/runs/nnAY3bMzDfRF8sz_4YNAKA","Cassimiro Inácio Barros de Matos - 12720-F","gabriel@gaussenergia.com.br","2025-02-10T12:27:41.092Z","2026-07-24T14:16:45.318Z","","","","Overdue","3","21","88","Projeto FV"
"https://app.process.st/runs/pBYIoskXHZun7H3_dA5IYA","Milene de Carvalho Arruda - 11590-F","pedro.pantaleao@gaussenergia.com.br","2024-07-08T14:58:40.005Z","2026-07-24T13:53:35.301Z","","","","Overdue","3","21","88","Projeto FV"
"https://app.process.st/runs/h3M0bXgO3zcvYQdzzHRCMQ","Mauricio Andrade Barreto / Dilton Oliveira Barreto - 8816-F","pedro.pantaleao@gaussenergia.com.br group-698ea497-ec60-4bde-b165-b8f9ccbb0cfe@process.st","2023-07-28T17:36:52.312Z","2026-07-24T13:43:40.329Z","","","","Overdue","3","21","88","Projeto FV"
"https://app.process.st/runs/jMiUa_5lchhcQM0L3qNEnw","José Ricardo Pataro Botelho de Queiroz 2 - 14263-F","pedro.pantaleao@gaussenergia.com.br group-698ea497-ec60-4bde-b165-b8f9ccbb0cfe@process.st group-aa595f0b-d840-4fcb-8407-a22a023e7e0d@process.st","2026-01-20T13:20:56.391Z","2026-07-24T13:39:37.249Z","","","","Overdue","4","23","88","Projeto FV"
"https://app.process.st/runs/onEvLJ625iQUZ2acDxhC4A","Daniela Mergulhao França - 15218-F","pedro.pantaleao@gaussenergia.com.br group-aa595f0b-d840-4fcb-8407-a22a023e7e0d@process.st","2026-05-04T14:46:53.359Z","2026-07-24T13:29:37.866Z","","","","Overdue","3","18","88","Projeto FV"
"https://app.process.st/runs/ryVSay04lBSCjVzd6F1Nyw","Edkilson de Jesus AUMENTO - 6066-F","pedro.pantaleao@gaussenergia.com.br group-aa595f0b-d840-4fcb-8407-a22a023e7e0d@process.st","2026-07-14T12:45:11.880Z","2026-07-23T11:49:05.541Z","","","","OnTrack","0","13","88","Projeto FV"
"https://app.process.st/runs/s647RZVb53DsySBOPHxJrQ","Luciano Queiroz Magalhaes 2 / Alagoinhas - 14773-F","pedro.pantaleao@gaussenergia.com.br group-aa595f0b-d840-4fcb-8407-a22a023e7e0d@process.st","2026-07-10T18:12:41.716Z","2026-07-23T11:48:54.656Z","","","","OnTrack","0","15","88","Projeto FV"
"https://app.process.st/runs/ijnLlBeADJnWf_K4biVKKA","Edivaldo Martins de Araujo / Fazenda Ponta D'Agua / Sancal ADEQUAÇAO 8724-F","gabriel@gaussenergia.com.br","2026-03-09T14:26:08.962Z","2026-07-21T19:55:25.919Z","","","","Overdue","2","26","88","Projeto FV"
"https://app.process.st/runs/rR9qjOrDn94CJ3FmgUJG1w","Antonio Coutinho da Silva / Thiago Prime 7441-F","pedro.pantaleao@gaussenergia.com.br group-698ea497-ec60-4bde-b165-b8f9ccbb0cfe@process.st","2022-02-17T17:39:13.957Z","2026-07-21T19:38:56.323Z","","","","Overdue","3","25","88","Projeto FV"
"https://app.process.st/runs/qS1gsISlznWDrzGRkXRAQw","Marciel Dourado França 3848-F","pedro.pantaleao@gaussenergia.com.br group-698ea497-ec60-4bde-b165-b8f9ccbb0cfe@process.st","2020-10-06T17:10:59.930Z","2026-07-21T19:11:27.424Z","","","","Overdue","2","21","88","Projeto FV"
"https://app.process.st/runs/pJaIVSBk-COu5NNkGYxLZQ","Cibele Oliveira Nunes - 13134-F","pedro.pantaleao@gaussenergia.com.br","2025-06-04T17:58:32.739Z","2026-07-21T17:35:36.636Z","","","","Overdue","3","21","88","Projeto FV"
"https://app.process.st/runs/uxCd8aUClgEjh7XxETJI2w","Valdinei Lopes de Oliveira - 11653-F","pedro.pantaleao@gaussenergia.com.br","2024-07-25T17:22:16.259Z","2026-07-21T17:31:59.448Z","","","","Overdue","3","21","88","Projeto FV"
"https://app.process.st/runs/j95HNAANwguKhNXWzMFHeA","Carlos Benedito Zumaeta Rebouças AUMENTO 3989-F","pedro.pantaleao@gaussenergia.com.br","2025-05-13T18:46:59.029Z","2026-07-21T17:09:14.612Z","","","","Overdue","3","28","88","Projeto FV"
"https://app.process.st/runs/uKp69lUdGFDXJZXdmdRBhA","Naiara Loula Dourado Gomes - 12180-F","pedro.pantaleao@gaussenergia.com.br group-698ea497-ec60-4bde-b165-b8f9ccbb0cfe@process.st","2024-12-03T14:26:52.164Z","2026-07-21T14:52:10.399Z","","","","Overdue","3","21","88","Projeto FV"
"https://app.process.st/runs/rjvaweUuVCH0G0jfCWdPUw","Valtek Jorge Lima Silva AUMENTO 2 - 5113-F","pedro.pantaleao@gaussenergia.com.br group-698ea497-ec60-4bde-b165-b8f9ccbb0cfe@process.st group-aa595f0b-d840-4fcb-8407-a22a023e7e0d@process.st","2026-03-02T18:24:36.857Z","2026-07-21T14:49:32.049Z","","","","Overdue","4","20","88","Projeto FV"
"https://app.process.st/runs/pS5xUgkah_oKgwe5uxdIPA","Radio Gabriela FM 3475-F","pedro.pantaleao@gaussenergia.com.br","2021-02-11T17:29:27.073Z","2026-07-21T14:40:33.519Z","","","","Overdue","3","24","88","Projeto FV"
"https://app.process.st/runs/tGkqKL6_mYirHRLP1yVFew","Soraya Jones El-Chami AUMENTO / Augusto Acioly 4540-F","pedro.pantaleao@gaussenergia.com.br","2024-06-07T12:22:19.773Z","2026-07-21T14:12:44.659Z","","","","Overdue","3","25","88","Projeto FV"
"https://app.process.st/runs/pTOqs7d_8HxpwGXGEVVHTA","Provedor Eldorado Telecom Ltda / Elder Carlos Maciel de Almeida - 5637-F","pedro.pantaleao@gaussenergia.com.br group-698ea497-ec60-4bde-b165-b8f9ccbb0cfe@process.st","2021-06-25T18:51:17.233Z","2026-07-21T13:57:24.952Z","","","","Overdue","3","22","88","Projeto FV"
"https://app.process.st/runs/tg9zHTIAAVqAMGhornZIuQ","Provedor Eldorado Telecom LTDA 2 - 12045-F","pedro.pantaleao@gaussenergia.com.br group-698ea497-ec60-4bde-b165-b8f9ccbb0cfe@process.st","2024-10-17T13:58:30.463Z","2026-07-21T13:54:53.404Z","","","","Overdue","3","21","88","Projeto FV"
"https://app.process.st/runs/l-MCHRs4fjXgKEiWfwZFDQ","Casa Dez Comercio Ltda - 0004-E","pedro.pantaleao@gaussenergia.com.br group-aa595f0b-d840-4fcb-8407-a22a023e7e0d@process.st","2025-12-15T18:11:33.343Z","2026-07-21T13:46:37.988Z","","","","OnTrack","0","13","88","Projeto FV"
"https://app.process.st/runs/v6pZe13K9nkW0lefzZhG4Q","Alaide Maria Peixoto Soares 5654-F","pedro.pantaleao@gaussenergia.com.br group-698ea497-ec60-4bde-b165-b8f9ccbb0cfe@process.st","2021-06-23T18:30:44.632Z","2026-07-21T13:36:25.054Z","","","","Overdue","3","22","88","Projeto FV"
"https://app.process.st/runs/lbFVU9h9yJs8V-Gd6y9JVQ","Fabiana Pires Machado ME 1154-F","","2018-12-10T18:34:40.927Z","2026-07-21T13:09:26.705Z","","","","Overdue","5","20","88","Projeto FV"
"https://app.process.st/runs/pyfx_WDTji0f2E4mdghMNQ","Bruno Santana Alves Nascimento - 11176-F","pedro.pantaleao@gaussenergia.com.br group-698ea497-ec60-4bde-b165-b8f9ccbb0cfe@process.st","2024-04-15T17:25:42.918Z","2026-07-21T12:01:32.308Z","","","","Overdue","3","21","88","Projeto FV"
"https://app.process.st/runs/mi8MkcwAw-Ormn_XCdtPIA","Josete de Souza Machado - 10671-F","pedro.pantaleao@gaussenergia.com.br","2024-02-06T18:50:13.112Z","2026-07-21T11:48:16.049Z","","","","Overdue","3","21","88","Projeto FV"
"https://app.process.st/runs/kP1Wg_tvOPt7wXyBy-5MVQ","Clodoaldo de Santana Ramos / Adevanilda / SOMAR 4069-F","pedro.pantaleao@gaussenergia.com.br group-698ea497-ec60-4bde-b165-b8f9ccbb0cfe@process.st","2020-12-02T21:08:47.962Z","2026-07-21T11:27:03.128Z","","","","Overdue","2","22","88","Projeto FV"
"https://app.process.st/runs/k3q7r-J1qE4tuLXJgp9Deg","erro","pedro.pantaleao@gaussenergia.com.br","2026-07-20T17:31:24.310Z","2026-07-20T17:31:38.059Z","","","","OnTrack","0","0","88","Projeto FV"
"https://app.process.st/runs/mR-iBs__mIckIx-IYEJCQA","Elias Gomes Dourado - Pizzaria a Fornalha 2907-F","","2020-01-16T17:41:28.345Z","2026-07-20T16:26:31.690Z","","","","Overdue","5","17","88","Projeto FV"
"https://app.process.st/runs/sUgEEMH1uvUAfU5dkoFG7g","Marcia Mendes de Sousa ADEQUAÇAO 2697-F","gabriel@gaussenergia.com.br group-aa595f0b-d840-4fcb-8407-a22a023e7e0d@process.st","2026-07-17T13:52:44.411Z","2026-07-20T11:51:17.305Z","","","","OnTrack","0","3","88","Projeto FV"
"https://app.process.st/runs/rkxVYSmVXWOV3prO3PpH3A","Rodrigo Figueiredo Alves Malaquias - 14949-F","pedro.pantaleao@gaussenergia.com.br group-698ea497-ec60-4bde-b165-b8f9ccbb0cfe@process.st group-aa595f0b-d840-4fcb-8407-a22a023e7e0d@process.st","2026-03-12T17:51:29.507Z","2026-07-19T17:17:16.519Z","","","","Overdue","4","20","88","Projeto FV"
"https://app.process.st/runs/lAyS8rZiY7AcrcBlQl9FZw","Salim Rebouças de Oliveira - 15124-F","pedro.pantaleao@gaussenergia.com.br group-aa595f0b-d840-4fcb-8407-a22a023e7e0d@process.st","2026-04-22T12:04:11.681Z","2026-07-18T17:07:31.423Z","","","","Overdue","4","19","88","Projeto FV"
"https://app.process.st/runs/qpN2zraon0AJVhuLiAZDTg","Michelle Oliveira Silva Santos - 15309-F","pedro.pantaleao@gaussenergia.com.br group-aa595f0b-d840-4fcb-8407-a22a023e7e0d@process.st","2026-05-05T13:00:43.551Z","2026-07-18T16:39:17.424Z","","","","Overdue","3","18","88","Projeto FV"
"https://app.process.st/runs/kiw-RQAbAFZeO2QaHuhEFQ","Calçados e Confecçoes Sao Francisco 2 / Casa Sao Francisco 2 ADEQUAÇAO 9657-F","gabriel@gaussenergia.com.br group-aa595f0b-d840-4fcb-8407-a22a023e7e0d@process.st","2026-04-14T18:33:41.927Z","2026-07-18T16:38:30.423Z","","","","Overdue","4","19","88","Projeto FV"
"https://app.process.st/runs/qlYExK8gnc0MDza-RKhN_g","Centro de Educação Integral de Irecê ADEQUAÇAO 9067-F","gabriel@gaussenergia.com.br group-aa595f0b-d840-4fcb-8407-a22a023e7e0d@process.st","2026-04-13T19:35:56.319Z","2026-07-18T16:07:50.059Z","","","","Overdue","4","18","88","Projeto FV"
"https://app.process.st/runs/gMz7ribAifagXJH0nqlIvg","Josemilton Rocha Cavalcante AUMENTO / Supermercado Economico 2516-F","pedro.pantaleao@gaussenergia.com.br group-aa595f0b-d840-4fcb-8407-a22a023e7e0d@process.st","2026-07-14T13:30:12.425Z","2026-07-17T23:16:42.079Z","","","","OnTrack","0","12","88","Projeto FV"
"https://app.process.st/runs/sTBphTKRAwTUyxNGyiZETw","Simone Souza Bonfim - 14626-F","pedro.pantaleao@gaussenergia.com.br","2025-12-04T17:31:28.072Z","2026-07-17T18:27:40.636Z","","","","Overdue","2","19","88","Projeto FV"
"https://app.process.st/runs/pI74Y_9OZOAp_CLO_hlEgQ","Frutop Agropecuaria Ltda ME 7 LIMITAÇAO DE POTENCIA BESS / NAO EXECUTADO Fz Lot Empresarial / Pec Sede - 14337.7-F","pedro.pantaleao@gaussenergia.com.br group-aa595f0b-d840-4fcb-8407-a22a023e7e0d@process.st","2026-04-14T17:14:09.106Z","2026-07-17T17:27:16.297Z","","","","Overdue","1","9","88","Projeto FV"
"https://app.process.st/runs/oqHgUW_AO3vsZtCUy45H7w","Marcia Mendes de Sousa 2 (aumento) 2697-F","pedro.pantaleao@gaussenergia.com.br group-aa595f0b-d840-4fcb-8407-a22a023e7e0d@process.st","2020-07-01T21:34:01.808Z","2026-07-17T14:56:56.706Z","","","","OnTrack","0","5","88","Projeto FV"
"https://app.process.st/runs/qg2B8_Oc1OBf4yvQ0yZH-g","Gabriela Center LTDA / Luciana Reis ADEQUAÇAO 9503-F","gabriel@gaussenergia.com.br group-aa595f0b-d840-4fcb-8407-a22a023e7e0d@process.st","2026-03-24T17:19:14.813Z","2026-07-17T11:01:04.682Z","","","","Overdue","1","10","88","Projeto FV"
"https://app.process.st/runs/rQ3dMgtfl4v864kDoxtE3Q","Mauricio Rocha / Aparecida Maria 2790-F","pedro.pantaleao@gaussenergia.com.br","2019-11-05T21:18:36.167Z","2026-07-16T19:42:37.441Z","","","","Overdue","4","19","88","Projeto FV"
"https://app.process.st/runs/rEkigIku1sf_zR8J1ZROTQ","Paulo Henrique Figueiredo 2746-F","pedro.pantaleao@gaussenergia.com.br","2019-10-31T19:26:58.741Z","2026-07-16T18:08:17.624Z","","","","Overdue","5","18","88","Projeto FV"
"https://app.process.st/runs/hbcw8NuIk_TqjXWcTidDmQ","Marcia Mendes de Sousa 2697-F","raniel.garcia@gaussenergia.com.br","2019-10-17T16:58:08.878Z","2026-07-16T17:44:57.846Z","","","","Overdue","4","16","88","Projeto FV"
"https://app.process.st/runs/oypMPIrgoUbNkm4eNqpKDQ","Rildo Alves / Construmaq 1704-F","pedro.pantaleao@gaussenergia.com.br group-698ea497-ec60-4bde-b165-b8f9ccbb0cfe@process.st","2019-04-10T14:19:46.664Z","2026-07-16T17:19:58.332Z","","","","Overdue","4","17","88","Projeto FV"
"https://app.process.st/runs/kJVySEXUCLvFuZqNKUBL_Q","Vania Galvão 2562-F","group-698ea497-ec60-4bde-b165-b8f9ccbb0cfe@process.st","2019-12-04T23:21:43.938Z","2026-07-16T15:01:08.795Z","","","","Overdue","1","20","88","Projeto FV"
"https://app.process.st/runs/taj4M_Dm5-27qNowl_FPbw","Elson Felix Tarrao / Odenice - 10146-F","pedro.pantaleao@gaussenergia.com.br group-698ea497-ec60-4bde-b165-b8f9ccbb0cfe@process.st","2023-09-12T20:02:59.700Z","2026-07-16T14:33:58.434Z","","","","Overdue","3","26","88","Projeto FV"
"https://app.process.st/runs/g13S48tuDFdoZwKibSpNVg","Eric Sugui da Silva - 10602-F","pedro.pantaleao@gaussenergia.com.br","2023-12-01T18:09:02.442Z","2026-07-16T14:03:54.994Z","","","","Overdue","3","21","88","Projeto FV"
"https://app.process.st/runs/lsWSeXDYPYWDxmA1twlPpQ","Leide Daiana Pereira Paiva ADEQUAÇAO 10131-F","gabriel@gaussenergia.com.br","2026-07-16T11:24:46.024Z","2026-07-16T11:26:16.318Z","","","","OnTrack","0","0","88","Projeto FV"
"https://app.process.st/runs/jv8aykj9SL6ZcP1OgZRKUw","Gilvan Souza Lima - Leidiane 2111-F","gabriel@gaussenergia.com.br","2019-05-09T22:00:50.281Z","2026-07-14T19:48:30.198Z","","","","Overdue","5","18","88","Projeto FV"
"https://app.process.st/runs/smDuQUzIkbdpD5kDMVNC9w","Marciana Alves - 12570-F","pedro.pantaleao@gaussenergia.com.br group-698ea497-ec60-4bde-b165-b8f9ccbb0cfe@process.st","2025-01-23T17:14:29.348Z","2026-07-14T18:16:58.569Z","","","","Overdue","2","20","88","Projeto FV"
"https://app.process.st/runs/rKXORo2FpKJ6QJ9nxMVCpA","Andre Almeida Campos - 12666-F","gabriel@gaussenergia.com.br group-698ea497-ec60-4bde-b165-b8f9ccbb0cfe@process.st","2025-02-12T14:52:21.025Z","2026-07-14T18:14:17.121Z","","","","Overdue","3","26","88","Projeto FV"
"https://app.process.st/runs/iDlmAVxBF7aZWompyTFGBA","Mauro Sergio Cruz ADEQUAÇAO 7425-F","gabriel@gaussenergia.com.br group-aa595f0b-d840-4fcb-8407-a22a023e7e0d@process.st","2026-02-13T14:31:27.522Z","2026-07-14T17:58:24.120Z","","","","Overdue","4","19","88","Projeto FV"
"https://app.process.st/runs/hSiPUv9QUaHN75dcEdlCAQ","Glaucia de Fatima Encarnacao - 15107-F","pedro.pantaleao@gaussenergia.com.br group-698ea497-ec60-4bde-b165-b8f9ccbb0cfe@process.st group-aa595f0b-d840-4fcb-8407-a22a023e7e0d@process.st","2026-04-24T19:13:48.435Z","2026-07-14T14:26:43.760Z","","","","Overdue","3","19","88","Projeto FV"
"https://app.process.st/runs/vvd57ImwlpUhBxoQXxVLlg","Josemilton Rocha Cavalcante / Supermercado Economico 2516-F","raniel.garcia@gaussenergia.com.br group-698ea497-ec60-4bde-b165-b8f9ccbb0cfe@process.st","2019-10-03T16:06:42.506Z","2026-07-14T13:30:04.862Z","","","","Overdue","4","22","88","Projeto FV"
"https://app.process.st/runs/h7xCo9sav6qP8To3RQ1OwA","Soma Patrimonial Mini / Cantina Volpi / Barra do Mendes - 7122-F","pedro.pantaleao@gaussenergia.com.br","2022-09-23T13:29:22.834Z","2026-07-13T19:37:13.291Z","","","","Overdue","3","27","88","Projeto FV"
"https://app.process.st/runs/qAlVcR2_afnLJWVPoN1JBA","Luiz Carlos de Assis Junior ADEQUAÇAO / sistema inicial de outra empresa 10219-F","gabriel@gaussenergia.com.br group-aa595f0b-d840-4fcb-8407-a22a023e7e0d@process.st","2026-03-23T14:22:59.806Z","2026-07-13T18:55:22.088Z","","","","Overdue","4","17","88","Projeto FV"
"https://app.process.st/runs/krGbXLJds0tyusJlqABLiA","Arte da Bahia Comercio ADEQUAÇAO - 1221-F","gabriel@gaussenergia.com.br group-aa595f0b-d840-4fcb-8407-a22a023e7e0d@process.st","2026-05-29T18:43:54.292Z","2026-07-13T11:00:18.872Z","","","","Overdue","1","15","88","Projeto FV"
"https://app.process.st/runs/l1dPRGLVAsOVjtOb0sxNvw","Tereza Cristina Bittencourt Santos AUMENTO DE PROJETO TERCEIRO - 14957-F","pedro.pantaleao@gaussenergia.com.br group-aa595f0b-d840-4fcb-8407-a22a023e7e0d@process.st","2026-03-26T19:20:20.425Z","2026-07-12T17:29:48.936Z","","","","Overdue","4","17","88","Projeto FV"
"https://app.process.st/runs/r5LmPRi6PVUAlHDLZ3hCsA","Elida Nascimento dos Santos ADEQUAÇAO 9679-F","gabriel@gaussenergia.com.br group-aa595f0b-d840-4fcb-8407-a22a023e7e0d@process.st","2026-03-31T19:49:25.133Z","2026-07-12T17:17:54.451Z","","","","Overdue","5","18","88","Projeto FV"
"https://app.process.st/runs/pinOq4rh50w5JNxEpmVH1Q","Carlos Alberto Almeida Silva 3 - 14007-F","pedro.pantaleao@gaussenergia.com.br group-698ea497-ec60-4bde-b165-b8f9ccbb0cfe@process.st group-aa595f0b-d840-4fcb-8407-a22a023e7e0d@process.st","2025-10-17T12:59:37.050Z","2026-07-12T16:56:48.281Z","","","","Overdue","4","20","88","Projeto FV"
"https://app.process.st/runs/p_3LX_5UImMxJVo6PfhB6Q","Francisca Ramos dos Santos Andrade - 14748-F","pedro.pantaleao@gaussenergia.com.br group-aa595f0b-d840-4fcb-8407-a22a023e7e0d@process.st","2026-03-12T14:16:01.651Z","2026-07-12T13:57:22.933Z","","","","Overdue","5","19","88","Projeto FV"
"https://app.process.st/runs/gZ_egWdMLXqPWEfUGzlJVQ","Jean Carlo Santos de Jesus - 14252-F","pedro.pantaleao@gaussenergia.com.br group-aa595f0b-d840-4fcb-8407-a22a023e7e0d@process.st","2026-04-15T14:37:10.064Z","2026-07-12T11:54:46.553Z","","","","Overdue","3","18","88","Projeto FV"
"https://app.process.st/runs/oPzSts93lm_zYXGEiFdIjQ","Di Tudo ADEQUAÇAO 855.1-F","gabriel@gaussenergia.com.br","2026-03-17T19:07:34.880Z","2026-07-11T18:48:05.932Z","","","","Overdue","3","20","88","Projeto FV"
"https://app.process.st/runs/mWSAuSh9eu58taJFweZIsA","Joseilton Vieira Fraga ADEQUAÇAO 8415-F","gabriel@gaussenergia.com.br","2026-03-09T14:02:09.744Z","2026-07-11T18:47:34.064Z","","","","Overdue","3","20","88","Projeto FV"
"https://app.process.st/runs/un2-xy1pTtsaPUMglTlMsw","Uniao Leste Brasileira da Igreja Adventista do Setimo Dia ADEQUAÇAO - 9619-F","gabriel@gaussenergia.com.br","2026-04-13T17:23:41.942Z","2026-07-11T18:47:09.588Z","","","","Overdue","2","19","88","Projeto FV"
"https://app.process.st/runs/hz4uMzU2B6ef62nnAvxBeQ","Edvaldo Viana de Menezes - 14767-F","pedro.pantaleao@gaussenergia.com.br group-aa595f0b-d840-4fcb-8407-a22a023e7e0d@process.st","2026-03-12T14:43:14.961Z","2026-07-11T14:48:10.114Z","","","","Overdue","3","21","88","Projeto FV"
"https://app.process.st/runs/qK-7LjE6BWAd16NA-UJNRw","Jose Mario Barreto Sodre - 14686-F","pedro.pantaleao@gaussenergia.com.br group-698ea497-ec60-4bde-b165-b8f9ccbb0cfe@process.st","2026-03-23T18:36:32.619Z","2026-07-11T14:46:37.371Z","","","","Overdue","5","26","88","Projeto FV"
"https://app.process.st/runs/s4Ir12hu7DqZr5BGWY5ACQ","Mercantil Souza 3 - Fazenda / Antonio Carlos Pereira de Souza ADEQUAÇAO - 2879.3-F","pedro.pantaleao@gaussenergia.com.br","2025-05-30T13:38:46.613Z","2026-07-11T11:57:22.585Z","","","","Overdue","3","21","88","Projeto FV"
"https://app.process.st/runs/o1BszgCRyxsdSGiE9s9J_A","Igreja Presbiteriana de Conquista - 13854-F","pedro.pantaleao@gaussenergia.com.br group-aa595f0b-d840-4fcb-8407-a22a023e7e0d@process.st","2025-10-01T14:51:01.765Z","2026-07-10T19:14:26.585Z","","","","Overdue","4","17","88","Projeto FV"
"https://app.process.st/runs/jJONXBLRmJ6ObUeeeg9Caw","Francisco das Chagas Pereira 3477-F","pedro.pantaleao@gaussenergia.com.br","2020-06-15T15:33:45.620Z","2026-07-10T17:57:22.111Z","","","","OnTrack","0","23","88","Projeto FV"
"https://app.process.st/runs/ph25HgLsS3_417k1ihdD4A","Sarah Nalygia Matos Viana - 12196-F","pedro.pantaleao@gaussenergia.com.br","2024-11-07T14:38:39.329Z","2026-07-10T14:32:01.812Z","","","","Overdue","3","21","88","Projeto FV"
"https://app.process.st/runs/hLEvuK6mPUQUrYwvY_xBIQ","Uilson da Silva Santos ADEQUAÇAO 10049-F","gabriel@gaussenergia.com.br","2026-04-13T17:10:01.581Z","2026-07-10T14:09:47.583Z","","","","Overdue","3","20","88","Projeto FV"
"https://app.process.st/runs/tGp9ZlrBLvf07mNgi8NELg","Alex Sandro Bento de Carvalho - 10589-F","pedro.pantaleao@gaussenergia.com.br group-698ea497-ec60-4bde-b165-b8f9ccbb0cfe@process.st","2023-12-07T14:24:54.849Z","2026-07-10T14:02:53.219Z","","","","Overdue","3","21","88","Projeto FV"
"https://app.process.st/runs/vUS6QRJ8K5EZUQGJBJdJXw","Madalena Neri de Barros Silva - 12866-F","pedro.pantaleao@gaussenergia.com.br group-698ea497-ec60-4bde-b165-b8f9ccbb0cfe@process.st","2025-03-13T13:22:57.200Z","2026-07-10T14:00:03.676Z","","","","Overdue","3","22","88","Projeto FV"
"https://app.process.st/runs/nK41X3bLFwjFCl0GUERBZQ","Ecijania Alves de Freitas Silva AUMENTO / Jose Valci 7027-F","pedro.pantaleao@gaussenergia.com.br group-698ea497-ec60-4bde-b165-b8f9ccbb0cfe@process.st","2022-10-20T12:47:57.115Z","2026-07-10T13:45:40.176Z","","","","Overdue","3","21","88","Projeto FV"
"https://app.process.st/runs/mdpBlk5mkRjLGU-6KhZMbQ","Michael Almeida Nogueira 8603-F","pedro.pantaleao@gaussenergia.com.br","2022-09-08T19:29:09.540Z","2026-07-10T13:33:36.220Z","","","","Overdue","3","21","88","Projeto FV"
"https://app.process.st/runs/hp0y-eZ1zNYFICwx76tOxQ","Edmundo Nunes Cruz / Igreja Batista Jerusalem - 7618-F","pedro.pantaleao@gaussenergia.com.br","2022-03-15T17:58:19.370Z","2026-07-10T13:23:44.457Z","","","","Overdue","1","23","88","Projeto FV"
"https://app.process.st/runs/mh6AjZcryGoiMTdoGfVOWQ","Janival Otavio de Figueiredo - 10171-F","pedro.pantaleao@gaussenergia.com.br","2023-08-14T13:24:45.464Z","2026-07-10T13:16:50.094Z","","","","Overdue","3","20","88","Projeto FV"
"https://app.process.st/runs/i0nQ_jRRWw4gOkb-8SFAdg","Lojas Geocomercial LTDA 3 Joao Dourado - 11521.3-F","pedro.pantaleao@gaussenergia.com.br","2024-07-04T12:10:05.446Z","2026-07-10T13:10:34.136Z","","","","Overdue","3","21","88","Projeto FV"
"https://app.process.st/runs/h5lGHQV24eVPo_Sj4qNKvQ","Bernardo Santana Alves Nascimento - 12681-F","pedro.pantaleao@gaussenergia.com.br group-698ea497-ec60-4bde-b165-b8f9ccbb0cfe@process.st group-aa595f0b-d840-4fcb-8407-a22a023e7e0d@process.st","2025-02-26T16:58:58.843Z","2026-07-10T12:59:05.959Z","","","","Overdue","4","21","88","Projeto FV"
"https://app.process.st/runs/tnSGBkDvT44xCZc1XbxCTw","Adelson Leal 3 - Posto Dourado 1339.3-F","gabriel@gaussenergia.com.br","2018-12-14T20:04:18.557Z","2026-07-10T12:52:08.644Z","","","","Overdue","5","21","88","Projeto FV"
"https://app.process.st/runs/hTCtQdEXCBvJQ352oeNCKg","Gracina Magnolia Batista - 12228-F","pedro.pantaleao@gaussenergia.com.br group-698ea497-ec60-4bde-b165-b8f9ccbb0cfe@process.st","2024-12-13T17:50:36.142Z","2026-07-10T12:51:47.906Z","","","","Overdue","3","29","88","Projeto FV"
"https://app.process.st/runs/ukuAetagzlTuA870qJ5NBw","Frutop Agropecuaria Ltda ME 6 LIMITAÇAO DE POTENCIA / Po Miroros 200 / Frutop I - 14337.6-F","pedro.pantaleao@gaussenergia.com.br group-aa595f0b-d840-4fcb-8407-a22a023e7e0d@process.st","2026-04-13T17:11:09.380Z","2026-07-09T19:23:43.283Z","","","","OnTrack","0","18","88","Projeto FV"
"https://app.process.st/runs/kyHxgzNbM6BS28zOfetGRA","Royal Textil Ind e Com de Confec Ltda -> Arenilton Paulo dos Santos AUMENTO - 4577-F","pedro.pantaleao@gaussenergia.com.br group-aa595f0b-d840-4fcb-8407-a22a023e7e0d@process.st","2026-06-10T13:46:34.367Z","2026-07-09T19:06:54.021Z","","","","OnTrack","0","13","88","Projeto FV"
"https://app.process.st/runs/rS4zT7XtLt9UIpWPLRRFng","Servi Empresarial Ltda - 14642-F","pedro.pantaleao@gaussenergia.com.br group-aa595f0b-d840-4fcb-8407-a22a023e7e0d@process.st","2026-06-01T14:02:55.387Z","2026-07-09T17:08:49.464Z","","","","OnTrack","0","13","88","Projeto FV"
"https://app.process.st/runs/t-FjN52rIpbc92FyWeFKfQ","Douglas Tesoto - 13357-F","pedro.pantaleao@gaussenergia.com.br group-aa595f0b-d840-4fcb-8407-a22a023e7e0d@process.st","2025-05-23T15:00:56.858Z","2026-07-09T17:08:39.908Z","","","","OnTrack","0","18","88","Projeto FV"
"https://app.process.st/runs/sj_ca6bRm66yqv_5u9NBBg","Municipio de Uibai / Escola Municipal Jose de Anchieta - 14673-F","pedro.pantaleao@gaussenergia.com.br group-aa595f0b-d840-4fcb-8407-a22a023e7e0d@process.st","2026-07-08T19:33:22.745Z","2026-07-09T16:55:38.478Z","","","","OnTrack","0","3","88","Projeto FV"
"https://app.process.st/runs/mVDvkeLBe5bV8xRSpmtIaA","Municipio de Uibai / Escola Municipal Gildécio Pereira Matos - 14674-F","pedro.pantaleao@gaussenergia.com.br group-aa595f0b-d840-4fcb-8407-a22a023e7e0d@process.st","2026-07-08T19:04:22.826Z","2026-07-08T19:32:17.497Z","","","","OnTrack","0","3","88","Projeto FV"
"https://app.process.st/runs/pUVP5MlxqXgqDbWKzQpN6Q","8346-F Celso Novais de Freitas","pedro.pantaleao@gaussenergia.com.br group-698ea497-ec60-4bde-b165-b8f9ccbb0cfe@process.st","2022-08-01T19:18:17.894Z","2026-07-08T17:48:06.208Z","","","","Overdue","3","27","88","Projeto FV"
"https://app.process.st/runs/mtCB81hDPy9UiVHN6tRLIw","Wilde Soares de Jesus 5569-F","pedro.pantaleao@gaussenergia.com.br group-698ea497-ec60-4bde-b165-b8f9ccbb0cfe@process.st","2022-05-27T13:23:55.079Z","2026-07-08T17:21:53.074Z","","","","Overdue","3","21","88","Projeto FV"
"https://app.process.st/runs/neYGgU1hhuyLhTsYe9FNQw","Adriano Carvalho Silva - 14595-F","pedro.pantaleao@gaussenergia.com.br group-698ea497-ec60-4bde-b165-b8f9ccbb0cfe@process.st","2025-11-26T14:46:23.206Z","2026-07-08T17:15:51.219Z","","","","Overdue","3","21","88","Projeto FV"
"https://app.process.st/runs/rLwKxY4Hr1AaGedzoI9BPA","Kelly Christine Ledo Damasceno 8869-F","pedro.pantaleao@gaussenergia.com.br","2022-10-25T17:33:06.809Z","2026-07-08T14:59:23.542Z","","","","Overdue","3","22","88","Projeto FV"
"https://app.process.st/runs/vLvXj_ktex_QABbaHxlFWA","Pedro Wenceslao Cardoso Rodrigues AUMENTO - 8728-F","pedro.pantaleao@gaussenergia.com.br","2025-07-09T13:19:32.363Z","2026-07-08T14:57:00.876Z","","","","Overdue","3","20","88","Projeto FV"
"https://app.process.st/runs/lVEypMg_yD3tsGWNs7JNHg","Herivelton de Oliveira - 10559-F","pedro.pantaleao@gaussenergia.com.br","2023-11-17T12:52:56.076Z","2026-07-08T14:40:17.029Z","","","","Overdue","3","21","88","Projeto FV"
"https://app.process.st/runs/lmV-oLiS4EfTFEKz7uFHFw","Davi Olinto Soares 2 - 11394-F","pedro.pantaleao@gaussenergia.com.br group-698ea497-ec60-4bde-b165-b8f9ccbb0cfe@process.st","2024-04-30T17:32:19.067Z","2026-07-08T14:33:12.013Z","","","","Overdue","3","21","88","Projeto FV"
"https://app.process.st/runs/p5iN0NfkHZSayukWsupK5g","Juliana Maria de Sousa 4270-F","pedro.pantaleao@gaussenergia.com.br group-698ea497-ec60-4bde-b165-b8f9ccbb0cfe@process.st","2021-05-06T17:58:45.241Z","2026-07-08T14:21:10.328Z","","","","Overdue","3","21","88","Projeto FV"
"https://app.process.st/runs/tNpUwn0H63HC6cSaNTBNhA","Neudete Nunes Pequi 9401-F","pedro.pantaleao@gaussenergia.com.br group-698ea497-ec60-4bde-b165-b8f9ccbb0cfe@process.st","2022-12-02T13:34:26.482Z","2026-07-08T14:01:16.597Z","","","","Overdue","3","28","88","Projeto FV"
"https://app.process.st/runs/m81EbDFGzKk71XgekuFOcQ","Ademario Rodrigues dos Santos AUMENTO - 10347-F - 14798-F","gabriel@gaussenergia.com.br group-698ea497-ec60-4bde-b165-b8f9ccbb0cfe@process.st group-aa595f0b-d840-4fcb-8407-a22a023e7e0d@process.st","2026-02-13T18:42:25.086Z","2026-07-08T13:58:54.992Z","","","","Overdue","1","17","88","Projeto FV"
"https://app.process.st/runs/voK2xGFe6wFQjkEyO_9H_w","Jairo Alves Azevedo - 14899-F","gabriel@gaussenergia.com.br group-aa595f0b-d840-4fcb-8407-a22a023e7e0d@process.st","2026-02-12T17:12:56.388Z","2026-07-08T13:54:58.754Z","","","","Overdue","4","22","88","Projeto FV"
"https://app.process.st/runs/m4RI9BhH-MXjvEEJ-y1K3g","Neildes de Souza Ribeiro - 14067-F","pedro.pantaleao@gaussenergia.com.br group-aa595f0b-d840-4fcb-8407-a22a023e7e0d@process.st","2026-05-22T17:31:39.491Z","2026-07-08T13:20:27.626Z","","","","OnTrack","0","12","88","Projeto FV"
"https://app.process.st/runs/vJVlthk6pOevzGHueedAhA","Noonan Negocios Imobiliarios Ltda - 14997-F","pedro.pantaleao@gaussenergia.com.br group-698ea497-ec60-4bde-b165-b8f9ccbb0cfe@process.st group-aa595f0b-d840-4fcb-8407-a22a023e7e0d@process.st","2026-07-07T14:20:12.023Z","2026-07-08T12:46:37.512Z","","","","OnTrack","0","4","88","Projeto FV"
"https://app.process.st/runs/mHv_B2WouukDyR-ljxBKcg","Fundaçao de Apoio a P. Extensao MUDANÇA ZERO GRID / FAPEX (8730-F) - 14650-F","pedro.pantaleao@gaussenergia.com.br group-aa595f0b-d840-4fcb-8407-a22a023e7e0d@process.st","2026-01-07T14:34:38.630Z","2026-07-08T11:15:56.598Z","","","","Overdue","1","10","88","Projeto FV"
"https://app.process.st/runs/mJUsf5yWpYpkZ4073vFPvw","Jailton Sena de Oliveira - 11142-F","pedro.pantaleao@gaussenergia.com.br group-698ea497-ec60-4bde-b165-b8f9ccbb0cfe@process.st","2024-05-23T18:35:38.480Z","2026-07-07T16:23:53.335Z","","","","Overdue","3","20","88","Projeto FV"
"https://app.process.st/runs/s2BCHEie4HtYCzrr0DhCOw","DSL Serviços e Montagem Ltda - 11862.2-F","pedro.pantaleao@gaussenergia.com.br group-698ea497-ec60-4bde-b165-b8f9ccbb0cfe@process.st","2024-11-13T17:41:01.038Z","2026-07-07T16:07:34.991Z","","","","Overdue","3","22","88","Projeto FV"
"https://app.process.st/runs/uGtA1Ldj-kUUdbB6uiBC0A","Daniela Mercuri de Almeida Vercosa - Malu Sá ADEQUAÇAO 7447-F","gabriel@gaussenergia.com.br","2026-02-13T17:23:33.122Z","2026-07-07T12:56:05.559Z","","","","Overdue","3","24","88","Projeto FV"
"https://app.process.st/runs/iifbaXFp5WNSAUazLc9G-g","Claudia Dantas Farias Souza de Souza AUMENTO DE PROJETO TERCEIRO - 14857-F","pedro.pantaleao@gaussenergia.com.br group-aa595f0b-d840-4fcb-8407-a22a023e7e0d@process.st","2026-03-03T18:04:59.749Z","2026-07-06T17:48:24.625Z","","","","Overdue","3","18","88","Projeto FV"
"https://app.process.st/runs/p9cL724CgLfRWBKNjH1KbA","Condominio Residencial Bosque Italia ADEQUAÇAO - 6006","gabriel@gaussenergia.com.br group-aa595f0b-d840-4fcb-8407-a22a023e7e0d@process.st","2026-02-24T17:44:43.486Z","2026-07-06T17:46:48.616Z","","","","Overdue","4","17","88","Projeto FV"
"https://app.process.st/runs/sClBw09BAbSumxSQn8dPbg","Anderson Vaz Rodrigues AUMENTO / Barbara Emily Matos 9614-F","pedro.pantaleao@gaussenergia.com.br group-aa595f0b-d840-4fcb-8407-a22a023e7e0d@process.st","2026-02-20T18:55:58.995Z","2026-07-06T17:35:26.862Z","","","","Overdue","5","18","88","Projeto FV"
"https://app.process.st/runs/kgblrIxYmO0WO4YfWBtOtg","Aline Melo Ferreira AUMENTO - 14341-F","pedro.pantaleao@gaussenergia.com.br group-698ea497-ec60-4bde-b165-b8f9ccbb0cfe@process.st group-aa595f0b-d840-4fcb-8407-a22a023e7e0d@process.st","2026-02-26T17:32:01.480Z","2026-07-06T17:31:22.574Z","","","","Overdue","4","20","88","Projeto FV"
"https://app.process.st/runs/rzs45GeQT94LT0TdxmdIYw","Antonio Mansur Dahia - 14617-F","pedro.pantaleao@gaussenergia.com.br group-698ea497-ec60-4bde-b165-b8f9ccbb0cfe@process.st group-aa595f0b-d840-4fcb-8407-a22a023e7e0d@process.st","2026-01-19T14:56:39.149Z","2026-07-06T14:41:49.617Z","","","","Overdue","4","20","88","Projeto FV"
"https://app.process.st/runs/odOHkX22-mKffWtPo49CeQ","Adriana Pinheiro de Oliveira AUMENTO E REALOCAÇAO - 10664-F","pedro.pantaleao@gaussenergia.com.br group-aa595f0b-d840-4fcb-8407-a22a023e7e0d@process.st","2026-03-25T12:14:11.281Z","2026-07-06T14:39:44.529Z","","","","Overdue","5","18","88","Projeto FV"
"https://app.process.st/runs/uQ0zhW6QycLU4HX47-VBhA","Marizete Silva do Nascimento - 15026-F","pedro.pantaleao@gaussenergia.com.br group-aa595f0b-d840-4fcb-8407-a22a023e7e0d@process.st","2026-04-08T20:51:35.764Z","2026-07-06T14:36:38.609Z","","","","Overdue","3","17","88","Projeto FV"
"https://app.process.st/runs/r9dXn_-rJBhzlvoAn7NPnQ","Lucas Assis Cardoso Guanabara - 13707-F","pedro.pantaleao@gaussenergia.com.br group-698ea497-ec60-4bde-b165-b8f9ccbb0cfe@process.st","2025-07-14T17:24:09.145Z","2026-07-06T12:06:03.755Z","","","","Overdue","3","22","88","Projeto FV"
"https://app.process.st/runs/q4gT_E_0RUaMkh8TsnFArA","Associaçao Conexao Solar 1 / Lapao - 14882.1-F","pedro.pantaleao@gaussenergia.com.br group-698ea497-ec60-4bde-b165-b8f9ccbb0cfe@process.st group-aa595f0b-d840-4fcb-8407-a22a023e7e0d@process.st","2026-01-30T13:27:04.807Z","2026-07-03T11:54:58.111Z","","","","Overdue","4","20","88","Projeto FV"
"https://app.process.st/runs/hs4qN9fJXLuZosgjUSdAQQ","Mailma Mabel Sampaio Vasconcelos ME / Camila ADEQUAÇAO 7419-F","gabriel@gaussenergia.com.br","2026-02-13T14:14:57.128Z","2026-07-01T19:16:55.620Z","","","","Overdue","3","20","88","Projeto FV"
"https://app.process.st/runs/oW5_-Ae6pC67PUrXYd5Edg","Maria Clara Barbosa de Freitas / Roberto de Freitas ADEQUAÇAO - 8140-F","gabriel@gaussenergia.com.br","2026-03-11T18:14:42.599Z","2026-07-01T19:15:55.620Z","","","","Overdue","3","20","88","Projeto FV"
"https://app.process.st/runs/vtBDxHExPApyXOi7DUxFxQ","Jaeldson Rosa Damasceno AUMENTO LIMITAÇAO DE POTENCIA - 11831-F","pedro.pantaleao@gaussenergia.com.br group-aa595f0b-d840-4fcb-8407-a22a023e7e0d@process.st","2026-03-19T12:24:47.474Z","2026-06-30T13:27:08.302Z","","","","OnTrack","0","16","88","Projeto FV"
"https://app.process.st/runs/kEWQrEdsepSGSeujIZtEwQ","GProject Projetos e Engenharia Ltda - MINI Ourolandia Tracker - 11791-F","pedro.pantaleao@gaussenergia.com.br group-aa595f0b-d840-4fcb-8407-a22a023e7e0d@process.st","2026-04-29T13:34:49.353Z","2026-06-30T13:27:03.943Z","","","","OnTrack","0","3","88","Projeto FV"
"https://app.process.st/runs/s1OdRgmG53Cz5NwjJiNGqg","Agricola Mattioni Ltda MINI ZERO GRID - 13799-F","pedro.pantaleao@gaussenergia.com.br group-aa595f0b-d840-4fcb-8407-a22a023e7e0d@process.st","2026-03-27T14:32:53.553Z","2026-06-30T13:13:50.200Z","","","","OnTrack","0","12","88","Projeto FV"
"https://app.process.st/runs/izsodCw5bFYnu5jVm2hDzg","Cris Iasmin Miranda Martins 2 - 12855-F","pedro.pantaleao@gaussenergia.com.br group-698ea497-ec60-4bde-b165-b8f9ccbb0cfe@process.st group-aa595f0b-d840-4fcb-8407-a22a023e7e0d@process.st","2026-03-20T14:57:47.510Z","2026-06-28T12:14:54.994Z","","","","Overdue","4","20","88","Projeto FV"
"https://app.process.st/runs/mT4jV29r78x3V_Fo7JhLkQ","Holistica Provedor Internet LTDA 1 ADEQUAÇAO 2 - 10010-F","gabriel@gaussenergia.com.br group-aa595f0b-d840-4fcb-8407-a22a023e7e0d@process.st","2026-04-08T18:46:16.150Z","2026-06-27T20:21:13.852Z","","","","Overdue","4","19","88","Projeto FV"
"https://app.process.st/runs/nYrnOzxkwolfl3Iv32BAKw","Thiago de Melo - Quy Sorwetto ADEQUAÇAO 2214-F","gabriel@gaussenergia.com.br group-aa595f0b-d840-4fcb-8407-a22a023e7e0d@process.st","2026-03-30T12:36:04.694Z","2026-06-27T20:12:24.069Z","","","","Overdue","4","17","88","Projeto FV"
"https://app.process.st/runs/rnAnENirNprXKNqr-O9Amg","Edvard Rodrigues da Mata ADEQUAÇAO 7338-F","gabriel@gaussenergia.com.br group-aa595f0b-d840-4fcb-8407-a22a023e7e0d@process.st","2026-02-12T19:34:25.474Z","2026-06-26T19:40:27.995Z","","","","Overdue","4","19","88","Projeto FV"
"https://app.process.st/runs/vntae2sRFVyOp7M1ug5Lnw","Rafaela da Paz Silva Brito - Paulo Barbosa - 14950-F","pedro.pantaleao@gaussenergia.com.br group-698ea497-ec60-4bde-b165-b8f9ccbb0cfe@process.st group-aa595f0b-d840-4fcb-8407-a22a023e7e0d@process.st","2026-03-09T19:03:06.458Z","2026-06-26T19:23:03.067Z","","","","Overdue","5","19","88","Projeto FV"
"https://app.process.st/runs/p4dayihUzZxecmw8xyxJ3A","Luanne Iasmin Souza Ramos - 15072-F","pedro.pantaleao@gaussenergia.com.br group-aa595f0b-d840-4fcb-8407-a22a023e7e0d@process.st","2026-03-30T12:32:59.731Z","2026-06-26T19:14:21.343Z","","","","Overdue","4","17","88","Projeto FV"
"https://app.process.st/runs/s7kyoIoHKFaGWS3zD4RN2A","Parmenia de Araujo Lima Moreira AUMENTO - 7429-F","pedro.pantaleao@gaussenergia.com.br group-aa595f0b-d840-4fcb-8407-a22a023e7e0d@process.st","2026-03-24T17:00:07.585Z","2026-06-26T19:04:20.517Z","","","","Overdue","5","18","88","Projeto FV"
"https://app.process.st/runs/idmfP1iQEPaWi734uyVPqw","Stoque Patrimonial LTDA AUMENTO - 11862-F","pedro.pantaleao@gaussenergia.com.br group-aa595f0b-d840-4fcb-8407-a22a023e7e0d@process.st","2026-03-04T18:02:29.200Z","2026-06-26T14:27:33.058Z","","","","Overdue","4","19","88","Projeto FV"
"https://app.process.st/runs/mNecYOkE0sLxMwgKbNJMdA","Renata Maria Monçao da Silva - 15091-F","pedro.pantaleao@gaussenergia.com.br group-aa595f0b-d840-4fcb-8407-a22a023e7e0d@process.st","2026-03-26T20:18:32.497Z","2026-06-22T18:03:39.055Z","","","","Overdue","3","18","88","Projeto FV"
"https://app.process.st/runs/sLx4bXc-dPWvdWFqukNLrQ","XL da Construção / Lyder 1 ADEQUAÇAO 858.1-F","gabriel@gaussenergia.com.br group-aa595f0b-d840-4fcb-8407-a22a023e7e0d@process.st","2026-03-20T13:29:10.336Z","2026-06-22T14:58:54.019Z","","","","Overdue","4","19","88","Projeto FV"
"https://app.process.st/runs/hFdZyKxTa3JmZfZPLoJDMg","Maria Elisabete de Mello e Silva dos Santos - 14904-F","pedro.pantaleao@gaussenergia.com.br group-aa595f0b-d840-4fcb-8407-a22a023e7e0d@process.st","2026-03-18T13:03:22.352Z","2026-06-22T14:45:47.598Z","","","","Overdue","3","18","88","Projeto FV"
"https://app.process.st/runs/jJgvHiE06KHFlmhusy9FPg","Flavio Dias de Santana - 14733-F","pedro.pantaleao@gaussenergia.com.br group-aa595f0b-d840-4fcb-8407-a22a023e7e0d@process.st","2026-03-30T18:00:34.114Z","2026-06-22T14:36:33.663Z","","","","Overdue","4","19","88","Projeto FV"
"https://app.process.st/runs/mmOGOuMV3zX9vmQ5v-NEzQ","Emerson Moreira Araujo dos Santos - 15015-F","pedro.pantaleao@gaussenergia.com.br group-698ea497-ec60-4bde-b165-b8f9ccbb0cfe@process.st group-aa595f0b-d840-4fcb-8407-a22a023e7e0d@process.st","2026-03-16T16:44:55.764Z","2026-06-22T14:26:28.699Z","","","","Overdue","4","20","88","Projeto FV"
"https://app.process.st/runs/iFOwWBK8QhsyEeVcmUFDUA","Igreja Comunidade Vida em Familia - 14820-F","pedro.pantaleao@gaussenergia.com.br","2026-01-30T17:54:51.979Z","2026-06-22T14:14:34.477Z","","","","Overdue","3","22","88","Projeto FV"
"https://app.process.st/runs/kGP2VogORVGZz2XYyZtGvA","JMC Contrutora E E I Ltda - 12416-F","pedro.pantaleao@gaussenergia.com.br","2026-03-18T11:45:23.168Z","2026-06-22T14:11:47.169Z","","","","Overdue","3","20","88","Projeto FV"
"https://app.process.st/runs/t_DbttpPCSMAUB1herNIAg","Miguel Pimentel Filho - Padaria Mae Chica / Weriton Rodrigues ADEQUAÇAO 2050-F","gabriel@gaussenergia.com.br","2026-03-18T16:37:25.632Z","2026-06-22T12:57:36.852Z","","","","Overdue","3","20","88","Projeto FV"
"https://app.process.st/runs/hd20hDzs10cGMauCbDBF8w","Weriton Rodrigues Pimentel 3 - Padaria Mae Chica ADEQUAÇAO 13568-F","gabriel@gaussenergia.com.br","2026-03-18T16:55:10.756Z","2026-06-22T12:57:23.852Z","","","","Overdue","3","20","88","Projeto FV"
"https://app.process.st/runs/tyNWWe9X6oU8Aoncj4lH2g","Carlos Roberto Ribeiro Navarro Junior 2 ADEQUAÇAO - 9312-F","gabriel@gaussenergia.com.br","2026-03-16T17:54:31.280Z","2026-06-22T12:57:13.326Z","","","","Overdue","3","20","88","Projeto FV"
"https://app.process.st/runs/mgokVR48-fJLMEv1Vq5A5Q","Selma Silva de Oliveira Santos ME 2 / Predio Esquina ADEQUAÇAO 8499.2-F","gabriel@gaussenergia.com.br","2026-03-09T14:47:10.587Z","2026-06-22T12:57:02.853Z","","","","Overdue","3","20","88","Projeto FV"
"https://app.process.st/runs/uh_vGa7RqWkmD9PDhqdAJA","XL da Construção / Lyder 2 ADEQUAÇAO 858.2-F","gabriel@gaussenergia.com.br","2026-03-20T13:47:09.485Z","2026-06-22T12:56:27.396Z","","","","Overdue","2","19","88","Projeto FV"
"https://app.process.st/runs/hXX8Ts3O8vCPKHVrKgtO0Q","Jorge Luis Alves dos Santos / Maria do Carmo 6034","pedro.pantaleao@gaussenergia.com.br group-698ea497-ec60-4bde-b165-b8f9ccbb0cfe@process.st","2021-08-23T20:22:54.748Z","2026-06-16T18:50:40.328Z","","","","Overdue","3","25","88","Projeto FV"
"https://app.process.st/runs/lZIi0eBUMRzd8ToAXPBD0A","Arquivaldo Cardoso Pimenta / Iago Novaes ADEQUAÇAO - 8758-F","gabriel@gaussenergia.com.br group-aa595f0b-d840-4fcb-8407-a22a023e7e0d@process.st","2025-12-04T17:25:37.434Z","2026-06-16T18:26:31.586Z","","","","Overdue","5","18","88","Projeto FV"
"https://app.process.st/runs/ruMXI98ik-K6u9STM85Olw","Templo Batista Biblica Maranata - 14889-F","pedro.pantaleao@gaussenergia.com.br group-aa595f0b-d840-4fcb-8407-a22a023e7e0d@process.st","2026-03-11T18:24:28.458Z","2026-06-16T17:33:26.830Z","","","","Overdue","3","18","88","Projeto FV"
"https://app.process.st/runs/vKsATFfCuDGWptDpfnhFpg","Instituto de Ensino JMC Ltda AUMENTO LIMITAÇAO DE POTENCIA / Colegio Cometa 3378-F","pedro.pantaleao@gaussenergia.com.br group-aa595f0b-d840-4fcb-8407-a22a023e7e0d@process.st","2026-04-14T18:19:04.044Z","2026-06-15T20:05:35.261Z","","","","Overdue","1","12","88","Projeto FV"
"https://app.process.st/runs/tK0HyQJbPGCPJbGzWoBBbg","Luis Meira Neto - 14934-F","pedro.pantaleao@gaussenergia.com.br","2026-02-25T18:44:02.520Z","2026-06-15T19:20:03.403Z","","","","Overdue","4","22","88","Projeto FV"
"https://app.process.st/runs/oaFZKxyAuwAXYYvA_ClAwg","Nilda Francisca de Souza ADEQUAÇAO 8813-F","gabriel@gaussenergia.com.br group-aa595f0b-d840-4fcb-8407-a22a023e7e0d@process.st","2026-03-09T16:18:17.766Z","2026-06-15T17:52:14.708Z","","","","Overdue","4","19","88","Projeto FV"
"https://app.process.st/runs/meherTFBldewTWwHtItKew","Augusto Nonato da Cruz Azevedo -> Emanoel Messias Santiago dos santos ADEQUAÇAO 7660-F","gabriel@gaussenergia.com.br group-aa595f0b-d840-4fcb-8407-a22a023e7e0d@process.st","2026-02-13T18:19:23.616Z","2026-06-15T17:50:28.205Z","","","","Overdue","4","19","88","Projeto FV"
"https://app.process.st/runs/kirWWXjd4rIl_yPCfYFKQA","Adson dos Santos Silva AUMENTO - 8747-F","pedro.pantaleao@gaussenergia.com.br group-aa595f0b-d840-4fcb-8407-a22a023e7e0d@process.st","2026-03-03T18:29:50.985Z","2026-06-15T17:48:15.274Z","","","","Overdue","4","19","88","Projeto FV"
"https://app.process.st/runs/p4RDRx58Xsdq50xnLWxHww","Lucia Calazans Alves AUMENTO 4088-F","pedro.pantaleao@gaussenergia.com.br group-aa595f0b-d840-4fcb-8407-a22a023e7e0d@process.st","2026-03-02T18:44:41.354Z","2026-06-15T17:46:30.276Z","","","","Overdue","4","19","88","Projeto FV"
"https://app.process.st/runs/kjs6y0yepoP_ITpdVfhHxQ","GMG Solar SPE Ltda 7 / Brotas de Macaubas ADEQUAÇAO","gabriel@gaussenergia.com.br","2026-01-29T14:26:07.823Z","2026-06-13T13:02:47.631Z","","","","Overdue","3","20","88","Projeto FV"
"https://app.process.st/runs/pQ0TP_NbvSrsXTZii1hLng","Aliomar Borges Teixeira 2 - 14994-F","pedro.pantaleao@gaussenergia.com.br group-aa595f0b-d840-4fcb-8407-a22a023e7e0d@process.st","2026-03-10T19:21:42.280Z","2026-06-12T18:47:48.074Z","","","","Overdue","3","18","88","Projeto FV"
"https://app.process.st/runs/hTyIpmIfGO7FyHSck81Jqw","MRD Empreendimentos Ltda 2  / Rafael Dias - 14806-F","gabriel@gaussenergia.com.br group-698ea497-ec60-4bde-b165-b8f9ccbb0cfe@process.st group-aa595f0b-d840-4fcb-8407-a22a023e7e0d@process.st","2026-02-12T14:36:49.422Z","2026-06-12T18:36:30.818Z","","","","Overdue","3","19","88","Projeto FV"
"https://app.process.st/runs/rvm5N9aMuWccfUSYzyJDHA","Jaeldson Rosa Damasceno 3 / Residencia - 12088.2-F","pedro.pantaleao@gaussenergia.com.br","2024-10-29T14:43:18.040Z","2026-06-12T18:14:51.169Z","","","","Overdue","3","21","88","Projeto FV"
"https://app.process.st/runs/ppnVw_ZoRpfuf4QThA1EgQ","Carlos Cesar Boaventura Ferreira - 14859-F","pedro.pantaleao@gaussenergia.com.br group-698ea497-ec60-4bde-b165-b8f9ccbb0cfe@process.st group-aa595f0b-d840-4fcb-8407-a22a023e7e0d@process.st","2026-03-12T13:18:41.172Z","2026-06-12T15:19:34.630Z","","","","Overdue","4","20","88","Projeto FV"
"https://app.process.st/runs/szR4aSnZMSbxVrNTbipARw","GMG Solar SPE Ltda 7 / Brotas de Macaubas","group-698ea497-ec60-4bde-b165-b8f9ccbb0cfe@process.st","2022-09-30T18:36:09.796Z","2026-06-12T15:06:38.549Z","","","","Overdue","3","24","88","Projeto FV"
"https://app.process.st/runs/pJE7O17FvPASIXe9LM9NLA","GMG Solar SPE Ltda 4 / Lapão","pedro.pantaleao@gaussenergia.com.br group-698ea497-ec60-4bde-b165-b8f9ccbb0cfe@process.st","2022-11-10T18:54:38.454Z","2026-06-12T15:02:53.399Z","","","","Overdue","3","28","88","Projeto FV"
"https://app.process.st/runs/nXGNeTuo80wfQximb8NIVA","Luiz Roberto Ehl de Lima - 14780-F","pedro.pantaleao@gaussenergia.com.br group-698ea497-ec60-4bde-b165-b8f9ccbb0cfe@process.st group-aa595f0b-d840-4fcb-8407-a22a023e7e0d@process.st","2026-01-30T12:28:45.285Z","2026-06-12T14:53:49.619Z","","","","Overdue","4","20","88","Projeto FV"
"https://app.process.st/runs/hUKKwlAcoQRJIx0ZIF9KWg","Pelir Engenharia Ltda / Rogelio Veiga Peleteiro Filho ADEQUAÇAO 8820-F","gabriel@gaussenergia.com.br","2026-03-09T14:34:33.605Z","2026-06-12T12:24:49.190Z","","","","Overdue","3","20","88","Projeto FV"
"https://app.process.st/runs/mR0eBGYe8RRqY4GXU-hI-g","Uacai de Magalhaes Lopes ADEQUAÇAO - 8799-F","gabriel@gaussenergia.com.br","2026-03-09T15:00:59.961Z","2026-06-12T12:24:03.177Z","","","","Overdue","2","19","88","Projeto FV"
"https://app.process.st/runs/gyllNUjLUX6y-dMIjeJIrg","Domingos Enaldo de Carvalho 8238-F","pedro.pantaleao@gaussenergia.com.br","2022-11-17T19:05:57.520Z","2026-06-12T11:39:28.329Z","","","","Overdue","3","20","88","Projeto FV"
"https://app.process.st/runs/mlBm9Gt_IsRsIqkKD4pElg","Alex Cesar de Almeida Campos - 10620-F","pedro.pantaleao@gaussenergia.com.br group-698ea497-ec60-4bde-b165-b8f9ccbb0cfe@process.st","2023-12-07T13:37:40.259Z","2026-06-11T13:46:39.321Z","","","","Overdue","3","25","88","Projeto FV"
"https://app.process.st/runs/vzS6Z7pTJ7Ea7D5vV-5OFQ","Rigner da Silva Torres 8901-F","pedro.pantaleao@gaussenergia.com.br group-698ea497-ec60-4bde-b165-b8f9ccbb0cfe@process.st","2022-10-18T18:05:43.201Z","2026-06-11T12:59:40.285Z","","","","Overdue","3","21","88","Projeto FV"
"https://app.process.st/runs/hWiskMHEIfSkg2VDSAJEzw","Rosimeri Oliveira da Silva AUMENTO 5177-F","pedro.pantaleao@gaussenergia.com.br","2023-12-07T19:29:45.544Z","2026-06-11T12:30:39.661Z","","","","Overdue","3","21","88","Projeto FV"
"https://app.process.st/runs/uyAihLkzQI1DcbJDSPtDzw","Diskol 2 / Seabra 1020.2-F","pedro.pantaleao@gaussenergia.com.br","2019-12-05T14:30:02.193Z","2026-06-10T14:04:29.434Z","","","","Overdue","5","17","88","Projeto FV"
"https://app.process.st/runs/ux2zywaRdd4d2OQzuB9NqA","Diskol / Irecê - 1020.1-F","pedro.pantaleao@gaussenergia.com.br group-698ea497-ec60-4bde-b165-b8f9ccbb0cfe@process.st","2019-11-20T19:55:34.971Z","2026-06-10T14:04:25.617Z","","","","Overdue","5","18","88","Projeto FV"
"https://app.process.st/runs/mndKujxXMVU7HstJEJFLSQ","Solange Rodrigues / Neguinho 2041-F","pedro.pantaleao@gaussenergia.com.br","2019-11-21T14:29:09.915Z","2026-06-09T17:29:26.576Z","","","","Overdue","5","17","88","Projeto FV"
"https://app.process.st/runs/qeG3zfVAezInwAO8N5JPuw","Cristovao Geronimo de Araujo - 11441-F","pedro.pantaleao@gaussenergia.com.br","2024-05-09T13:29:26.388Z","2026-06-09T17:15:59.500Z","","","","Overdue","3","21","88","Projeto FV"
"https://app.process.st/runs/sFN51JBux5G76Ec3rXdHvw","Talita Silva Lima Miranda / Ben Hur 1182-F","pedro.pantaleao@gaussenergia.com.br","2022-05-25T19:57:18.790Z","2026-06-09T17:07:43.495Z","","","","Overdue","3","25","88","Projeto FV"
"https://app.process.st/runs/sgtiZDS1iiZthuyQUvlDjA","Ingrid Rayssa / Maria Aparecida 2059-F","raniel.garcia@gaussenergia.com.br","2019-10-10T20:44:36.305Z","2026-06-08T18:25:21.833Z","","","","Overdue","5","20","88","Projeto FV"
"https://app.process.st/runs/s6kLdGGSzJYl97RpmpFK4A","Izaquiel dos Santos - 12172-F","pedro.pantaleao@gaussenergia.com.br group-aa595f0b-d840-4fcb-8407-a22a023e7e0d@process.st","2026-03-09T19:40:44.185Z","2026-06-08T17:01:22.423Z","","","","Overdue","4","19","88","Projeto FV"
"https://app.process.st/runs/myYuuR5_T-SvMXYkkURFEQ","Centro Espirita Luz Eterna - 14640-F","gabriel@gaussenergia.com.br group-698ea497-ec60-4bde-b165-b8f9ccbb0cfe@process.st group-aa595f0b-d840-4fcb-8407-a22a023e7e0d@process.st","2026-02-05T17:39:28.568Z","2026-06-08T16:50:40.493Z","","","","Overdue","4","20","88","Projeto FV"
"https://app.process.st/runs/s6mzjO_J8GkrAUVSFoJA5w","Luiz Wanderley Alves Dourado AUMENTO - 7104-F","pedro.pantaleao@gaussenergia.com.br group-aa595f0b-d840-4fcb-8407-a22a023e7e0d@process.st","2026-03-10T16:57:25.512Z","2026-06-08T16:48:23.482Z","","","","Overdue","5","18","88","Projeto FV"
"https://app.process.st/runs/nRWuPRfjPp3183zvisZHJg","Eduardo Souza da Cruz AUMENTO - 11304-F","pedro.pantaleao@gaussenergia.com.br group-aa595f0b-d840-4fcb-8407-a22a023e7e0d@process.st","2026-03-17T17:02:37.154Z","2026-06-08T16:44:40.262Z","","","","Overdue","4","19","88","Projeto FV"
"https://app.process.st/runs/rOVkDPqQqzavtmI1YrpIfA","Augusto Carlos Torres 2 - 15463-F","pedro.pantaleao@gaussenergia.com.br group-aa595f0b-d840-4fcb-8407-a22a023e7e0d@process.st","2026-05-29T13:34:22.913Z","2026-06-08T11:13:17.411Z","","","","OnTrack","0","12","88","Projeto FV"
"https://app.process.st/runs/gaw2aSJb4_IfVN-R-c9MlQ","Carmem Irlany Correia De Brito - 14789-F","pedro.pantaleao@gaussenergia.com.br group-698ea497-ec60-4bde-b165-b8f9ccbb0cfe@process.st group-aa595f0b-d840-4fcb-8407-a22a023e7e0d@process.st","2026-01-29T19:39:40.723Z","2026-06-06T14:24:50.513Z","","","","Overdue","4","20","88","Projeto FV"
"https://app.process.st/runs/mrCBeyGWnVIi78FEFSxFzA","Vem Aviation Taxi Aereo Ltda 2 - 13766-F","pedro.pantaleao@gaussenergia.com.br group-698ea497-ec60-4bde-b165-b8f9ccbb0cfe@process.st group-aa595f0b-d840-4fcb-8407-a22a023e7e0d@process.st","2026-01-07T13:18:32.040Z","2026-06-06T14:20:20.217Z","","","","Overdue","4","20","88","Projeto FV"
"https://app.process.st/runs/u6hnTX3FyVCgZFfM2FdNNQ","Antônio Carlos Almeida ADEQUAÇAO 1183-F","gabriel@gaussenergia.com.br group-aa595f0b-d840-4fcb-8407-a22a023e7e0d@process.st","2026-05-29T16:57:36.444Z","2026-06-06T11:00:24.525Z","","","","Overdue","1","9","88","Projeto FV"
"https://app.process.st/runs/ujNHhHWabjoKtGXTasxFWA","Associaçao Solar Mais 3 / Maira Caetano - 13662.3-F","gabriel@gaussenergia.com.br group-698ea497-ec60-4bde-b165-b8f9ccbb0cfe@process.st","2026-02-05T18:26:51.776Z","2026-06-05T18:42:52.521Z","","","","Overdue","4","24","88","Projeto FV"
"https://app.process.st/runs/kErQWGVynuUmIm2z1NRI-w","Roniclei José 1478-F","","2018-12-10T18:34:55.230Z","2026-06-02T18:14:28.435Z","","","","Overdue","4","19","88","Projeto FV"
"https://app.process.st/runs/hwiYwuNKPCDk8G38iYpBIg","Apta Serviços Medicos Ltda - 12477-F","gabriel@gaussenergia.com.br group-698ea497-ec60-4bde-b165-b8f9ccbb0cfe@process.st","2025-01-30T17:08:17.308Z","2026-06-02T16:52:32.191Z","","","","Overdue","3","22","88","Projeto FV"
"https://app.process.st/runs/qjYdUdc3T5o0hZS5XJFB1g","Construtora R Ades Ltda - 15483-F","pedro.pantaleao@gaussenergia.com.br group-aa595f0b-d840-4fcb-8407-a22a023e7e0d@process.st","2026-06-02T14:27:00.902Z","2026-06-02T14:31:57.661Z","","","","OnTrack","0","2","88","Projeto FV"
"https://app.process.st/runs/tpeqxf-mGIXjMfpXKHpMCA","Patricia Rocha Amorim - 14714-F","pedro.pantaleao@gaussenergia.com.br group-aa595f0b-d840-4fcb-8407-a22a023e7e0d@process.st","2026-01-28T18:06:37.091Z","2026-06-01T18:37:03.062Z","","","","Overdue","4","19","88","Projeto FV"
"https://app.process.st/runs/ngcqPY6mxREl4d-MxFlERQ","Pedro Vieira Dias Neto 8317-F","pedro.pantaleao@gaussenergia.com.br","2022-10-17T12:38:48.300Z","2026-06-01T18:31:42.565Z","","","","Overdue","3","21","88","Projeto FV"
"https://app.process.st/runs/tfEOu1vutAxhGw1-ixlG1g","Sheyla de Almeida Fernandes - 13721-F","pedro.pantaleao@gaussenergia.com.br group-698ea497-ec60-4bde-b165-b8f9ccbb0cfe@process.st","2025-07-28T14:10:41.277Z","2026-06-01T18:29:18.460Z","","","","Overdue","3","21","88","Projeto FV"
"https://app.process.st/runs/vYvinWFqyCFGUgQFdTRDIQ","Jorge Tadeu Dantas Lemos ADEQUAÇAO 6221-F","gabriel@gaussenergia.com.br","2026-02-12T18:53:40.196Z","2026-06-01T16:57:16.062Z","","","","Overdue","3","20","88","Projeto FV"
"https://app.process.st/runs/muStQJnwag5cYvHFF0xLHw","Floriano Marçal 1371-F","raniel.garcia@gaussenergia.com.br","2019-06-12T15:54:16.869Z","2026-06-01T15:02:39.951Z","","","","Overdue","4","18","88","Projeto FV"
"https://app.process.st/runs/mo5AXM5VjleyvqLLItJAzw","M C Carvalho Ltda ME / Maria Campos Carvalho ADEQUAÇAO 8152-F","gabriel@gaussenergia.com.br group-aa595f0b-d840-4fcb-8407-a22a023e7e0d@process.st","2026-02-12T17:14:07.680Z","2026-05-31T13:41:22.277Z","","","","Overdue","3","18","88","Projeto FV"
"https://app.process.st/runs/nj3WbnfVTyRkj1uxnaxF4w","Jose Wilson Salviano da Silva ADEQUAÇAO 5695-F","gabriel@gaussenergia.com.br group-698ea497-ec60-4bde-b165-b8f9ccbb0cfe@process.st group-aa595f0b-d840-4fcb-8407-a22a023e7e0d@process.st","2026-02-12T17:23:44.167Z","2026-05-31T13:29:13.382Z","","","","Overdue","3","18","88","Projeto FV"
"https://app.process.st/runs/rQmQLQN2Zr8Yg6QnvmRClw","Fabiano Alves Costa AUMENTO 2994-F","pedro.pantaleao@gaussenergia.com.br group-aa595f0b-d840-4fcb-8407-a22a023e7e0d@process.st","2026-02-26T12:34:00.981Z","2026-05-31T12:33:03.298Z","","","","Overdue","4","19","88","Projeto FV"
"https://app.process.st/runs/pa3ze0CO2fwqHCuJXIZPxg","Erika Maciel de Carvalho - 14766-F","pedro.pantaleao@gaussenergia.com.br group-aa595f0b-d840-4fcb-8407-a22a023e7e0d@process.st","2026-02-23T18:43:57.100Z","2026-05-31T12:17:51.404Z","","","","Overdue","4","19","88","Projeto FV"
"https://app.process.st/runs/lNFzaPZxVUzQeACk_MpNEg","Gerson Luis Severgnini 1 - 14139.1-F","pedro.pantaleao@gaussenergia.com.br group-698ea497-ec60-4bde-b165-b8f9ccbb0cfe@process.st group-aa595f0b-d840-4fcb-8407-a22a023e7e0d@process.st","2026-01-08T18:35:58.346Z","2026-05-30T13:42:17.194Z","","","","Overdue","4","20","88","Projeto FV"
"https://app.process.st/runs/mPQojvhx9BUW5hPEQ2tM4A","Myung San Do / Lucas Myung/ MK Comércio ADEQUAÇAO - 7045-F","gabriel@gaussenergia.com.br","2026-02-25T17:47:08.987Z","2026-05-30T13:13:10.862Z","","","","Overdue","2","19","88","Projeto FV"
"https://app.process.st/runs/nxJUNdRcslrpt8iYQApFiQ","Ariosto Nunes da Mota - 14959-F","pedro.pantaleao@gaussenergia.com.br group-aa595f0b-d840-4fcb-8407-a22a023e7e0d@process.st","2026-03-16T16:56:56.455Z","2026-05-30T11:42:48.435Z","","","","Overdue","3","18","88","Projeto FV"
"https://app.process.st/runs/m-Rqcv9uq7Im3abYBvFIMA","Vitor Conceiçao Silva - 14983-F","pedro.pantaleao@gaussenergia.com.br group-698ea497-ec60-4bde-b165-b8f9ccbb0cfe@process.st group-aa595f0b-d840-4fcb-8407-a22a023e7e0d@process.st","2026-03-03T19:29:43.888Z","2026-05-30T11:40:12.374Z","","","","Overdue","4","18","88","Projeto FV"
"https://app.process.st/runs/ou00WWY_PkLZhDkumStFMQ","Ribeiro Patrimonial e Participaçoes Ltda - Hotel Luna - 13765-F","pedro.pantaleao@gaussenergia.com.br group-698ea497-ec60-4bde-b165-b8f9ccbb0cfe@process.st group-aa595f0b-d840-4fcb-8407-a22a023e7e0d@process.st","2025-07-31T13:23:45.938Z","2026-05-29T19:52:23.034Z","","","","Overdue","4","18","88","Projeto FV"
"https://app.process.st/runs/iPx5_pOTalFmUN142hRNuA","Francisco Rego Gonçalves Filho - 14895-F","pedro.pantaleao@gaussenergia.com.br group-698ea497-ec60-4bde-b165-b8f9ccbb0cfe@process.st group-aa595f0b-d840-4fcb-8407-a22a023e7e0d@process.st","2026-02-23T14:22:26.039Z","2026-05-29T19:37:10.768Z","","","","Overdue","4","20","88","Projeto FV"
"https://app.process.st/runs/tlIS4i6JobncdJGZg_FHhA","Anderson Nogueira da Silva 2 / Fazenda Nunes ADEQUAÇAO - 11849-F","gabriel@gaussenergia.com.br group-aa595f0b-d840-4fcb-8407-a22a023e7e0d@process.st","2026-05-29T14:22:51.480Z","2026-05-29T18:55:06.412Z","","","","OnTrack","0","3","88","Projeto FV"
"https://app.process.st/runs/pGMP_o6Ynf_Dkg9n8DhDnQ","Wander Darlan de Oliveira - 14540-F","pedro.pantaleao@gaussenergia.com.br group-aa595f0b-d840-4fcb-8407-a22a023e7e0d@process.st","2026-03-05T18:13:30.345Z","2026-05-29T17:42:35.390Z","","","","Overdue","3","18","88","Projeto FV"
"https://app.process.st/runs/rSLQdMfPwo2zvJrAreJAbw","Mirela Santos - 13692-F","pedro.pantaleao@gaussenergia.com.br group-aa595f0b-d840-4fcb-8407-a22a023e7e0d@process.st","2025-09-08T13:51:14.720Z","2026-05-29T13:05:09.964Z","","","","Overdue","5","18","88","Projeto FV"
"https://app.process.st/runs/gMZJmVv0qgOpMIahY-hD0g","Jose Virgulino de Rezende /  Maria Rita  AUMENTO - 4469-F","pedro.pantaleao@gaussenergia.com.br group-aa595f0b-d840-4fcb-8407-a22a023e7e0d@process.st","2025-07-04T17:25:50.457Z","2026-05-28T20:41:12.018Z","","","","Overdue","4","19","88","Projeto FV"
"https://app.process.st/runs/tN_Eo_UVQzdOk84PFc9G2w","Mateus Campos Barreto AUMENTO / Comercio de Moveis Barreto / Sizenando 5672-F","pedro.pantaleao@gaussenergia.com.br group-698ea497-ec60-4bde-b165-b8f9ccbb0cfe@process.st group-aa595f0b-d840-4fcb-8407-a22a023e7e0d@process.st","2022-12-01T17:16:30.822Z","2026-05-28T20:37:48.015Z","","","","Overdue","1","20","88","Projeto FV"
"https://app.process.st/runs/mXlos_3LuLZqdzy7iAJAMQ","Parascos Dracoulakis Sobrinho 8457-F","pedro.pantaleao@gaussenergia.com.br group-698ea497-ec60-4bde-b165-b8f9ccbb0cfe@process.st","2022-12-20T14:46:04.541Z","2026-05-28T13:05:49.005Z","","","","Overdue","3","25","88","Projeto FV"
"https://app.process.st/runs/sUqz6RFZp1SExNYt3uVLtQ","Associoaçao Conexao Solar 5 / Ge Benicio Uibai - 14882.5-F","pedro.pantaleao@gaussenergia.com.br group-698ea497-ec60-4bde-b165-b8f9ccbb0cfe@process.st group-aa595f0b-d840-4fcb-8407-a22a023e7e0d@process.st","2026-04-08T19:46:06.335Z","2026-05-27T14:20:33.173Z","","","","OnTrack","0","3","88","Projeto FV"
"https://app.process.st/runs/uHWGd-4tOO1r6kPenPJJTQ","Dulcileia Souza dos Santos - 14803-F","gabriel@gaussenergia.com.br group-698ea497-ec60-4bde-b165-b8f9ccbb0cfe@process.st group-aa595f0b-d840-4fcb-8407-a22a023e7e0d@process.st","2026-02-05T19:09:39.539Z","2026-05-26T14:23:01.929Z","","","","Overdue","5","19","88","Projeto FV"
"https://app.process.st/runs/uomIsYG4njrS_eqH_S9AgQ","Samuel Dias Gomes - 14948-F","pedro.pantaleao@gaussenergia.com.br group-698ea497-ec60-4bde-b165-b8f9ccbb0cfe@process.st group-aa595f0b-d840-4fcb-8407-a22a023e7e0d@process.st","2026-02-27T13:42:51.689Z","2026-05-26T14:18:20.128Z","","","","Overdue","5","19","88","Projeto FV"
"https://app.process.st/runs/jmqZIJqvQSwo27H4kwlNBA","Reginaldo Moura AUMENTO - 1864-F - 14788-F","gabriel@gaussenergia.com.br group-698ea497-ec60-4bde-b165-b8f9ccbb0cfe@process.st","2026-02-10T19:01:47.259Z","2026-05-24T14:55:01.566Z","","","","Overdue","4","24","88","Projeto FV"
"https://app.process.st/runs/tOlCNHz5_-SRB-ff7XZC6A","Francisco de Assis Rizeiro ADEQUAÇAO - 4176-F","gabriel@gaussenergia.com.br","2025-12-05T18:40:24.810Z","2026-05-24T14:28:28.124Z","","","","Overdue","4","27","88","Projeto FV"
"https://app.process.st/runs/lG1iPoGPYWGVm1c2vCFIiw","Posto Quatro Rodas 2 / Fazenda ADEQUAÇAO - 3904.2-F","pedro.pantaleao@gaussenergia.com.br group-aa595f0b-d840-4fcb-8407-a22a023e7e0d@process.st","2025-05-29T12:58:54.131Z","2026-05-24T13:26:37.473Z","","","","Overdue","4","19","88","Projeto FV"
"https://app.process.st/runs/miAtfzGQNd72kbmCWzNBOQ","Augusto Sergio Vasconcelos de Oliveira ADEQUAÇAO - 9987-F","gabriel@gaussenergia.com.br","2025-12-05T14:30:32.441Z","2026-05-24T13:14:09.472Z","","","","Overdue","3","27","88","Projeto FV"
"https://app.process.st/runs/sQNo2-kmg_IMvavIJ6xOqw","Anna Carolina Santana Rangel Moura - Juarez Ricardo - 14434-F","pedro.pantaleao@gaussenergia.com.br group-aa595f0b-d840-4fcb-8407-a22a023e7e0d@process.st","2026-02-20T18:00:15.359Z","2026-05-24T13:05:18.349Z","","","","Overdue","3","18","88","Projeto FV"
"https://app.process.st/runs/kq6yv2-3OE75cUV_-w5EYA","Radio Serrana FM Ltda 3 - 14841-F","pedro.pantaleao@gaussenergia.com.br group-698ea497-ec60-4bde-b165-b8f9ccbb0cfe@process.st group-aa595f0b-d840-4fcb-8407-a22a023e7e0d@process.st","2026-02-19T19:04:08.437Z","2026-05-24T13:03:39.463Z","","","","Overdue","5","19","88","Projeto FV"
"https://app.process.st/runs/jF9h4pSWoPid4mliv4pBVg","Paulo Cesar Oliveira de Sousa - 14837-F","gabriel@gaussenergia.com.br group-698ea497-ec60-4bde-b165-b8f9ccbb0cfe@process.st group-aa595f0b-d840-4fcb-8407-a22a023e7e0d@process.st","2026-02-10T14:54:50.335Z","2026-05-24T12:48:35.578Z","","","","Overdue","3","18","88","Projeto FV"
"https://app.process.st/runs/kMkNqPwwTv4ageod3nVJhw","Farmacia Modelo de Ilheus 2 / Uibai - 14069-F","pedro.pantaleao@gaussenergia.com.br group-698ea497-ec60-4bde-b165-b8f9ccbb0cfe@process.st group-aa595f0b-d840-4fcb-8407-a22a023e7e0d@process.st","2026-01-09T18:07:39.725Z","2026-05-24T12:39:42.473Z","","","","Overdue","4","20","88","Projeto FV"
"https://app.process.st/runs/sLTShNZyjCQOBouYy15NWg","Juvenal Rodrigues Neto (Cafe Maria Antonia) ADEQUAÇAO 868.2-F","gabriel@gaussenergia.com.br group-aa595f0b-d840-4fcb-8407-a22a023e7e0d@process.st","2026-05-18T16:38:42.827Z","2026-05-23T19:30:10.073Z","","","","Overdue","1","6","88","Projeto FV"
"https://app.process.st/runs/kl4Hq_hGX6qzmmbwtpZF_g","Winner Tennis Patrimonial LTDA 13985-F/ 0009-E","gabriel@gaussenergia.com.br group-aa595f0b-d840-4fcb-8407-a22a023e7e0d@process.st","2026-03-24T16:33:47.172Z","2026-05-23T16:47:16.598Z","","","","Overdue","2","3","88","Projeto FV"
"https://app.process.st/runs/oDiiN1rjV1SD7gWiXV5Gjg","Condominio Residencial Recanto do Sol - 14864-F","pedro.pantaleao@gaussenergia.com.br group-aa595f0b-d840-4fcb-8407-a22a023e7e0d@process.st","2026-02-23T14:36:12.016Z","2026-05-22T14:38:28.475Z","","","","Overdue","3","18","88","Projeto FV"
"https://app.process.st/runs/lu-3CwXRz-bLnjUDY0xK0Q","Alisson Marcos de Sousa Cavalcante - 10899-F","pedro.pantaleao@gaussenergia.com.br group-698ea497-ec60-4bde-b165-b8f9ccbb0cfe@process.st","2024-01-25T14:10:20.203Z","2026-05-22T14:29:28.868Z","","","","Overdue","3","21","88","Projeto FV"
"https://app.process.st/runs/s1Q9gfuD0iCPRoTMJr9MXw","Monalisa Alecrim França de Souza AUMENTO 3540-F","pedro.pantaleao@gaussenergia.com.br","2024-04-11T18:28:58.481Z","2026-05-22T14:27:21.273Z","","","","Overdue","3","21","88","Projeto FV"
"https://app.process.st/runs/nTHofr1TLiIdhjulgWhGsQ","Vanessa Santos Pereira - 13392-F","pedro.pantaleao@gaussenergia.com.br group-698ea497-ec60-4bde-b165-b8f9ccbb0cfe@process.st","2025-05-23T17:32:36.883Z","2026-05-22T13:54:26.174Z","","","","Overdue","3","22","88","Projeto FV"
"https://app.process.st/runs/vGHGjED0fnt622iCJEVElQ","Wanderley Silva Sampaio -> W&W COMERCIO DE COMBUSTÍVEIS E LUBRIFICANTES LTDA 1027-F","pedro.pantaleao@gaussenergia.com.br","2020-07-27T14:10:20.118Z","2026-05-22T13:28:54.516Z","","","","Overdue","1","28","88","Projeto FV"
"https://app.process.st/runs/vj9r51aj_Yi77D-aBTFFew","Thiago Brito de Almeida - 12492-F","gabriel@gaussenergia.com.br","2025-01-13T12:33:08.541Z","2026-05-20T12:54:37.965Z","","","","Overdue","3","25","88","Projeto FV"
"https://app.process.st/runs/mT9UJQXoROMnD1lv-iJAMg","Marinoel Mateus de Souza 9639-F","pedro.pantaleao@gaussenergia.com.br","2022-12-26T16:08:38.117Z","2026-05-20T12:36:50.286Z","","","","Overdue","3","19","88","Projeto FV"
"https://app.process.st/runs/sjPqncMwkYeGdSk9s9pPgg","Fernando Adrian Alvarez Silva - Marcia Cosme 6137-F","pedro.pantaleao@gaussenergia.com.br","2021-09-02T19:49:58.891Z","2026-05-20T11:39:44.576Z","","","","Overdue","3","24","88","Projeto FV"
"https://app.process.st/runs/iiDbHZqNOUYNXVYvXWZLiQ","Mega Varejao Matutino ADEQUAÇAO / Mercadinho Santa Rita 4477-F","gabriel@gaussenergia.com.br","2026-01-23T17:26:13.228Z","2026-05-19T19:01:52.499Z","","","","Overdue","4","23","88","Projeto FV"
"https://app.process.st/runs/l1f-JZCfAqVfhp_Vzb9PJA","Gilberto Borges Dias ADEQUAÇAO - 8852-F","gabriel@gaussenergia.com.br","2025-12-05T14:40:46.745Z","2026-05-19T18:58:07.602Z","","","","Overdue","4","26","88","Projeto FV"
"https://app.process.st/runs/sGEhk5m5-JuFuncynTBFGw","Francisco Ricardo Tavares ADEQUAÇAO - 12287-F","gabriel@gaussenergia.com.br group-aa595f0b-d840-4fcb-8407-a22a023e7e0d@process.st","2026-02-12T17:01:59.288Z","2026-05-19T18:25:09.357Z","","","","Overdue","3","18","88","Projeto FV"
"https://app.process.st/runs/jvBimWB4h5s9WJmHSBNCDg","Associaçao Solar Mais 2 / Terreno Moises - 13662.2-F","pedro.pantaleao@gaussenergia.com.br group-698ea497-ec60-4bde-b165-b8f9ccbb0cfe@process.st group-aa595f0b-d840-4fcb-8407-a22a023e7e0d@process.st","2025-10-27T19:10:39.944Z","2026-05-19T18:12:40.559Z","","","","Overdue","4","20","88","Projeto FV"
"https://app.process.st/runs/tF-PgESWuGM23KppFwxLfA","Sebastiao Alencar de Figueiredo - 11925-F","pedro.pantaleao@gaussenergia.com.br","2024-09-23T18:22:29.543Z","2026-05-18T18:30:35.259Z","","","","Overdue","3","21","88","Projeto FV"
"https://app.process.st/runs/uRE3ltMMf3FV8xdQdpNPsA","Amanda Maria Rangel de Oliveira Alves 2 / Bruno Nunes - 13028-F","pedro.pantaleao@gaussenergia.com.br group-698ea497-ec60-4bde-b165-b8f9ccbb0cfe@process.st","2025-09-03T13:50:40.478Z","2026-05-18T17:46:04.254Z","","","","Overdue","3","22","88","Projeto FV"
"https://app.process.st/runs/kOKDevfEkbltj8Y_OLJHhQ","Wagner Jose de Figueiredo - Casa ADEQUAÇAO 6039-F","gabriel@gaussenergia.com.br","2025-12-18T18:28:27.436Z","2026-05-18T17:28:05.630Z","","","","Overdue","3","20","88","Projeto FV"
"https://app.process.st/runs/md7ECtfnhbFFP-c0rCFMEA","Rodrigo Barreto de Souza AUMENTO 9447-F","pedro.pantaleao@gaussenergia.com.br group-698ea497-ec60-4bde-b165-b8f9ccbb0cfe@process.st","2025-03-11T14:01:09.034Z","2026-05-18T17:26:12.533Z","","","","Overdue","3","22","88","Projeto FV"
"https://app.process.st/runs/nZ3Y_1yVs5HY8AfIOnNCvQ","Paulo Roberto de la Torre - 15288-F","pedro.pantaleao@gaussenergia.com.br group-aa595f0b-d840-4fcb-8407-a22a023e7e0d@process.st","2026-05-06T13:43:33.547Z","2026-05-18T16:30:22.709Z","","","","OnTrack","0","12","88","Projeto FV"
"https://app.process.st/runs/gFw_6fRJ6RBE3sYAJntEVw","Edilza Bispo dos Santos Paz / Abimael AUMENTO 7282-F - 14758-F","pedro.pantaleao@gaussenergia.com.br group-698ea497-ec60-4bde-b165-b8f9ccbb0cfe@process.st group-aa595f0b-d840-4fcb-8407-a22a023e7e0d@process.st","2026-02-19T19:46:23.215Z","2026-05-17T15:02:47.585Z","","","","Overdue","4","20","88","Projeto FV"
"https://app.process.st/runs/r95gZY0mJrk-3KIn2P1Fkw","Casa São Francisco 896-F","group-aa595f0b-d840-4fcb-8407-a22a023e7e0d@process.st","2019-02-18T23:11:58.940Z","2026-05-15T19:05:50.243Z","","","","Overdue","4","18","88","Projeto FV"
"https://app.process.st/runs/vrD9hJ7Pfw-0X8hpRHhOhw","Farmacia Modelo de Ilheus / Grupo Velanes / Wanger Fazenda - 6007-F","pedro.pantaleao@gaussenergia.com.br group-698ea497-ec60-4bde-b165-b8f9ccbb0cfe@process.st","2022-03-29T18:43:47.297Z","2026-05-15T18:53:48.856Z","","","","OnTrack","0","26","88","Projeto FV"
"https://app.process.st/runs/nDrensCJIgxazqmztExF_Q","Adonias Nunes Dourado / Joao Dourado- 11906-F","pedro.pantaleao@gaussenergia.com.br","2024-10-08T13:08:41.356Z","2026-05-15T16:39:37.734Z","","","","Overdue","3","25","88","Projeto FV"
"https://app.process.st/runs/uAR2udkniDhEoY6YnqRPOg","Eliomar Dias Rocha / Jose Luiz Santos 8 Hortifruti ADEQUAÇAO 8874.8-F","gabriel@gaussenergia.com.br group-aa595f0b-d840-4fcb-8407-a22a023e7e0d@process.st","2026-04-13T17:35:52.812Z","2026-05-15T13:24:21.278Z","","","","Overdue","1","6","88","Projeto FV"
"https://app.process.st/runs/h3XmfnJYiRiBN4gQbTRFJg","Carlos Magno Cardoso Matos / Leila França Paiva Matos - 11676-F","pedro.pantaleao@gaussenergia.com.br group-698ea497-ec60-4bde-b165-b8f9ccbb0cfe@process.st","2024-08-23T19:21:34.137Z","2026-05-14T12:30:06.124Z","","","","Overdue","3","27","88","Projeto FV"
"https://app.process.st/runs/tFTxTi0sIXSQkroxC4NMvQ","Luciano Araujo Dourado - 10820-F","pedro.pantaleao@gaussenergia.com.br","2024-01-10T17:40:49.965Z","2026-05-14T12:22:19.619Z","","","","Overdue","3","25","88","Projeto FV"
"https://app.process.st/runs/t8fMB8wp985_-UOT3JdHng","Paulo Jaques Marques Dourado 1 / Casa 9403.1-F","pedro.pantaleao@gaussenergia.com.br group-698ea497-ec60-4bde-b165-b8f9ccbb0cfe@process.st","2022-12-12T20:35:15.113Z","2026-05-14T12:06:01.596Z","","","","Overdue","3","21","88","Projeto FV"
"https://app.process.st/runs/k3UUoFB26CCrAMM94qdHeA","Maurina Souza Bosch - 11083-F","pedro.pantaleao@gaussenergia.com.br group-698ea497-ec60-4bde-b165-b8f9ccbb0cfe@process.st","2024-04-18T17:37:52.914Z","2026-05-14T11:54:29.898Z","","","","Overdue","3","21","88","Projeto FV"
"https://app.process.st/runs/h2tV6S8vEWlBDwLWRe1Obw","Danilo Figueiredo Alves Pereira 3 / Barra do Mendes / Casa 8680.3-F","pedro.pantaleao@gaussenergia.com.br group-698ea497-ec60-4bde-b165-b8f9ccbb0cfe@process.st","2022-09-15T13:17:42.376Z","2026-05-14T11:47:45.527Z","","","","Overdue","3","25","88","Projeto FV"
"https://app.process.st/runs/iwzYCfwwuxm9RDah9IBMpA","Paulo Jaques Marques Dourado 3 / Otica 9403.3-F","pedro.pantaleao@gaussenergia.com.br group-698ea497-ec60-4bde-b165-b8f9ccbb0cfe@process.st","2022-12-13T12:38:58.966Z","2026-05-14T11:16:02.146Z","","","","Overdue","3","25","88","Projeto FV"
"https://app.process.st/runs/qpzz3Kiaz0bdOUqfanhBkQ","Edvaldo Viana Menezes ADEQUAÇAO --> Marcelo Nobrega Ribeiro 9975-F","gabriel@gaussenergia.com.br group-aa595f0b-d840-4fcb-8407-a22a023e7e0d@process.st","2026-04-13T16:51:51.866Z","2026-05-13T18:19:06.152Z","","","","Overdue","1","5","88","Projeto FV"
"https://app.process.st/runs/i8bHVgfa1GAxeEW9fp1JPQ","Jeferson Alves Lopes / Rafaela Caldas 3525-F","pedro.pantaleao@gaussenergia.com.br","2020-08-10T18:33:21.528Z","2026-05-13T14:33:43.903Z","","","","Overdue","1","24","88","Projeto FV"
"https://app.process.st/runs/qg524IUG1T5ZAkmmHoJFZQ","Edgard dos Santos Paranhos Neto - Cleonice de Abreu - 13774-F","pedro.pantaleao@gaussenergia.com.br group-698ea497-ec60-4bde-b165-b8f9ccbb0cfe@process.st group-aa595f0b-d840-4fcb-8407-a22a023e7e0d@process.st","2026-01-28T12:25:55.463Z","2026-05-12T18:52:09.412Z","","","","Overdue","4","20","88","Projeto FV"
"https://app.process.st/runs/sbteQGDBHfBtVN6wxHNKMg","Iraci Evangelista dos Anjos - 14760-F","pedro.pantaleao@gaussenergia.com.br group-698ea497-ec60-4bde-b165-b8f9ccbb0cfe@process.st group-aa595f0b-d840-4fcb-8407-a22a023e7e0d@process.st","2026-01-15T12:45:51.934Z","2026-05-12T18:49:22.882Z","","","","Overdue","4","20","88","Projeto FV"
"https://app.process.st/runs/g5Xe57nX2V3zGF22tIBOtw","Leandro Rodrigues de Oliveira / Doaldo AUMENTO 3294-F","pedro.pantaleao@gaussenergia.com.br group-698ea497-ec60-4bde-b165-b8f9ccbb0cfe@process.st","2023-11-08T19:29:35.256Z","2026-05-12T17:07:13.740Z","","","","Overdue","3","21","88","Projeto FV"
"https://app.process.st/runs/pOsRJheS3h0JvyInTdxD3w","Igreja Batista Canaa de Missoes - 12493-F","pedro.pantaleao@gaussenergia.com.br group-698ea497-ec60-4bde-b165-b8f9ccbb0cfe@process.st","2025-03-20T12:46:10.997Z","2026-05-11T19:48:06.882Z","","","","Overdue","3","22","88","Projeto FV"
"https://app.process.st/runs/uwgaRY84aJYbQgp2KF1DSg","Emerson Moreira Maciel Dias 9577-F","pedro.pantaleao@gaussenergia.com.br group-aa595f0b-d840-4fcb-8407-a22a023e7e0d@process.st","2022-12-19T13:11:20.237Z","2026-05-11T19:46:19.497Z","","","","Overdue","1","17","88","Projeto FV"
"https://app.process.st/runs/vLxQgoDxzWg3igHJd9hDHQ","Celma Souza Oliveira - 14719-F","pedro.pantaleao@gaussenergia.com.br group-698ea497-ec60-4bde-b165-b8f9ccbb0cfe@process.st group-aa595f0b-d840-4fcb-8407-a22a023e7e0d@process.st","2026-01-12T12:44:13.030Z","2026-05-11T19:43:10.859Z","","","","Overdue","5","20","88","Projeto FV"
"https://app.process.st/runs/jecvsQu61vNxNZHsvBxLtQ","Luis Gustavo Araujo Ferreira - 10491-F","pedro.pantaleao@gaussenergia.com.br group-698ea497-ec60-4bde-b165-b8f9ccbb0cfe@process.st","2023-11-03T19:36:04.838Z","2026-05-11T19:34:25.788Z","","","","Overdue","3","21","88","Projeto FV"
"https://app.process.st/runs/qcvKvq1Ehw4GaI2s4KdK5w","Availton dos Santos 1434-F","","2018-12-10T18:34:52.751Z","2026-05-11T17:42:20.368Z","","","","Overdue","5","18","88","Projeto FV"
"https://app.process.st/runs/o0g8zaBOpy-nnlStEEhBNA","Davi da Silva Boa Sorte / Trokar Veiculos -> Agnaldo Lima do Nascimento 8579-F","pedro.pantaleao@gaussenergia.com.br group-698ea497-ec60-4bde-b165-b8f9ccbb0cfe@process.st","2022-07-12T14:35:27.178Z","2026-05-11T13:49:05.279Z","","","","Overdue","3","26","88","Projeto FV"
"https://app.process.st/runs/nFfCBFbcRdT1pwboyjJKfA","Adelson Leal 1 - Câmara Fria 1339.1-F","","2018-12-10T18:34:47.623Z","2026-05-11T13:35:12.347Z","","","","Overdue","4","24","88","Projeto FV"
"https://app.process.st/runs/ilbvWekBb0jSv6iO-L5F-w","Jemima Diniz Gonçalves da R. Guimaraes ADEQUAÇAO - 7044-F","gabriel@gaussenergia.com.br group-aa595f0b-d840-4fcb-8407-a22a023e7e0d@process.st","2026-02-12T19:06:36.439Z","2026-05-10T14:06:39.982Z","","","","Overdue","4","19","88","Projeto FV"
"https://app.process.st/runs/qd_p0Nn82NvgUt1sgEtDrQ","Otilia Alves Forte AUMENTO - 3653-F","pedro.pantaleao@gaussenergia.com.br group-698ea497-ec60-4bde-b165-b8f9ccbb0cfe@process.st group-aa595f0b-d840-4fcb-8407-a22a023e7e0d@process.st","2026-01-26T14:01:23.532Z","2026-05-10T14:04:14.925Z","","","","Overdue","4","20","88","Projeto FV"
"https://app.process.st/runs/taf_ltxtmtje-8mWQLtFLA","Supermercado Coraçao - Lapao / Gessivaldo 8  - 13802-F","pedro.pantaleao@gaussenergia.com.br group-698ea497-ec60-4bde-b165-b8f9ccbb0cfe@process.st group-aa595f0b-d840-4fcb-8407-a22a023e7e0d@process.st","2025-10-08T11:59:37.413Z","2026-05-10T14:02:57.983Z","","","","Overdue","3","19","88","Projeto FV"
"https://app.process.st/runs/nbzo_3iTZgLlrkw7VktIMQ","Maria da Gloria dos Santos Ferreira - 14437-F","pedro.pantaleao@gaussenergia.com.br group-698ea497-ec60-4bde-b165-b8f9ccbb0cfe@process.st group-aa595f0b-d840-4fcb-8407-a22a023e7e0d@process.st","2026-01-06T13:45:32.645Z","2026-05-10T13:58:10.982Z","","","","Overdue","4","20","88","Projeto FV"
"https://app.process.st/runs/jw6bWgiYtd6rGWX0ihVJeA","Moacir Cedro Pimenta 1 ADEQUAÇAO 7055.1-F","gabriel@gaussenergia.com.br group-aa595f0b-d840-4fcb-8407-a22a023e7e0d@process.st","2026-02-23T14:06:24.654Z","2026-05-09T11:00:18.351Z","","","","Overdue","1","9","88","Projeto FV"
"https://app.process.st/runs/odAyPGPR_ggnLqu8dp1JkA","Artur Felipe Leal de Oliveira 7 OFF GRID - 15066-F","gabriel@gaussenergia.com.br group-aa595f0b-d840-4fcb-8407-a22a023e7e0d@process.st","2026-05-08T18:34:01.250Z","2026-05-08T19:24:53.728Z","","","","OnTrack","0","3","88","Projeto FV"
"https://app.process.st/runs/iU4mpummmBvH-kjy25lHXw","Eliane Neres de Araujo Bispo ME AUMENTO - 12175-F","pedro.pantaleao@gaussenergia.com.br group-aa595f0b-d840-4fcb-8407-a22a023e7e0d@process.st","2026-04-27T18:55:15.088Z","2026-05-08T13:00:36.424Z","","","","OnTrack","0","13","88","Projeto FV"
"https://app.process.st/runs/nSwOi_h0FezcduRMITZOzQ","N Loula Dourado Gomes Ltda / Farmacia Mais Saude / Naiara Loula 8449-F","pedro.pantaleao@gaussenergia.com.br group-aa595f0b-d840-4fcb-8407-a22a023e7e0d@process.st","2022-08-19T14:41:12.466Z","2026-05-08T12:57:06.564Z","","","","Overdue","1","16","88","Projeto FV"
"https://app.process.st/runs/qGylNDSb_0NvidhaR6ZMZA","Joilson Pereira da Silva - 14609-F","pedro.pantaleao@gaussenergia.com.br group-698ea497-ec60-4bde-b165-b8f9ccbb0cfe@process.st group-aa595f0b-d840-4fcb-8407-a22a023e7e0d@process.st","2026-01-22T17:46:12.248Z","2026-05-07T19:54:00.199Z","","","","Overdue","4","21","88","Projeto FV"
"https://app.process.st/runs/lD1cdvyuVuz6gIsvEF5Hfg","Joao Alberto Cardoso Dourado Mini 300 kW 2 / Heliofabio - 13492.2-F","pedro.pantaleao@gaussenergia.com.br group-aa595f0b-d840-4fcb-8407-a22a023e7e0d@process.st","2025-10-10T18:06:44.846Z","2026-05-07T12:11:03.723Z","","","","Overdue","1","14","88","Projeto FV"
"https://app.process.st/runs/jnSJPI53aWdRhiP8A9xM1A","Andrade Deway Participaçoes Ltda - 12125-F","pedro.pantaleao@gaussenergia.com.br group-698ea497-ec60-4bde-b165-b8f9ccbb0cfe@process.st","2025-05-22T14:11:22.122Z","2026-05-06T12:43:59.331Z","","","","Overdue","3","26","88","Projeto FV"
"https://app.process.st/runs/tHmRK8w4DT2NfmdkZXhG0A","Rosana Soares Garcia ADEQUAÇAO - 7875-F","gabriel@gaussenergia.com.br group-aa595f0b-d840-4fcb-8407-a22a023e7e0d@process.st","2026-02-19T19:13:20.133Z","2026-05-06T12:13:20.258Z","","","","Overdue","1","7","88","Projeto FV"
"https://app.process.st/runs/olxq3FaJiMNmS0E1E3lLiw","Fernando Araujo Amorim - 14851-F","gabriel@gaussenergia.com.br group-698ea497-ec60-4bde-b165-b8f9ccbb0cfe@process.st group-aa595f0b-d840-4fcb-8407-a22a023e7e0d@process.st","2026-02-10T14:19:37.933Z","2026-05-05T18:58:43.591Z","","","","Overdue","5","19","88","Projeto FV"
"https://app.process.st/runs/rdYnCVyMP_wGPo3_5JREhA","Flandres Hoteis Ltda 2 - Busca Vida - 15149.2-F","pedro.pantaleao@gaussenergia.com.br group-aa595f0b-d840-4fcb-8407-a22a023e7e0d@process.st","2026-05-05T17:57:44.655Z","2026-05-05T18:27:37.858Z","","","","OnTrack","0","3","88","Projeto FV"
"https://app.process.st/runs/ksOmpZxknJt4u4etPFBNbA","Margô 1261-F","","2018-12-10T18:34:43.274Z","2026-05-05T16:54:52.334Z","","","","Overdue","4","19","88","Projeto FV"
"https://app.process.st/runs/t2yUbqQq6XTAlzH2vANAPw","Heliofabio Cardoso Dourado ALFA - MINI 300 kW - 13438.1-F","pedro.pantaleao@gaussenergia.com.br group-aa595f0b-d840-4fcb-8407-a22a023e7e0d@process.st","2025-05-06T17:14:50.157Z","2026-05-05T16:18:28.462Z","","","","OnTrack","0","11","88","Projeto FV"
"https://app.process.st/runs/kzgc8F8QMb-2O6Pxw3NCOg","Flandres Hoteis Ltda 1 - Rio Vermelho - 15149.1-F","pedro.pantaleao@gaussenergia.com.br group-aa595f0b-d840-4fcb-8407-a22a023e7e0d@process.st","2026-05-05T13:35:58.733Z","2026-05-05T14:47:34.565Z","","","","OnTrack","0","3","88","Projeto FV"
"https://app.process.st/runs/hz1jFqgI03YbOTHZuqVJfA","Elisa Castro Lemos - 14749-F","gabriel@gaussenergia.com.br group-698ea497-ec60-4bde-b165-b8f9ccbb0cfe@process.st group-aa595f0b-d840-4fcb-8407-a22a023e7e0d@process.st","2026-02-10T17:58:31.909Z","2026-05-05T13:58:27.483Z","","","","Overdue","4","20","88","Projeto FV"
"https://app.process.st/runs/kuwxnHYo3HpXmDy3NbtPPA","Joseilton Vieira Fraga 8415-F","pedro.pantaleao@gaussenergia.com.br","2022-10-31T19:37:49.551Z","2026-05-05T13:45:07.590Z","","","","Overdue","3","28","88","Projeto FV"
"https://app.process.st/runs/gk6mamjyB9fVmMAqXj1Nwg","Gilmario Ferreira de Amorim - 11264-F","pedro.pantaleao@gaussenergia.com.br group-698ea497-ec60-4bde-b165-b8f9ccbb0cfe@process.st","2024-05-06T19:55:46.623Z","2026-05-05T13:33:00.586Z","","","","Overdue","3","25","88","Projeto FV"
"https://app.process.st/runs/vYeupQzTk3K7vaZwxsVP6g","Rennery de Souza Câmara AUMENTO 2236-F","pedro.pantaleao@gaussenergia.com.br","2022-12-13T14:25:58.477Z","2026-05-05T13:25:16.595Z","","","","Overdue","3","23","88","Projeto FV"
"https://app.process.st/runs/sqAVuhMcBYi8KzgVqvVCsQ","Valdevi Francisco de Matos - 10551-F","pedro.pantaleao@gaussenergia.com.br","2023-11-17T12:34:49.524Z","2026-05-05T13:11:45.501Z","","","","Overdue","3","25","88","Projeto FV"
"https://app.process.st/runs/my4HllZ7GqPgEbne38RLNQ","Adriano Santos Anares da Silva 9716-F","group-698ea497-ec60-4bde-b165-b8f9ccbb0cfe@process.st","2023-02-10T13:21:18.320Z","2026-05-05T13:05:46.614Z","","","","Overdue","3","20","88","Projeto FV"
"https://app.process.st/runs/i4wjOdBg_lio-njCLUJJSw","Jose Dilson Gonçalves 3 / Fazenda Tres Irmas 8383.3-F","pedro.pantaleao@gaussenergia.com.br","2022-06-03T14:28:00.676Z","2026-05-05T13:01:40.757Z","","","","Overdue","2","27","88","Projeto FV"
"https://app.process.st/runs/tzro-tStgHqBfKagtTBJTw","Pedro Carneiro Sales 2 - 12288-F","pedro.pantaleao@gaussenergia.com.br group-698ea497-ec60-4bde-b165-b8f9ccbb0cfe@process.st","2024-11-26T17:05:40.293Z","2026-05-05T12:56:48.442Z","","","","Overdue","3","24","88","Projeto FV"
"https://app.process.st/runs/vXZ2CF782PYT-X0X949J6Q","Pedro Carneiro Sales 11110-F","pedro.pantaleao@gaussenergia.com.br group-698ea497-ec60-4bde-b165-b8f9ccbb0cfe@process.st","2024-03-22T18:24:08.469Z","2026-05-05T12:53:35.618Z","","","","Overdue","3","21","88","Projeto FV"
"https://app.process.st/runs/o7fhe0hPQBtD0KSjn4pKFw","Jossivan Batista Bispo AUMENTO 1958-F / 14579-F","pedro.pantaleao@gaussenergia.com.br group-aa595f0b-d840-4fcb-8407-a22a023e7e0d@process.st","2025-12-15T13:33:16.507Z","2026-05-05T12:44:18.551Z","","","","Overdue","4","19","88","Projeto FV"
"https://app.process.st/runs/orWD3kuNUEQq_BnTMQ9FFg","Gabriela Silva Salvador Dourado AUMENTO 3220-F","pedro.pantaleao@gaussenergia.com.br","2025-06-06T17:39:21.833Z","2026-05-05T12:38:46.994Z","","","","Overdue","3","20","88","Projeto FV"
"https://app.process.st/runs/pnJdDGIoAeL26TrMVmFLag","Joaquim da Silveira Costa Netto AUMENTO - 4382-F - 14753-F","pedro.pantaleao@gaussenergia.com.br group-aa595f0b-d840-4fcb-8407-a22a023e7e0d@process.st","2026-01-14T13:05:23.576Z","2026-05-05T12:27:16.673Z","","","","Overdue","4","19","88","Projeto FV"
"https://app.process.st/runs/qmWiPDjId-M73FCjsCdMXA","Wagner Jose de Figueiredo - Casa 6039-F","pedro.pantaleao@gaussenergia.com.br","2021-08-18T18:59:22.818Z","2026-05-05T12:04:42.523Z","","","","Overdue","3","21","88","Projeto FV"
"https://app.process.st/runs/lkRH-eywPfHUKUrklI1J8g","Benedito Luis Bomfim de Araujo - 10434-F","pedro.pantaleao@gaussenergia.com.br","2024-01-15T16:51:35.911Z","2026-05-05T11:57:51.510Z","","","","Overdue","3","25","88","Projeto FV"
"https://app.process.st/runs/jdRS5kwbweFBWq6CS8pBSg","Reinaldo Conceiçao Fernandes dos Santos - 11769-F","pedro.pantaleao@gaussenergia.com.br group-aa595f0b-d840-4fcb-8407-a22a023e7e0d@process.st","2024-10-23T20:55:34.552Z","2026-05-04T15:00:46.299Z","","","","Overdue","4","20","88","Projeto FV"
"https://app.process.st/runs/p4w64iHhWTRa9lVk4_ZKEg","Emerson Marques dos Santos 6107-F","pedro.pantaleao@gaussenergia.com.br","2021-08-30T20:34:04.265Z","2026-05-04T14:58:41.818Z","","","","Overdue","3","22","88","Projeto FV"
"https://app.process.st/runs/lwShmqbmifUGN50o2NBKjQ","Dival Sebastiao Gama de Souza 8158-F","pedro.pantaleao@gaussenergia.com.br group-698ea497-ec60-4bde-b165-b8f9ccbb0cfe@process.st","2022-04-07T14:45:14.628Z","2026-05-04T14:40:48.410Z","","","","Overdue","3","30","88","Projeto FV"
"https://app.process.st/runs/sEWx12W-4uS8CDBXg2JISA","Cristiane Mergulhao da França - Atitude Modas - 2298-F","","2019-07-05T21:57:23.048Z","2026-05-04T14:22:56.913Z","","","","Overdue","5","21","88","Projeto FV"
"https://app.process.st/runs/iHin1L8DOA3t2IyZkYdNMg","Waldemar Dourado Marques / WM Ferragens 4347-F","pedro.pantaleao@gaussenergia.com.br group-698ea497-ec60-4bde-b165-b8f9ccbb0cfe@process.st","2021-03-19T13:54:03.035Z","2026-05-04T13:47:04.787Z","","","","Overdue","3","20","88","Projeto FV"
"https://app.process.st/runs/spss3XUP_yjBpwqBEuxGsw","Joesio Elias - 14629-F","pedro.pantaleao@gaussenergia.com.br","2025-12-16T13:00:30.555Z","2026-05-04T13:33:49.249Z","","","","Overdue","3","20","88","Projeto FV"
"https://app.process.st/runs/ucnrqbCzCcmWh0Yhy4BDMw","Zon Energia Ltda 2 / Itaguaçu - 8752.2-F","pedro.pantaleao@gaussenergia.com.br group-aa595f0b-d840-4fcb-8407-a22a023e7e0d@process.st","2025-10-20T17:13:18.193Z","2026-05-04T13:29:36.159Z","","","","Overdue","6","17","88","Projeto FV"
"https://app.process.st/runs/t8zuK6hO_RA6-SxAU25IkQ","2075-F Maicon Duraes Souza Paiva","pedro.pantaleao@gaussenergia.com.br","2019-04-15T15:21:07.144Z","2026-05-04T13:00:32.530Z","2019-06-24T21:59:00.000Z","","","Overdue","4","15","88","Projeto FV"
"https://app.process.st/runs/oA38riRFiFHnMBCD0rRASw","Zon Energia Ltda AUMENTO - 8752-F","pedro.pantaleao@gaussenergia.com.br group-aa595f0b-d840-4fcb-8407-a22a023e7e0d@process.st","2025-02-04T11:45:58.078Z","2026-05-04T12:58:41.320Z","","","","OnTrack","0","13","88","Projeto FV"
"https://app.process.st/runs/hKzKxRAX9MqSyVcVjFFO6w","Luiz Wanderley Alves Dourado ADEQUAÇAO 7104-F","gabriel@gaussenergia.com.br","2026-02-05T19:33:55.760Z","2026-05-02T20:04:37.523Z","","","","Overdue","3","20","88","Projeto FV"
"https://app.process.st/runs/p-cKaXKWRi6lv-9PtFxKyg","Luzimar de Moura Oliveira - 14658-F","pedro.pantaleao@gaussenergia.com.br group-698ea497-ec60-4bde-b165-b8f9ccbb0cfe@process.st group-aa595f0b-d840-4fcb-8407-a22a023e7e0d@process.st","2025-12-15T18:49:00.910Z","2026-05-01T17:18:22.470Z","","","","Overdue","4","20","88","Projeto FV"
"https://app.process.st/runs/jIr9ekHBKwJNrfDpyiFDsA","Karla Leticia Passos Lima - 14852-F","pedro.pantaleao@gaussenergia.com.br group-aa595f0b-d840-4fcb-8407-a22a023e7e0d@process.st","2026-02-06T19:51:34.143Z","2026-05-01T17:04:54.305Z","","","","Overdue","4","19","88","Projeto FV"
"https://app.process.st/runs/nZ7LQ2AOw-mKPeFdmZNEIA","Elisabeth Rodriguez Martinez - 14589-F","pedro.pantaleao@gaussenergia.com.br","2026-01-06T14:57:47.395Z","2026-05-01T12:49:38.130Z","","","","Overdue","3","22","88","Projeto FV"
"https://app.process.st/runs/sVDpyVvFjuTQIGHFiK1DMQ","Antônio Carlos Almeida 1183-F","pedro.pantaleao@gaussenergia.com.br","2020-05-08T21:33:33.751Z","2026-04-30T16:58:07.691Z","","","","Overdue","2","25","88","Projeto FV"
"https://app.process.st/runs/uV2BizQLGvSx2liYg3tKfg","Norma Dourado ADEQUAÇAO 1560-F","gabriel@gaussenergia.com.br group-aa595f0b-d840-4fcb-8407-a22a023e7e0d@process.st","2026-03-26T17:17:20.092Z","2026-04-29T11:00:40.639Z","","","","Overdue","1","16","88","Projeto FV"
"https://app.process.st/runs/pmbO77y-PBowu7IHRKVK_Q","Joaquim da Silveira Costa Netto - 4382-F","pedro.pantaleao@gaussenergia.com.br group-698ea497-ec60-4bde-b165-b8f9ccbb0cfe@process.st","2023-07-21T17:21:45.321Z","2026-04-28T17:14:58.668Z","","","","Overdue","3","26","88","Projeto FV"
"https://app.process.st/runs/tUz2PEY-TTF8IZnqM2lGDw","Luiz Brito de Santana ADEQUAÇAO 8535-F","gabriel@gaussenergia.com.br group-698ea497-ec60-4bde-b165-b8f9ccbb0cfe@process.st group-aa595f0b-d840-4fcb-8407-a22a023e7e0d@process.st","2025-12-05T14:46:54.267Z","2026-04-28T14:07:16.404Z","","","","Overdue","3","18","88","Projeto FV"
"https://app.process.st/runs/o3H7ZWLhfObw929yP-pLow","Joao da Silva Garcia Neto - 14797-F","pedro.pantaleao@gaussenergia.com.br group-698ea497-ec60-4bde-b165-b8f9ccbb0cfe@process.st group-aa595f0b-d840-4fcb-8407-a22a023e7e0d@process.st","2026-01-22T14:01:17.540Z","2026-04-28T13:57:10.633Z","","","","Overdue","4","20","88","Projeto FV"
"https://app.process.st/runs/mLZsqRM_ahD67yFlfNdEuQ","Joselia Santana dos Santos - 14732-F","pedro.pantaleao@gaussenergia.com.br group-aa595f0b-d840-4fcb-8407-a22a023e7e0d@process.st","2026-01-14T19:19:05.276Z","2026-04-28T13:36:28.884Z","","","","Overdue","3","18","88","Projeto FV"
"https://app.process.st/runs/hyC1h7nNCqK15kJSm5BPAw","Debora Lopes de Medeiros Cavalcante AUMENTO - 12038-F - 14133-F","pedro.pantaleao@gaussenergia.com.br group-aa595f0b-d840-4fcb-8407-a22a023e7e0d@process.st","2026-01-13T18:07:52.209Z","2026-04-28T13:32:48.632Z","","","","Overdue","4","19","88","Projeto FV"
"https://app.process.st/runs/u8vobvryvycWkC-dlHBF-w","Antonio Lomes do Nascimento 7 AUMENTO / Terra Maior 9520-F","gabriel@gaussenergia.com.br group-aa595f0b-d840-4fcb-8407-a22a023e7e0d@process.st","2025-02-10T13:29:38.702Z","2026-04-28T13:13:24.738Z","","","","Overdue","4","19","88","Projeto FV"
"https://app.process.st/runs/m5a5GVIcSLWfnrwQ46BNEw","Dermival Junior 753-F","","2018-12-10T18:34:38.337Z","2026-04-27T18:43:42.795Z","","","","Overdue","4","16","88","Projeto FV"
"https://app.process.st/runs/pmVFaaBRjOU7jwS_tidBwA","Mammas Pizzaria 678-F","gabriel@gaussenergia.com.br","2018-12-10T18:34:38.308Z","2026-04-27T18:30:41.845Z","","","","Overdue","4","24","88","Projeto FV"
"https://app.process.st/runs/s-1PIbzXTNt0Olt_VV5KxA","Filipe Lacerda Amorim -> FYG SOLUCOES LTDA 14608-F","pedro.pantaleao@gaussenergia.com.br","2025-12-03T17:52:58.066Z","2026-04-27T18:19:55.949Z","","","","Overdue","3","20","88","Projeto FV"
"https://app.process.st/runs/q5wPlbOT4kC7XwF7D_dImA","Vaunei Cavalcante da Silva AUMENTO - 6173-F - 14659-F","pedro.pantaleao@gaussenergia.com.br group-aa595f0b-d840-4fcb-8407-a22a023e7e0d@process.st","2026-01-13T17:59:06.385Z","2026-04-27T18:05:47.720Z","","","","Overdue","4","19","88","Projeto FV"
"https://app.process.st/runs/veVW4nLxiArGMkZBIQlMhg","Iremar Araujo de Souza - 14695-F","pedro.pantaleao@gaussenergia.com.br group-698ea497-ec60-4bde-b165-b8f9ccbb0cfe@process.st group-aa595f0b-d840-4fcb-8407-a22a023e7e0d@process.st","2026-01-12T12:58:26.000Z","2026-04-27T17:50:01.142Z","","","","Overdue","4","20","88","Projeto FV"
"https://app.process.st/runs/sg5xCQ6JQtgeD-Tk7D1LjA","Santinha Barbosa Da Silva - 13395-F","pedro.pantaleao@gaussenergia.com.br group-698ea497-ec60-4bde-b165-b8f9ccbb0cfe@process.st","2025-05-02T18:22:34.017Z","2026-04-27T14:06:25.408Z","","","","Overdue","3","22","88","Projeto FV"
"https://app.process.st/runs/hMU3-10JrXtfsULaypVGbQ","Paes Cardoso - Thiago Carvalho Cardoso 2972-F","group-698ea497-ec60-4bde-b165-b8f9ccbb0cfe@process.st","2020-04-06T18:38:14.346Z","2026-04-27T14:01:30.003Z","","","","Overdue","2","24","88","Projeto FV"
"https://app.process.st/runs/tsIoSOcJtv1XXZpzrxJLTA","Gilberto Morais de Sousa - 13827-F","pedro.pantaleao@gaussenergia.com.br group-698ea497-ec60-4bde-b165-b8f9ccbb0cfe@process.st","2025-09-01T14:48:53.140Z","2026-04-27T13:54:12.803Z","","","","Overdue","3","22","88","Projeto FV"
"https://app.process.st/runs/nvDH0ZlHM9C_ni99UcBF0Q","Davi Albergaria Coelho Gomes - 14564-F","pedro.pantaleao@gaussenergia.com.br group-698ea497-ec60-4bde-b165-b8f9ccbb0cfe@process.st","2026-01-07T19:06:40.746Z","2026-04-26T17:58:52.986Z","","","","Overdue","5","23","88","Projeto FV"
"https://app.process.st/runs/i9vq-vkgHF0SPtSpFW1MGA","Bruno Camandaroba Cordeiro - 14713-F","pedro.pantaleao@gaussenergia.com.br group-698ea497-ec60-4bde-b165-b8f9ccbb0cfe@process.st group-aa595f0b-d840-4fcb-8407-a22a023e7e0d@process.st","2026-01-15T17:16:32.263Z","2026-04-25T12:11:25.206Z","","","","Overdue","4","20","88","Projeto FV"
"https://app.process.st/runs/tzkAJLDKAXLDq81NqUdBdQ","Joao Vitor Guerra / Fazenda Barauna ADEQUAÇAO 7920-F","gabriel@gaussenergia.com.br group-aa595f0b-d840-4fcb-8407-a22a023e7e0d@process.st","2026-01-22T13:46:27.436Z","2026-04-25T12:08:48.986Z","","","","Overdue","4","19","88","Projeto FV"
"https://app.process.st/runs/s75aOzsv67Szxwq5-hFFrA","Marcelo Dantas Veiga ADEQUAÇAO - 3759-F","pedro.pantaleao@gaussenergia.com.br","2025-09-24T17:39:57.858Z","2026-04-25T12:06:42.807Z","","","","Overdue","4","26","88","Projeto FV"
"https://app.process.st/runs/mp-4gOatumnOFf_pER9EoA","Yasmin de Araujo Silva - 14717-F","pedro.pantaleao@gaussenergia.com.br group-aa595f0b-d840-4fcb-8407-a22a023e7e0d@process.st","2026-01-09T18:44:24.069Z","2026-04-25T12:02:28.976Z","","","","Overdue","3","18","88","Projeto FV"
"https://app.process.st/runs/qqu4JWDje68O5p8nPNJLwA","Mateus Campos Barreto ADEQUAÇAO/ Comercio de Moveis Barreto / Sizenando 5672-F","gabriel@gaussenergia.com.br group-aa595f0b-d840-4fcb-8407-a22a023e7e0d@process.st","2026-01-29T19:31:04.235Z","2026-04-25T11:58:17.932Z","","","","Overdue","4","19","88","Projeto FV"
"https://app.process.st/runs/pbi6wH9sqpwP5Tj1ixtJeg","Bruno Nery Andrade ADEQUAÇAO 9320-F","gabriel@gaussenergia.com.br","2025-12-09T18:26:10.696Z","2026-04-25T11:55:00.080Z","","","","Overdue","3","24","88","Projeto FV"
"https://app.process.st/runs/ntFteBp9-0tKqEH6Wq1IGQ","Lorena Lima Costa ADEQUAÇAO 5123-F","gabriel@gaussenergia.com.br group-aa595f0b-d840-4fcb-8407-a22a023e7e0d@process.st","2026-01-29T19:16:24.242Z","2026-04-25T11:52:46.426Z","","","","Overdue","3","18","88","Projeto FV"
"https://app.process.st/runs/vQKaLXLHot_bK4ynvuBGtw","Marcelo Soares das Neves - 14585-F","pedro.pantaleao@gaussenergia.com.br group-698ea497-ec60-4bde-b165-b8f9ccbb0cfe@process.st group-aa595f0b-d840-4fcb-8407-a22a023e7e0d@process.st","2025-11-25T19:09:26.456Z","2026-04-25T11:49:57.497Z","","","","Overdue","3","19","88","Projeto FV"
"https://app.process.st/runs/rdUw_HRIaNaykAKp1zdGRg","Josue de Azevedo Rezende 1 ADEQUAÇAO 5674.1-F","gabriel@gaussenergia.com.br group-aa595f0b-d840-4fcb-8407-a22a023e7e0d@process.st","2026-01-29T19:45:43.134Z","2026-04-25T11:47:21.093Z","","","","Overdue","3","18","88","Projeto FV"
"https://app.process.st/runs/i3V99BsbsIlwGyCemexOMA","Edificio Vitta Park Residence - 11534-F","pedro.pantaleao@gaussenergia.com.br","2025-11-04T18:23:37.999Z","2026-04-24T17:31:24.235Z","","","","Overdue","3","22","88","Projeto FV"
"https://app.process.st/runs/lifTi2M-IxY2CbtomEtGLg","Joelton Lima dos Santos - 14850-F","pedro.pantaleao@gaussenergia.com.br group-698ea497-ec60-4bde-b165-b8f9ccbb0cfe@process.st group-aa595f0b-d840-4fcb-8407-a22a023e7e0d@process.st","2026-01-28T13:50:12.273Z","2026-04-24T17:29:22.230Z","","","","Overdue","5","19","88","Projeto FV"
"https://app.process.st/runs/uLfKZ-V9UCYeGICLpBxG9g","Marucci Felix Empreendimentos e P. Ltda / Goes Empreendimentos - 7331-F","pedro.pantaleao@gaussenergia.com.br group-698ea497-ec60-4bde-b165-b8f9ccbb0cfe@process.st","2021-11-05T18:15:11.653Z","2026-04-24T14:51:02.372Z","","","","Overdue","3","26","88","Projeto FV"
"https://app.process.st/runs/qn8PjosM5egzXAr8daREeg","E Rocha Bessa ME / Fiesta Park Hotel 2 / Irece  ->  CASSIMIRO INACIO BARROS DE MATOS 5159.2","pedro.pantaleao@gaussenergia.com.br","2021-10-29T13:45:26.662Z","2026-04-23T19:08:15.883Z","","","","OnTrack","0","25","88","Projeto FV"
"https://app.process.st/runs/gjCIRxGnkmn_BMHHdSFJtA","Tamara Monique Vidal Almeida 2 - 14996-F","pedro.pantaleao@gaussenergia.com.br group-aa595f0b-d840-4fcb-8407-a22a023e7e0d@process.st","2026-04-17T17:43:37.794Z","2026-04-22T15:03:37.987Z","","","","OnTrack","0","3","88","Projeto FV"
"https://app.process.st/runs/tqKQtGUcg_4DV-vx7-tIcg","Brunna Quessia Soares de Miranda - 14622-F","pedro.pantaleao@gaussenergia.com.br","2025-12-04T14:54:52.973Z","2026-04-22T13:50:52.148Z","","","","Overdue","3","20","88","Projeto FV"
"https://app.process.st/runs/sYhcpGNguic9LEddd_9OEA","Wagner da Silva Belisario AUMENTO / Grafica Salobro - 1463-F - 14779-F","pedro.pantaleao@gaussenergia.com.br group-aa595f0b-d840-4fcb-8407-a22a023e7e0d@process.st","2026-02-26T17:39:59.174Z","2026-04-22T11:00:10.041Z","","","","Overdue","1","19","88","Projeto FV"
"https://app.process.st/runs/mQG2VPg5jkgj9WuT0QlGAg","Carlos Machado 2 - 14710-F","pedro.pantaleao@gaussenergia.com.br group-698ea497-ec60-4bde-b165-b8f9ccbb0cfe@process.st group-aa595f0b-d840-4fcb-8407-a22a023e7e0d@process.st","2026-01-09T18:21:16.055Z","2026-04-21T12:25:52.563Z","","","","Overdue","4","20","88","Projeto FV"
"https://app.process.st/runs/i9K42pnsQ1PBvhd5ikNH9A","Rosildo Gonçalves de Carvalho - 14692-F","pedro.pantaleao@gaussenergia.com.br group-698ea497-ec60-4bde-b165-b8f9ccbb0cfe@process.st group-aa595f0b-d840-4fcb-8407-a22a023e7e0d@process.st","2026-01-21T13:11:30.821Z","2026-04-21T12:23:11.457Z","","","","Overdue","5","19","88","Projeto FV"
"https://app.process.st/runs/qpHpVgZLfg0jEzeLjnpFlw","Adilton Sousa Costa - 14706-F","pedro.pantaleao@gaussenergia.com.br group-aa595f0b-d840-4fcb-8407-a22a023e7e0d@process.st","2026-01-21T14:04:56.358Z","2026-04-21T12:23:10.390Z","","","","Overdue","4","19","88","Projeto FV"
"https://app.process.st/runs/qiJ0JOjClZcC9v7QqGxJSw","Roberto Gaudencio Oliveira Canario AUMENTO DE PROJETO TERCEIRO - 14371-F","pedro.pantaleao@gaussenergia.com.br group-698ea497-ec60-4bde-b165-b8f9ccbb0cfe@process.st group-aa595f0b-d840-4fcb-8407-a22a023e7e0d@process.st","2025-12-10T18:17:38.090Z","2026-04-21T12:21:51.460Z","","","","Overdue","4","20","88","Projeto FV"
"https://app.process.st/runs/hvlmFv3TCSkJwwwC4PxDRg","Eliene Carvalho dos Santos - 13846-F","pedro.pantaleao@gaussenergia.com.br group-aa595f0b-d840-4fcb-8407-a22a023e7e0d@process.st","2025-11-13T14:39:12.218Z","2026-04-21T12:20:36.461Z","","","","Overdue","4","19","88","Projeto FV"
"https://app.process.st/runs/tCWZNjPdYLZeyERwjlVJXw","Condominio Sense Marau - 14537-F","pedro.pantaleao@gaussenergia.com.br group-aa595f0b-d840-4fcb-8407-a22a023e7e0d@process.st","2026-01-30T18:34:52.017Z","2026-04-21T12:20:24.391Z","","","","Overdue","3","19","88","Projeto FV"
"https://app.process.st/runs/nhaSNqqQb9zPn4XDOctJHw","Alaide Maria Peixoto Soares ADEQUAÇAO 5654-F","gabriel@gaussenergia.com.br","2026-01-30T14:57:01.502Z","2026-04-21T11:47:09.455Z","","","","Overdue","3","21","88","Projeto FV"
"https://app.process.st/runs/jSyr-Qw-cqTbVTAYxERB_w","Jean Louis Kerckhof Reina 3 - 12898-F","pedro.pantaleao@gaussenergia.com.br group-aa595f0b-d840-4fcb-8407-a22a023e7e0d@process.st","2026-01-19T13:59:01.928Z","2026-04-20T11:50:18.178Z","","","","Overdue","3","18","88","Projeto FV"
"https://app.process.st/runs/kj_-vwBwydX7OHYLPeFBmg","Uniao Leste Brasileira da Igreja Adventista do Setimo Dia - 9619-F","pedro.pantaleao@gaussenergia.com.br","2024-09-19T16:32:43.309Z","2026-04-17T18:37:30.326Z","","","","Overdue","2","20","88","Projeto FV"
"https://app.process.st/runs/nW2v0kAUUPRJs-Nb8Z1Nng","Jose Antonio de Sousa Meirelles / Maria Zelia 8710-F","pedro.pantaleao@gaussenergia.com.br group-698ea497-ec60-4bde-b165-b8f9ccbb0cfe@process.st group-aa595f0b-d840-4fcb-8407-a22a023e7e0d@process.st","2022-07-08T14:03:07.294Z","2026-04-17T12:32:10.964Z","","","","Overdue","3","21","88","Projeto FV"
"https://app.process.st/runs/vv4j9bgY1IK9uLN7qyJPNQ","Orlando Santos Ribeiro Filho - 10141-F","pedro.pantaleao@gaussenergia.com.br","2023-07-06T13:46:10.653Z","2026-04-17T12:24:51.457Z","","","","Overdue","3","28","88","Projeto FV"
"https://app.process.st/runs/pHNXGYQBwC6mAboVw5VFvA","Posto Kalilandia Ltda / Praia do Forte - 13912-F","pedro.pantaleao@gaussenergia.com.br group-698ea497-ec60-4bde-b165-b8f9ccbb0cfe@process.st","2025-09-22T14:15:32.241Z","2026-04-17T12:12:48.475Z","","","","Overdue","2","20","88","Projeto FV"
"https://app.process.st/runs/vezunbdXZLBpIPS7EcpHRA","G. CIRINO DOS ANJOS / Angelo Vinicius Dantas Silva Cirino 2 ADEQUAÇAO - 3906-F","pedro.pantaleao@gaussenergia.com.br group-aa595f0b-d840-4fcb-8407-a22a023e7e0d@process.st","2025-06-02T18:21:22.228Z","2026-04-16T19:47:21.151Z","","","","OnTrack","0","2","88","Projeto FV"
"https://app.process.st/runs/tE3JOB3aIqNYy-lFzHNDoQ","Klein Pinto Barreto - 12728-F","pedro.pantaleao@gaussenergia.com.br group-698ea497-ec60-4bde-b165-b8f9ccbb0cfe@process.st","2025-02-14T13:30:24.577Z","2026-04-16T14:09:28.388Z","","","","Overdue","3","22","88","Projeto FV"
"https://app.process.st/runs/qhOqRxGqd0DRaXdxohRCOg","Thomas Pamphilo Dourado Bastos - 13197-F","pedro.pantaleao@gaussenergia.com.br group-698ea497-ec60-4bde-b165-b8f9ccbb0cfe@process.st","2025-05-21T14:47:33.277Z","2026-04-16T13:47:57.494Z","","","","Overdue","3","22","88","Projeto FV"
"https://app.process.st/runs/qcHop8O_R9Fz7rFipXlPOg","Marcelo Castilho Maia - 12192-F","pedro.pantaleao@gaussenergia.com.br","2024-11-19T14:45:19.137Z","2026-04-16T13:43:30.241Z","","","","Overdue","3","21","88","Projeto FV"
"https://app.process.st/runs/oK6vmZfsTcuE_QUrVSFK7A","JCLB Patrimonial e Administraçao I Ltda / Jose Carpinteiro  -> 3SC PATRIMONIAL LTDA 6091-F","pedro.pantaleao@gaussenergia.com.br","2021-10-05T19:51:25.416Z","2026-04-16T13:39:17.306Z","","","","Overdue","3","31","88","Projeto FV"
"https://app.process.st/runs/updkfpV7Gjl5dmwHKl5Ehw","Weberth Carvalho / Exato Laboratório 3336-F","pedro.pantaleao@gaussenergia.com.br","2020-05-08T19:18:57.166Z","2026-04-16T13:27:54.514Z","","","","Overdue","1","26","88","Projeto FV"
"https://app.process.st/runs/tfXxl625DstNjJbHqJNCRg","Jabeson Gomes Ramos - 12766-F","pedro.pantaleao@gaussenergia.com.br","2025-02-26T14:31:12.967Z","2026-04-16T13:22:09.020Z","","","","Overdue","3","21","88","Projeto FV"
"https://app.process.st/runs/smktT9UnfTCleyoVEGhJSg","Jean Carlo Santos de Jesus NAO EXECUTADO - 14252-F","pedro.pantaleao@gaussenergia.com.br group-aa595f0b-d840-4fcb-8407-a22a023e7e0d@process.st","2025-10-10T12:58:50.451Z","2026-04-15T14:31:34.279Z","","","","OnTrack","0","3","88","Projeto FV"
"https://app.process.st/runs/mXq44i0wwEwrkjo5AnxKaQ","Felipe do Rego Dias ADEQUAÇAO 7036-F","gabriel@gaussenergia.com.br group-aa595f0b-d840-4fcb-8407-a22a023e7e0d@process.st","2026-02-13T18:52:34.787Z","2026-04-15T11:01:16.439Z","","","","Overdue","1","16","88","Projeto FV"
"https://app.process.st/runs/rpR_nD0gY13b3ktRvHdJJw","Rafael Dias Oliveira 2  -> Adenilton Silva de Jesus  ADEQUAÇAO 9870-F","gabriel@gaussenergia.com.br group-aa595f0b-d840-4fcb-8407-a22a023e7e0d@process.st","2026-04-14T19:05:31.994Z","2026-04-14T19:28:57.915Z","","","","OnTrack","0","3","88","Projeto FV"
"https://app.process.st/runs/lcW_Bey97kEBvZ6Q8cZMeg","Pedro Jose de Lima Neto / Maria de Lourdes Ferreira Lima  6287-F","pedro.pantaleao@gaussenergia.com.br group-698ea497-ec60-4bde-b165-b8f9ccbb0cfe@process.st","2021-09-16T19:18:48.855Z","2026-04-14T18:30:17.018Z","","","","Overdue","3","22","88","Projeto FV"
"https://app.process.st/runs/uM_q7XDdKVE7_tc_qL5Gfg","Colegio Cometa GRUPO A 3378-F","gabriel@gaussenergia.com.br","2020-05-29T15:40:56.747Z","2026-04-14T18:22:06.937Z","","","","Overdue","2","22","88","Projeto FV"
"https://app.process.st/runs/sNOFVrdB3ND6hEzo6YVEzg","Mercadinho Buriti LTDA 2 2755-F","group-698ea497-ec60-4bde-b165-b8f9ccbb0cfe@process.st","2019-12-26T17:59:18.490Z","2026-04-14T17:34:06.084Z","","","","Overdue","5","17","88","Projeto FV"
"https://app.process.st/runs/niLJIh0T9YCqh2B8a2pO4Q","Marcelo Vinicius Dourado do Nascimento - 14635-F","pedro.pantaleao@gaussenergia.com.br","2025-12-04T18:03:23.464Z","2026-04-14T12:53:20.838Z","","","","Overdue","4","26","88","Projeto FV"
"https://app.process.st/runs/vIJiac2ti0xgtADJB6BEQQ","Sarah Nalygia Matos Viana ADEQUAÇAO - 12196-F","gabriel@gaussenergia.com.br","2025-12-05T14:06:23.722Z","2026-04-14T12:28:24.350Z","","","","Overdue","3","20","88","Projeto FV"
"https://app.process.st/runs/s0P6O-LO0YClkElkke1DfQ","Magno Leite Machado 2 ADEQUAÇAO - 3353.2-F","pedro.pantaleao@gaussenergia.com.br","2025-12-06T13:36:08.592Z","2026-04-14T12:28:08.879Z","","","","Overdue","2","19","88","Projeto FV"
"https://app.process.st/runs/tk98owNuQ5ynaa2XdtBIFA","Supermercado Santos 1 - Carlos Orlei ADEQUAÇAO 549.1-F","pedro.pantaleao@gaussenergia.com.br","2025-05-30T17:54:42.956Z","2026-04-14T12:27:57.588Z","","","","Overdue","3","20","88","Projeto FV"
"https://app.process.st/runs/oRK2ay6hv7SWOMPo9C1B9g","Jorge Pereira Teles 3 - Residencia ADEQUAÇÃO 8067-F","gabriel@gaussenergia.com.br","2025-12-09T18:07:04.714Z","2026-04-14T12:27:27.562Z","","","","Overdue","2","19","88","Projeto FV"
"https://app.process.st/runs/gR0F0UKpW0V4vyeC1r5NmA","Leila Rocha Medrado Santos ADEQUAÇAO - 9456-F","gabriel@gaussenergia.com.br","2025-12-05T13:56:48.656Z","2026-04-14T12:27:15.036Z","","","","Overdue","3","23","88","Projeto FV"
"https://app.process.st/runs/spHOOOxqgK9dLq4pW_5CtQ","Joao Alberto Cardoso Dourado ADEQUAÇAO - 10608-F","pedro.pantaleao@gaussenergia.com.br","2025-12-06T14:42:44.317Z","2026-04-14T12:27:01.455Z","","","","Overdue","3","20","88","Projeto FV"
"https://app.process.st/runs/tUMe4DcFyH19uo4yy31IVg","Luciano Alves ADEQUAÇÃO 1721-F","gabriel@gaussenergia.com.br","2026-01-21T19:17:24.890Z","2026-04-14T12:26:49.085Z","","","","Overdue","3","20","88","Projeto FV"
"https://app.process.st/runs/sbnjuzWHByQi5FkSfMBOcw","Jose Aureo de Oliveira ADEQUAÇAO 7636-F","gabriel@gaussenergia.com.br","2026-01-22T13:59:05.200Z","2026-04-14T12:26:36.597Z","","","","Overdue","2","19","88","Projeto FV"
"https://app.process.st/runs/iRnp-tAIrOxXaZ9OQqdEOg","Neivair Gomes de Souza ADEQUAÇAO - 1265-F","gabriel@gaussenergia.com.br","2026-01-21T14:17:13.255Z","2026-04-14T12:11:19.451Z","","","","Overdue","3","20","88","Projeto FV"
"https://app.process.st/runs/i87MZZK7J-90O5xheQVIBw","Adelson Leal Liborio 8 / Galpao Redondo / Vila Esperança 1339.8-F","pedro.pantaleao@gaussenergia.com.br","2022-11-18T13:44:06.699Z","2026-04-13T16:50:17.125Z","","","","Overdue","3","28","88","Projeto FV"
"https://app.process.st/runs/sNi2FevM4OHs7ICqn_ZAIQ","Agamenon Cardoso Dourado Junior - 10694-F","pedro.pantaleao@gaussenergia.com.br","2025-07-17T17:26:36.012Z","2026-04-13T16:46:26.507Z","","","","Overdue","3","21","88","Projeto FV"
"https://app.process.st/runs/nyrk2mhNZMKStg1ZdP1Ejg","Aparecida de Fatima / O Casarao 2927-F","pedro.pantaleao@gaussenergia.com.br","2019-12-19T21:51:42.024Z","2026-04-13T16:14:26.628Z","","","","Overdue","5","21","88","Projeto FV"
"https://app.process.st/runs/kcMgMNsOq8oE8RAtTglCzg","Maria Celia Cordeiro Barros - 14539-F","pedro.pantaleao@gaussenergia.com.br group-698ea497-ec60-4bde-b165-b8f9ccbb0cfe@process.st","2025-11-24T13:14:36.823Z","2026-04-13T16:09:24.109Z","","","","Overdue","3","22","88","Projeto FV"
"https://app.process.st/runs/us2jXzoGJpvRhWQLjVxJtw","Ariobaldo Ferreira Barros / Novo Material de Construção Lider Ltda ADEQUAÇAO - 10013-F","pedro.pantaleao@gaussenergia.com.br","2025-06-02T19:28:56.575Z","2026-04-12T12:40:09.693Z","","","","Overdue","3","20","88","Projeto FV"
"https://app.process.st/runs/kmreWQ4wR5_9y5atOERKnA","Emerson Souza Bastos ME / Pe de Serra 2 / Residencia ADEQUAÇAO - 4346-F","pedro.pantaleao@gaussenergia.com.br","2025-09-23T14:25:50.810Z","2026-04-12T12:38:34.683Z","","","","Overdue","2","19","88","Projeto FV"
"https://app.process.st/runs/jATf6ZHeVPjbj9-FFhdLbw","Mega Center 2 / PetroMetal 3 ADEQUAÇAO - 2599.2-F","gabriel@gaussenergia.com.br","2025-12-05T19:18:46.593Z","2026-04-12T12:38:23.608Z","","","","Overdue","3","20","88","Projeto FV"
"https://app.process.st/runs/lqSK4Exr53f9KOVB0RxKJA","Mega Center / PetroMetal 2 ADEQUAÇAO - 2599.1-F","gabriel@gaussenergia.com.br group-698ea497-ec60-4bde-b165-b8f9ccbb0cfe@process.st","2026-01-13T13:48:39.237Z","2026-04-12T12:38:03.212Z","","","","Overdue","3","20","88","Projeto FV"
"https://app.process.st/runs/kBRFghEZdHOCgtBXC-1Bvw","Manoel Angelo Dourado - 14718-F","pedro.pantaleao@gaussenergia.com.br group-698ea497-ec60-4bde-b165-b8f9ccbb0cfe@process.st group-aa595f0b-d840-4fcb-8407-a22a023e7e0d@process.st","2026-01-09T18:59:16.650Z","2026-04-11T12:40:41.881Z","","","","Overdue","5","18","88","Projeto FV"
"https://app.process.st/runs/k0GbskrxaKFp6wpsLF1KrA","Emilly Ravenna Nunes dos Santos AUMENTO / Mauricio Macaubas - 11212-F","pedro.pantaleao@gaussenergia.com.br group-aa595f0b-d840-4fcb-8407-a22a023e7e0d@process.st","2026-01-13T18:35:52.760Z","2026-04-11T11:52:04.880Z","","","","Overdue","4","19","88","Projeto FV"
"https://app.process.st/runs/sg2Zxza_so9iBvrbfaJNWw","Otilia Alves Forte - 14048-F","pedro.pantaleao@gaussenergia.com.br group-aa595f0b-d840-4fcb-8407-a22a023e7e0d@process.st","2025-12-15T17:52:05.507Z","2026-04-10T19:47:45.476Z","","","","Overdue","3","18","88","Projeto FV"
"https://app.process.st/runs/s6SdxRccF-afA13FDHlFUQ","George Alves de Sena Florencio 3 - 14586-F","pedro.pantaleao@gaussenergia.com.br group-aa595f0b-d840-4fcb-8407-a22a023e7e0d@process.st","2025-11-27T14:46:37.533Z","2026-04-10T19:37:24.957Z","","","","Overdue","4","17","88","Projeto FV"
"https://app.process.st/runs/umyiKzTaW4Uerf4EPKhHwQ","Soma Patrimonial Mini 3 / Santo Estevao PROJETO DE TERCEIRO - 10225-F","gabriel@gaussenergia.com.br group-aa595f0b-d840-4fcb-8407-a22a023e7e0d@process.st","2025-01-30T14:34:42.094Z","2026-04-10T18:49:27.140Z","","","","Overdue","3","5","88","Projeto FV"
"https://app.process.st/runs/kER8izqlDyAutklFFnpAEQ","Maricel Patrimonial Ltda - 13266-F","pedro.pantaleao@gaussenergia.com.br group-aa595f0b-d840-4fcb-8407-a22a023e7e0d@process.st","2025-08-26T14:02:37.294Z","2026-04-10T18:03:55.921Z","","","","Overdue","4","17","88","Projeto FV"
"https://app.process.st/runs/vfWlaFT0qCAkMsm9CSZGbQ","MRD Empreendimentos Ltda -> A2P PATRIMONIAL LTDA 12578-F","pedro.pantaleao@gaussenergia.com.br group-698ea497-ec60-4bde-b165-b8f9ccbb0cfe@process.st","2025-01-20T15:01:17.570Z","2026-04-10T17:56:46.944Z","","","","Overdue","2","21","88","Projeto FV"
"https://app.process.st/runs/pBGIn1aUab2D6_lwXRVFZA","Jarivaldo Nascimento Sacramento AUMENTO - 6298-F","pedro.pantaleao@gaussenergia.com.br","2025-03-14T16:34:45.412Z","2026-04-10T13:26:15.768Z","","","","Overdue","3","21","88","Projeto FV"
"https://app.process.st/runs/jqC77NsmdOzEJKx6VExASQ","Rosemeire Barbosa Da Silva - 13201-F","pedro.pantaleao@gaussenergia.com.br","2025-04-23T19:43:45.817Z","2026-04-10T13:19:34.788Z","","","","Overdue","3","21","88","Projeto FV"
"https://app.process.st/runs/m-Eq78Fe_vQ_Bi_d8TBOxw","Juliana Olivaes Almeida - 12396-F","pedro.pantaleao@gaussenergia.com.br group-aa595f0b-d840-4fcb-8407-a22a023e7e0d@process.st","2025-11-10T19:36:43.995Z","2026-04-10T13:16:57.542Z","","","","Overdue","4","19","88","Projeto FV"
"https://app.process.st/runs/qhOVRgPmHfJPL21Sj-dKIQ","Laura Regina Dourado Moitinho AUMENTO - 10569-F","pedro.pantaleao@gaussenergia.com.br group-698ea497-ec60-4bde-b165-b8f9ccbb0cfe@process.st","2024-04-12T12:44:45.502Z","2026-04-10T13:08:28.728Z","","","","Overdue","3","21","88","Projeto FV"
"https://app.process.st/runs/rwxrDL6iNkii96yyhdxKSQ","Jean Almeida Santana 8324-F","pedro.pantaleao@gaussenergia.com.br group-698ea497-ec60-4bde-b165-b8f9ccbb0cfe@process.st","2022-05-02T20:20:25.358Z","2026-04-10T13:05:29.721Z","","","","OnTrack","0","26","88","Projeto FV"
"https://app.process.st/runs/lsLF8uzjajbeWSXMg3ZH5w","Silvana Alves Neiva - 10993-F","pedro.pantaleao@gaussenergia.com.br group-698ea497-ec60-4bde-b165-b8f9ccbb0cfe@process.st","2024-03-13T19:24:19.501Z","2026-04-10T12:57:53.069Z","","","","Overdue","3","22","88","Projeto FV"
"https://app.process.st/runs/tlcxwhHe9WTKkZHMs2VNag","Fundal Fundaçao Antonio Almeida e Silva 14079-F","pedro.pantaleao@gaussenergia.com.br","2025-10-29T14:33:52.992Z","2026-04-10T12:51:27.440Z","","","","Overdue","3","20","88","Projeto FV"
"https://app.process.st/runs/jGOY1CwdCPK8qF5SmdFDaQ","Valde Rubem Alves Barreto 3669-F","pedro.pantaleao@gaussenergia.com.br group-698ea497-ec60-4bde-b165-b8f9ccbb0cfe@process.st","2021-02-02T13:33:09.336Z","2026-04-10T12:48:57.267Z","","","","Overdue","3","30","88","Projeto FV"
"https://app.process.st/runs/hIqrHVC8vmjReY8QPXpKrA","Weriton Rodrigues Pimentel 3 - Padaria Mae Chica 13568-F","pedro.pantaleao@gaussenergia.com.br","2025-06-03T17:37:52.902Z","2026-04-08T13:10:52.552Z","","","","Overdue","3","20","88","Projeto FV"
"https://app.process.st/runs/qwwCxl9JH0gKyMKWMr1BWw","Uelton Carmo AUMENTO - 4429-F","pedro.pantaleao@gaussenergia.com.br","2024-05-22T14:01:45.222Z","2026-04-08T12:35:41.033Z","","","","Overdue","3","21","88","Projeto FV"
"https://app.process.st/runs/ksqIhHpETP1uT-Fl3OtOpg","Dirlane Fernandes de Almeida - 14689-F","pedro.pantaleao@gaussenergia.com.br group-698ea497-ec60-4bde-b165-b8f9ccbb0cfe@process.st group-aa595f0b-d840-4fcb-8407-a22a023e7e0d@process.st","2025-12-17T17:32:06.873Z","2026-04-07T20:23:25.724Z","","","","Overdue","4","20","88","Projeto FV"
"https://app.process.st/runs/oeGthFcc_Z-RAqp8HTNFLw","Jose Sandro Pereira Valentim AUMENTO 5197-F","pedro.pantaleao@gaussenergia.com.br group-aa595f0b-d840-4fcb-8407-a22a023e7e0d@process.st","2025-11-14T19:26:51.029Z","2026-04-07T20:09:31.025Z","","","","Overdue","5","18","88","Projeto FV"
"https://app.process.st/runs/tDFmTlks1lt9gTei7f1HlQ","Aline Melo Ferreira - 14341-F","pedro.pantaleao@gaussenergia.com.br group-aa595f0b-d840-4fcb-8407-a22a023e7e0d@process.st","2025-10-17T12:44:00.454Z","2026-04-07T20:04:43.317Z","","","","Overdue","5","18","88","Projeto FV"
"https://app.process.st/runs/gleb5xDuUXxw4FSQOMJLjA","Sizenando Pereira Souza AUMENTO 3415-F","pedro.pantaleao@gaussenergia.com.br group-aa595f0b-d840-4fcb-8407-a22a023e7e0d@process.st","2025-09-03T14:41:24.312Z","2026-04-07T20:04:13.667Z","","","","Overdue","5","18","88","Projeto FV"
"https://app.process.st/runs/qUKVPE2glcxk17qE6D1PSA","Milton Ribeiro Ferreira De Freitas - 14349-F","pedro.pantaleao@gaussenergia.com.br group-aa595f0b-d840-4fcb-8407-a22a023e7e0d@process.st","2025-10-22T14:19:28.017Z","2026-04-07T20:03:05.277Z","","","","Overdue","5","18","88","Projeto FV"
"https://app.process.st/runs/sy8U69KPXKoy8lr3RuFCeQ","Joel Peixoto dos Santos Filho AUMENTO 2 - 2369-F","pedro.pantaleao@gaussenergia.com.br group-aa595f0b-d840-4fcb-8407-a22a023e7e0d@process.st","2025-10-29T18:32:04.274Z","2026-04-07T20:02:40.269Z","","","","Overdue","5","18","88","Projeto FV"
"https://app.process.st/runs/k3hoNNzMsO1HdWwC05NJcw","Helio Eloy Alves Dias Filho - 13814-F","pedro.pantaleao@gaussenergia.com.br group-698ea497-ec60-4bde-b165-b8f9ccbb0cfe@process.st group-aa595f0b-d840-4fcb-8407-a22a023e7e0d@process.st","2025-08-25T17:26:55.640Z","2026-04-07T20:02:15.025Z","","","","Overdue","4","20","88","Projeto FV"
"https://app.process.st/runs/hZB2xzvsMW70piZrU3RA7A","Associaçao Solar Mais 1 / Terreno Lucas - 13662.1-F","pedro.pantaleao@gaussenergia.com.br group-698ea497-ec60-4bde-b165-b8f9ccbb0cfe@process.st","2025-10-27T18:12:37.053Z","2026-04-07T19:59:54.024Z","","","","Overdue","3","21","88","Projeto FV"
"https://app.process.st/runs/rzA17rEwjS9L37dN0OVKJg","LLI Provedor Internet Ltda AUMENTO - 13848-F","pedro.pantaleao@gaussenergia.com.br group-698ea497-ec60-4bde-b165-b8f9ccbb0cfe@process.st group-aa595f0b-d840-4fcb-8407-a22a023e7e0d@process.st","2025-09-17T13:10:39.643Z","2026-04-07T19:58:48.818Z","","","","Overdue","4","19","88","Projeto FV"
"https://app.process.st/runs/qN_b8MU7AOmunHGyy1JHog","Anthony Ruann Correia de Andrade - 14632-F","pedro.pantaleao@gaussenergia.com.br","2025-12-16T13:17:26.408Z","2026-04-07T19:52:06.877Z","","","","Overdue","2","19","88","Projeto FV"
"https://app.process.st/runs/oOvM1c4c9fL-T0yVeKZPuQ","Solange Rodrigues Lunas SOMENTE HOMOLOGAÇAO - 14100-F","pedro.pantaleao@gaussenergia.com.br group-aa595f0b-d840-4fcb-8407-a22a023e7e0d@process.st","2025-10-07T14:04:56.775Z","2026-04-07T19:50:48.309Z","","","","Overdue","3","18","88","Projeto FV"
"https://app.process.st/runs/kU4AfDl9wWVofBjfSFZL-A","Mauricio Lima de Oliveira AUMENTO DE PROJETO TERCEIRO - 13990-F","pedro.pantaleao@gaussenergia.com.br group-698ea497-ec60-4bde-b165-b8f9ccbb0cfe@process.st group-aa595f0b-d840-4fcb-8407-a22a023e7e0d@process.st","2025-09-24T13:34:43.302Z","2026-04-07T19:46:48.965Z","","","","Overdue","4","21","88","Projeto FV"
"https://app.process.st/runs/mtTqQ7x3gT_9hJDNBqhEqg","Wagner Nascimento de Jesus - 14466-F","pedro.pantaleao@gaussenergia.com.br","2025-11-04T19:19:01.834Z","2026-04-07T19:26:20.267Z","","","","Overdue","2","19","88","Projeto FV"
"https://app.process.st/runs/i9nw9ii80eXCH5V7edtNWQ","Maria Jozilene - 3535-F","pedro.pantaleao@gaussenergia.com.br","2020-09-25T19:43:25.702Z","2026-04-07T19:25:08.593Z","","","","Overdue","1","21","88","Projeto FV"
"https://app.process.st/runs/grckGAB40idl_E2li-5E7g","Hiago Nunes Dourado Magalhaes -> Geralda Primo de Souza Barros  -> Hiago Nunes Dourado Magalhaes 12048-F","pedro.pantaleao@gaussenergia.com.br","2024-12-02T14:50:55.436Z","2026-04-07T19:22:19.269Z","","","","Overdue","3","21","88","Projeto FV"
"https://app.process.st/runs/lxTW0PVg4TTkX7CITvhPcw","Everton Souza de Oliveira / Mercado Morais / Melquezedeck 4262-F","pedro.pantaleao@gaussenergia.com.br group-698ea497-ec60-4bde-b165-b8f9ccbb0cfe@process.st group-aa595f0b-d840-4fcb-8407-a22a023e7e0d@process.st","2021-02-24T20:07:21.793Z","2026-04-07T19:07:13.935Z","","","","Overdue","1","30","88","Projeto FV"
"https://app.process.st/runs/j-M76VQX2LWVMW668EhH4g","Angelo Cirino 2602-F","group-698ea497-ec60-4bde-b165-b8f9ccbb0cfe@process.st","2019-08-22T13:01:13.975Z","2026-04-07T18:47:02.454Z","","","","Overdue","4","22","88","Projeto FV"
"https://app.process.st/runs/u5jMZIGGTvlsPBe-9KBDjg","Angela Maria Oliveira Matos - 11909-F","pedro.pantaleao@gaussenergia.com.br group-698ea497-ec60-4bde-b165-b8f9ccbb0cfe@process.st","2024-11-01T12:34:39.740Z","2026-04-07T16:40:37.824Z","","","","Overdue","3","21","88","Projeto FV"
"https://app.process.st/runs/oY03tzGW_qg5oNVb-4FHcQ","Bruno Lopes de Assis - 12465-F","gabriel@gaussenergia.com.br group-aa595f0b-d840-4fcb-8407-a22a023e7e0d@process.st","2025-02-11T18:33:54.196Z","2026-04-07T16:19:23.719Z","","","","Overdue","4","20","88","Projeto FV"
"https://app.process.st/runs/lYfeBhzwBKIC9-IWqKJLaA","Escola Criativa 1 - Ensino Fundamental 1791.1-F","","2019-04-30T22:43:52.281Z","2026-04-07T16:12:54.101Z","","","","Overdue","5","22","88","Projeto FV"
"https://app.process.st/runs/khLIJeNINYicW-pvuilNAw","Instituto Medico Minaura Machado Ltda ADEQUAÇAO 9691-F","gabriel@gaussenergia.com.br","2026-01-21T19:44:04.308Z","2026-04-07T11:47:51.180Z","","","","Overdue","2","19","88","Projeto FV"
"https://app.process.st/runs/oV0O4sIDgt9sRBh89qlIkw","Francisco das Chagas Pereira ADEQUAÇAO 3477-F","gabriel@gaussenergia.com.br","2025-12-09T17:51:57.980Z","2026-04-07T11:47:41.011Z","","","","Overdue","2","22","88","Projeto FV"
"https://app.process.st/runs/iL4y52aD0sTRHpeaPTJE6A","Celso Pinto ADEQUAÇAO / Kariane - 3041-F","gabriel@gaussenergia.com.br","2026-01-20T17:47:06.402Z","2026-04-07T11:47:30.780Z","","","","Overdue","3","20","88","Projeto FV"
"https://app.process.st/runs/tx5CdE2JLxI2HZ7YftFIGQ","JGE Patrimonial 3 / Galpão 10 / JGE ADEQUAÇAO 8700.3-F","gabriel@gaussenergia.com.br","2025-12-05T17:38:59.121Z","2026-04-07T11:47:18.530Z","","","","Overdue","3","20","88","Projeto FV"
"https://app.process.st/runs/gVfLG9XiqylJttejG_dA2A","JGE Patrimonial 1 / Galpao 09 / Drillgeo ADEQUAÇAO 8700.2-F","gabriel@gaussenergia.com.br","2025-12-05T16:27:56.598Z","2026-04-07T11:47:05.489Z","","","","Overdue","3","20","88","Projeto FV"
"https://app.process.st/runs/owwIzI4HUSa8DiMGQtRGhQ","Marsio Pereira Paz ADEQUAÇAO - 3359-F","pedro.pantaleao@gaussenergia.com.br","2025-12-02T17:54:48.481Z","2026-04-07T11:46:52.278Z","","","","Overdue","3","20","88","Projeto FV"
"https://app.process.st/runs/nAsbmrkU9LcV0_0zMTZN0Q","Rosimeire Alves de Almeida AUMENTO - 8437-F","pedro.pantaleao@gaussenergia.com.br group-aa595f0b-d840-4fcb-8407-a22a023e7e0d@process.st","2024-12-05T12:41:44.272Z","2026-04-06T17:43:17.454Z","","","","Overdue","3","22","88","Projeto FV"
"https://app.process.st/runs/u5xqAivtEzgI2ZNORTdD7w","Ramon Nunes da Cruz AUMENTO - 6268-F","pedro.pantaleao@gaussenergia.com.br group-aa595f0b-d840-4fcb-8407-a22a023e7e0d@process.st","2025-05-26T17:57:58.934Z","2026-04-06T17:31:05.858Z","","","","Overdue","4","19","88","Projeto FV"
"https://app.process.st/runs/irZK3UDlALjG0oEnPFFF4Q","Mauri Lopes  Ferreira - 14600-F","pedro.pantaleao@gaussenergia.com.br group-698ea497-ec60-4bde-b165-b8f9ccbb0cfe@process.st group-aa595f0b-d840-4fcb-8407-a22a023e7e0d@process.st","2025-12-01T19:56:05.760Z","2026-04-06T17:26:49.494Z","","","","Overdue","3","19","88","Projeto FV"
"https://app.process.st/runs/rIEA04_hTvnlWiKvPBZLHA","Gilmar Alves Pereira - 14436-F","pedro.pantaleao@gaussenergia.com.br group-aa595f0b-d840-4fcb-8407-a22a023e7e0d@process.st","2025-11-10T13:13:51.204Z","2026-04-06T17:23:15.455Z","","","","Overdue","3","18","88","Projeto FV"
"https://app.process.st/runs/lFi3-Zqw02PksJl2xmZP_w","Diogo Peltier de Queiroz ADEQUAÇAO - 11064-F","gabriel@gaussenergia.com.br","2025-12-02T19:45:55.741Z","2026-04-06T11:57:56.104Z","","","","Overdue","3","20","88","Projeto FV"
"https://app.process.st/runs/ua6jAY3D3sYvTF07OZVPaQ","Maria Luiza Brasil Mayan Gonçalves - 14661-F","pedro.pantaleao@gaussenergia.com.br group-698ea497-ec60-4bde-b165-b8f9ccbb0cfe@process.st group-aa595f0b-d840-4fcb-8407-a22a023e7e0d@process.st","2025-12-19T17:33:04.974Z","2026-04-05T18:38:45.929Z","","","","Overdue","4","20","88","Projeto FV"
"https://app.process.st/runs/vvQ2wKSWt-1fX_gjuLdOZg","Ronaldo Neres de Souza - 14711-F","pedro.pantaleao@gaussenergia.com.br group-aa595f0b-d840-4fcb-8407-a22a023e7e0d@process.st","2026-01-09T14:12:04.338Z","2026-04-04T20:02:39.207Z","","","","Overdue","4","20","88","Projeto FV"
"https://app.process.st/runs/s22EFxOXroQIdZ09Kq9LcQ","Leandro Custodio de Miranda 2 - 14402-F","pedro.pantaleao@gaussenergia.com.br group-698ea497-ec60-4bde-b165-b8f9ccbb0cfe@process.st","2025-10-24T18:11:34.550Z","2026-04-04T18:30:59.369Z","","","","Overdue","3","21","88","Projeto FV"
"https://app.process.st/runs/u8oMYXfSN5Y-JP9Fiu1KFQ","Jaime Zarife Figueira 1 / 110 kW - 12028.1-F","pedro.pantaleao@gaussenergia.com.br","2024-11-06T17:56:07.123Z","2026-04-04T18:02:13.558Z","","","","Overdue","2","20","88","Projeto FV"
"https://app.process.st/runs/lnjzS47Bwt_ZeAtSodFAxQ","Almir Alves Lima - 14050-F","pedro.pantaleao@gaussenergia.com.br group-aa595f0b-d840-4fcb-8407-a22a023e7e0d@process.st","2025-09-29T19:37:39.143Z","2026-04-04T17:42:45.646Z","","","","Overdue","3","18","88","Projeto FV"
"https://app.process.st/runs/oPD5TEWTNoAeKtUdi49ECw","Wendel de Sousa Lima 2 AUMENTO DE PROJETO TERCEIRO - 13445-F","pedro.pantaleao@gaussenergia.com.br group-aa595f0b-d840-4fcb-8407-a22a023e7e0d@process.st","2025-09-16T12:48:28.840Z","2026-04-04T17:00:13.915Z","","","","Overdue","4","19","88","Projeto FV"
"https://app.process.st/runs/jxVCGW7RI4h94xNG2wNDXg","Luis Augusto Salustiano da Silva - 14458-F","pedro.pantaleao@gaussenergia.com.br group-698ea497-ec60-4bde-b165-b8f9ccbb0cfe@process.st group-aa595f0b-d840-4fcb-8407-a22a023e7e0d@process.st","2025-11-14T17:14:50.592Z","2026-04-04T16:38:30.873Z","","","","Overdue","4","20","88","Projeto FV"
"https://app.process.st/runs/qvBdoPbz6DHbQyJvYEtMvQ","Antonio Marcel Nascimento Gradin / Escola Patamares - 14156-F","pedro.pantaleao@gaussenergia.com.br group-698ea497-ec60-4bde-b165-b8f9ccbb0cfe@process.st","2025-09-22T13:54:53.143Z","2026-04-04T14:53:42.128Z","","","","Overdue","2","20","88","Projeto FV"
"https://app.process.st/runs/j4BuP8OH6UCKF8bBH1xNIw","Leonardo Pinheiro Magalhaes 2 - 14043-F","pedro.pantaleao@gaussenergia.com.br","2025-08-04T14:27:00.549Z","2026-04-04T14:33:50.926Z","","","","Overdue","3","20","88","Projeto FV"
"https://app.process.st/runs/sukIKqasz-FEF08s9MxFBg","Roberto Silva Nunes Lago 11410-F","pedro.pantaleao@gaussenergia.com.br group-698ea497-ec60-4bde-b165-b8f9ccbb0cfe@process.st","2024-05-17T19:04:02.263Z","2026-04-02T19:00:23.370Z","","","","Overdue","3","21","88","Projeto FV"
"https://app.process.st/runs/rHvVme29lN8AfPxzoW5Muw","Queiroz Dourado Castro Patrimonial Ltda / Thales Dourado 8722-F","pedro.pantaleao@gaussenergia.com.br group-698ea497-ec60-4bde-b165-b8f9ccbb0cfe@process.st","2022-10-18T17:03:31.632Z","2026-04-02T18:51:44.421Z","","","","Overdue","3","25","88","Projeto FV"
"https://app.process.st/runs/gfxdh0Ccw1ISoXO2El9N0A","Monaliza Gomes da Matta - 14038-F","pedro.pantaleao@gaussenergia.com.br group-698ea497-ec60-4bde-b165-b8f9ccbb0cfe@process.st","2025-09-12T17:43:04.969Z","2026-03-30T18:13:11.409Z","","","","Overdue","3","21","88","Projeto FV"
"https://app.process.st/runs/rfflQy9oOTweXGgOC11N5A","Hildeni Pires de Oliveira - 14328-F","pedro.pantaleao@gaussenergia.com.br","2025-10-15T12:05:37.885Z","2026-03-30T17:43:15.729Z","","","","Overdue","2","19","88","Projeto FV"
"https://app.process.st/runs/l2-C0tx_nUYr9y1BUJhNhg","Centro Esportivo e de Saude Arena Pele Ltda 1 - 14131-F","pedro.pantaleao@gaussenergia.com.br group-698ea497-ec60-4bde-b165-b8f9ccbb0cfe@process.st","2025-09-30T17:24:53.094Z","2026-03-30T17:09:52.031Z","","","","Overdue","2","20","88","Projeto FV"
"https://app.process.st/runs/tKa3Wp3V19ecim-3iMFAsg","Celso Magalhaes Carneiro - 14230-F","pedro.pantaleao@gaussenergia.com.br group-698ea497-ec60-4bde-b165-b8f9ccbb0cfe@process.st","2025-09-30T14:10:44.556Z","2026-03-30T17:06:43.983Z","","","","Overdue","2","20","88","Projeto FV"
"https://app.process.st/runs/lYGQ8jEn1qPKd4YYIn1KrQ","Norma Rangel Franca Malaquias - 14298-F","pedro.pantaleao@gaussenergia.com.br group-698ea497-ec60-4bde-b165-b8f9ccbb0cfe@process.st","2025-10-14T18:16:02.699Z","2026-03-30T17:06:19.495Z","","","","Overdue","3","21","88","Projeto FV"
"https://app.process.st/runs/j9chkjgXjxzmhO-rZG9Ovw","Centro Esportivo e de Saude Arena Pele Ltda 2 - 14134-F","pedro.pantaleao@gaussenergia.com.br group-698ea497-ec60-4bde-b165-b8f9ccbb0cfe@process.st","2025-09-30T19:24:35.903Z","2026-03-30T17:05:40.409Z","","","","Overdue","3","21","88","Projeto FV"
"https://app.process.st/runs/pH8_RB2rdxgw5Nvb6o1IfA","Jaime Zarife Figueira 4 / Barragem - 12028.4-F","pedro.pantaleao@gaussenergia.com.br group-aa595f0b-d840-4fcb-8407-a22a023e7e0d@process.st","2025-08-21T18:13:21.658Z","2026-03-30T14:41:06.028Z","","","","Overdue","5","18","88","Projeto FV"
"https://app.process.st/runs/jgtQtDN9CVmCDtiEhZpF3w","Paulo Roberto Andrade de Souza - 14041-F","pedro.pantaleao@gaussenergia.com.br","2025-09-17T14:19:32.027Z","2026-03-30T14:26:11.556Z","","","","Overdue","3","20","88","Projeto FV"
"https://app.process.st/runs/nA5A9QUjqoZ1Fpg5AC1FlQ","Jaime Zarife Figueira 3 - Fazenda Maringa - 12028.3-F","pedro.pantaleao@gaussenergia.com.br group-aa595f0b-d840-4fcb-8407-a22a023e7e0d@process.st","2025-08-12T18:26:27.094Z","2026-03-30T14:22:28.205Z","","","","Overdue","5","18","88","Projeto FV"
"https://app.process.st/runs/vkjY1e4Wj3jAc068ugpJBQ","Jaime Zarife Figueira 2 / 75 kW - 12028.2-F","pedro.pantaleao@gaussenergia.com.br group-698ea497-ec60-4bde-b165-b8f9ccbb0cfe@process.st","2024-11-14T12:54:21.513Z","2026-03-30T14:18:40.181Z","","","","Overdue","3","21","88","Projeto FV"
"https://app.process.st/runs/ir_ZoWaXDQt2FbNpPaJCGQ","Atlas Gym LTDA - José da Silva - 10334-F","pedro.pantaleao@gaussenergia.com.br","2023-09-29T18:44:55.172Z","2026-03-30T14:13:42.116Z","","","","Overdue","3","22","88","Projeto FV"
"https://app.process.st/runs/veKmOF9OFyiN7_HMVW5EaA","Valerio Kirsch - 13184-F","pedro.pantaleao@gaussenergia.com.br group-aa595f0b-d840-4fcb-8407-a22a023e7e0d@process.st","2025-04-09T13:16:18.480Z","2026-03-30T14:09:55.571Z","","","","Overdue","3","19","88","Projeto FV"
"https://app.process.st/runs/oX9vVRndR9Q_tnTNOJpMEw","Danilo Mourentino de Oliveira - 11439-F","pedro.pantaleao@gaussenergia.com.br","2024-05-13T14:41:33.192Z","2026-03-30T14:02:44.189Z","","","","Overdue","3","21","88","Projeto FV"
"https://app.process.st/runs/pAQJyoi6-WvngyjtwiRK0A","Marcelo Magalhaes Calmon Santos - 11756-F","pedro.pantaleao@gaussenergia.com.br","2024-08-14T19:03:52.220Z","2026-03-30T14:01:10.160Z","","","","Overdue","3","21","88","Projeto FV"
"https://app.process.st/runs/tkoMQDAsGou6bM0eUe1DtA","Marcos Barreto Regis 2 / Itacimirim - 14003-F","pedro.pantaleao@gaussenergia.com.br group-698ea497-ec60-4bde-b165-b8f9ccbb0cfe@process.st group-aa595f0b-d840-4fcb-8407-a22a023e7e0d@process.st","2025-09-03T13:19:15.584Z","2026-03-29T13:08:06.476Z","","","","Overdue","3","19","88","Projeto FV"
"https://app.process.st/runs/iUsN7BYJPwAV9E14NQlGbg","Daniella Freire Ribeiro Bernardes ADEQUAÇAO / Luiz Bernardes 4988-F","gabriel@gaussenergia.com.br group-aa595f0b-d840-4fcb-8407-a22a023e7e0d@process.st","2025-12-03T17:00:32.622Z","2026-03-29T13:01:00.465Z","","","","Overdue","4","19","88","Projeto FV"
"https://app.process.st/runs/hm2HUAUZ4Pvgf7hM4gdHTg","Caio da Silva Dourado Bezerra - 14624-F","pedro.pantaleao@gaussenergia.com.br group-aa595f0b-d840-4fcb-8407-a22a023e7e0d@process.st","2025-12-04T14:41:34.795Z","2026-03-28T19:39:50.019Z","","","","Overdue","3","18","88","Projeto FV"
"https://app.process.st/runs/h_qcpA3zn4EjA3s6aZRHtQ","Carlos Frederico Lapenda De Aquino - 14534-F","pedro.pantaleao@gaussenergia.com.br group-698ea497-ec60-4bde-b165-b8f9ccbb0cfe@process.st group-aa595f0b-d840-4fcb-8407-a22a023e7e0d@process.st","2025-11-17T18:09:28.454Z","2026-03-28T14:30:46.239Z","","","","Overdue","3","19","88","Projeto FV"
"https://app.process.st/runs/qhFYMyFqYwgBmWSw-4BFBQ","Benjamim Rodrigues da Silva Filho - 14700-F","pedro.pantaleao@gaussenergia.com.br group-698ea497-ec60-4bde-b165-b8f9ccbb0cfe@process.st group-aa595f0b-d840-4fcb-8407-a22a023e7e0d@process.st","2026-01-08T13:20:08.345Z","2026-03-28T14:29:04.461Z","","","","Overdue","4","20","88","Projeto FV"
"https://app.process.st/runs/v5kCIDAIZeUuKXGzc-9KkQ","Guiomar Martins Dos Anjos Borges / Iretemper - 14546-F","pedro.pantaleao@gaussenergia.com.br group-698ea497-ec60-4bde-b165-b8f9ccbb0cfe@process.st group-aa595f0b-d840-4fcb-8407-a22a023e7e0d@process.st","2025-11-24T12:09:11.839Z","2026-03-28T14:20:14.002Z","","","","Overdue","4","20","88","Projeto FV"
"https://app.process.st/runs/lsE6L4KmrZi4cl9pG9xCxg","Norma Dourado 1560","raniel.garcia@gaussenergia.com.br group-aa595f0b-d840-4fcb-8407-a22a023e7e0d@process.st","2019-01-09T21:53:47.369Z","2026-03-27T19:08:14.346Z","","","","Overdue","1","15","88","Projeto FV"
"https://app.process.st/runs/t-oXwGfRIkiuU55lYkJJ8Q","Luiz Antonio Silvestre 1245-F","","2018-12-10T18:34:43.094Z","2026-03-27T17:11:06.418Z","","","","Overdue","5","18","88","Projeto FV"
"https://app.process.st/runs/hIK3PC_jqe8k-EqAAIRHyw","Agricola Mattioni Ltda MINI 475 kW NAO EXECUTADO - 13799-F","pedro.pantaleao@gaussenergia.com.br group-aa595f0b-d840-4fcb-8407-a22a023e7e0d@process.st","2025-08-11T13:46:58.867Z","2026-03-27T14:30:52.132Z","","","","Overdue","2","15","88","Projeto FV"
"https://app.process.st/runs/jOyCQVbEYStQer_LXqhLfg","Ueliton Alves Barreto ADEQUAÇAO 1703-F","gabriel@gaussenergia.com.br group-698ea497-ec60-4bde-b165-b8f9ccbb0cfe@process.st group-aa595f0b-d840-4fcb-8407-a22a023e7e0d@process.st","2026-03-26T18:13:14.516Z","2026-03-26T19:25:10.590Z","","","","OnTrack","0","3","88","Projeto FV"
"https://app.process.st/runs/pVAdUon5cdenC7t2r_xCLg","Floresta Solar SPE Ltda -> Sunne Energias Renovaveis - 12616-F","pedro.pantaleao@gaussenergia.com.br","2025-02-27T17:00:41.368Z","2026-03-26T18:29:05.170Z","","","","Overdue","2","20","88","Projeto FV"
"https://app.process.st/runs/vUPprzdTSI2CH7RM0XFBBQ","Gauss Engenharia Ltda LIMITAÇAO DE POTENCIA - APENAS TESTE - 15010-F","pedro.pantaleao@gaussenergia.com.br group-aa595f0b-d840-4fcb-8407-a22a023e7e0d@process.st","2026-03-09T18:08:21.085Z","2026-03-25T20:18:08.587Z","","","","OnTrack","0","12","88","Projeto FV"
"https://app.process.st/runs/mSAed_73c_Rr2pLt_xtAMg","Maria de Fatima Topasio Da Silva - 15091-F","pedro.pantaleao@gaussenergia.com.br","2026-03-25T17:26:28.820Z","2026-03-25T17:27:06.935Z","","","","OnTrack","0","0","88","Projeto FV"
"https://app.process.st/runs/v63QZaC-vEKTyyWKUZJHCg","Valtek Jorge Lima Silva ADEQUAÇAO 5113-F","pedro.pantaleao@gaussenergia.com.br group-aa595f0b-d840-4fcb-8407-a22a023e7e0d@process.st","2025-12-06T15:14:51.279Z","2026-03-24T18:36:28.920Z","","","","Overdue","5","18","88","Projeto FV"
"https://app.process.st/runs/n275YZH6QQBbXDO7yFpByA","Elismario Souza De Oliveira Filho - 14310-F","pedro.pantaleao@gaussenergia.com.br group-aa595f0b-d840-4fcb-8407-a22a023e7e0d@process.st","2025-12-10T18:04:44.791Z","2026-03-24T18:29:24.413Z","","","","Overdue","3","18","88","Projeto FV"
"https://app.process.st/runs/kaJhrv_VCQPqjVBirzBJbQ","Tania Coelho Lima ADEQUAÇAO 6324-F","gabriel@gaussenergia.com.br","2025-12-05T18:16:17.899Z","2026-03-24T16:48:23.347Z","","","","Overdue","3","22","88","Projeto FV"
"https://app.process.st/runs/iA4JpKXn0zYVY8kPx8hM7g","Rodrigo Mascarenhas Veloso / Isis Barreto Silva Almeida ADEQUAÇAO 9511-F","gabriel@gaussenergia.com.br group-aa595f0b-d840-4fcb-8407-a22a023e7e0d@process.st","2025-12-09T16:47:59.763Z","2026-03-24T15:12:37.831Z","","","","Overdue","4","19","88","Projeto FV"
"https://app.process.st/runs/hcFhjwlpiYzfzDc6OwFGjA","Orlando Amorim Santos - 10272-F","pedro.pantaleao@gaussenergia.com.br group-698ea497-ec60-4bde-b165-b8f9ccbb0cfe@process.st","2023-08-31T17:48:56.649Z","2026-03-24T14:00:43.096Z","","","","Overdue","3","29","88","Projeto FV"
"https://app.process.st/runs/lZQCu9zSbK1v69acqj5JMA","NE Odontologia LTDA - 11651-F","pedro.pantaleao@gaussenergia.com.br group-698ea497-ec60-4bde-b165-b8f9ccbb0cfe@process.st","2024-09-09T18:50:40.481Z","2026-03-24T13:25:57.039Z","","","","Overdue","3","21","88","Projeto FV"
"https://app.process.st/runs/jxIfi5Jmkl3AmCntN89DKg","Clinica Espaço Kids Reabilitaçao Intensiva Multidisciplinar EPP / Jamaica Marta de Araujo Santana 9594-F","pedro.pantaleao@gaussenergia.com.br","2022-12-21T13:35:36.459Z","2026-03-24T12:37:20.163Z","","","","Overdue","3","26","88","Projeto FV"
"https://app.process.st/runs/i-ccmTMrxKx67wbCDPpArQ","Ramon Nonato Gomes Santos - 14535-F","pedro.pantaleao@gaussenergia.com.br group-698ea497-ec60-4bde-b165-b8f9ccbb0cfe@process.st group-aa595f0b-d840-4fcb-8407-a22a023e7e0d@process.st","2025-11-14T18:25:39.057Z","2026-03-23T19:18:53.804Z","","","","Overdue","3","19","88","Projeto FV"
"https://app.process.st/runs/ruVsRIYNkTju3qzaBQRD2Q","Jadson Azevedo da Silva / Nubia da Silva Gama 9252-F","pedro.pantaleao@gaussenergia.com.br","2022-12-20T11:35:24.755Z","2026-03-23T19:12:45.059Z","","","","Overdue","3","20","88","Projeto FV"
"https://app.process.st/runs/jxlO06FTQJ1lMGzQNfxFTg","Edenilton Amador de Jesus 9446-F","pedro.pantaleao@gaussenergia.com.br","2022-12-07T14:42:03.493Z","2026-03-23T18:52:37.147Z","","","","Overdue","2","18","88","Projeto FV"
"https://app.process.st/runs/gS7DltZ-EsI_tJLhjcFDWg","Miguel Pimentel Filho - Padaria Mae Chica 2050-F / Weriton Rodrigues","raniel.garcia@gaussenergia.com.br","2019-05-16T13:31:18.517Z","2026-03-23T13:52:57.240Z","","","","Overdue","5","18","88","Projeto FV"
"https://app.process.st/runs/pJlSuAU4271K1_MHjtdDuA","Ione Maciel de Castro - 14615-F","pedro.pantaleao@gaussenergia.com.br group-aa595f0b-d840-4fcb-8407-a22a023e7e0d@process.st","2025-12-17T18:20:34.374Z","2026-03-22T13:38:42.575Z","","","","Overdue","3","18","88","Projeto FV"
"https://app.process.st/runs/gwHhqAEYbaaNB9Q3JKFBNw","Helder Moreira de Novaes ADEQUAÇAO - 8379-F","gabriel@gaussenergia.com.br group-aa595f0b-d840-4fcb-8407-a22a023e7e0d@process.st","2025-12-09T17:05:40.581Z","2026-03-22T13:02:54.495Z","","","","Overdue","3","17","88","Projeto FV"
"https://app.process.st/runs/tqwcbwEmXa3ntQjwYGZD5g","Guilherme Cesar Soares de Matos - 14571-F","pedro.pantaleao@gaussenergia.com.br group-698ea497-ec60-4bde-b165-b8f9ccbb0cfe@process.st group-aa595f0b-d840-4fcb-8407-a22a023e7e0d@process.st","2025-12-04T17:46:24.990Z","2026-03-22T13:01:28.122Z","","","","Overdue","5","19","88","Projeto FV"
"https://app.process.st/runs/u8Mr_AndgvXKDaJG4jhCKg","Luiz Otavio Costa Tourinho Tosta ADEQUAÇAO - 9014-F","gabriel@gaussenergia.com.br group-aa595f0b-d840-4fcb-8407-a22a023e7e0d@process.st","2025-12-09T18:37:52.508Z","2026-03-22T12:19:25.118Z","","","","Overdue","5","18","88","Projeto FV"
"https://app.process.st/runs/tGIFKkAkPL1oD5qqv4ZLYg","Sonia Maria da Mota 9372-F","pedro.pantaleao@gaussenergia.com.br","2022-10-27T14:24:03.619Z","2026-03-20T18:29:48.945Z","","","","Overdue","2","23","88","Projeto FV"
"https://app.process.st/runs/m-iaIVajY9-36P9JolxNwQ","Magda Bastos de Oliveira 4 / Ibitita ADEQUAÇAO - 11002-F","pedro.pantaleao@gaussenergia.com.br group-aa595f0b-d840-4fcb-8407-a22a023e7e0d@process.st","2025-05-30T13:50:17.262Z","2026-03-20T18:06:27.681Z","","","","Overdue","4","23","88","Projeto FV"
"https://app.process.st/runs/h4ZLblTayUNPbybfNFpN-Q","Tereza Paim Gastronomia Ltda / Gustavo Praia do Forte ADEQUAÇAO 9326-F","gabriel@gaussenergia.com.br","2025-12-03T19:42:11.005Z","2026-03-20T18:06:16.038Z","","","","Overdue","3","20","88","Projeto FV"
"https://app.process.st/runs/vOeAj0JTZ_OuqFg7zFFFXA","Maria Jozilene Romao Parente ADEQUAÇAO - 3535-F","gabriel@gaussenergia.com.br","2025-12-09T16:40:16.030Z","2026-03-20T18:05:58.409Z","","","","Overdue","2","19","88","Projeto FV"
"https://app.process.st/runs/gJQjAdbK3oj2u1a4CO1J6g","Andiara Coberio Terena ADEQUAÇAO 8509-F","gabriel@gaussenergia.com.br","2025-12-09T17:33:07.785Z","2026-03-20T18:05:12.522Z","","","","Overdue","2","19","88","Projeto FV"
"https://app.process.st/runs/jLJtx096_LvoK-jwaU9GMA","Pollyana de Lima Dias / Di Tudo 2 ADEQUAÇAO 855.2-F","gabriel@gaussenergia.com.br group-aa595f0b-d840-4fcb-8407-a22a023e7e0d@process.st","2026-03-17T19:36:46.218Z","2026-03-20T13:28:41.707Z","","","","OnTrack","0","3","88","Projeto FV"
"https://app.process.st/runs/kcPcDBwTNITkZobe0QJDgA","Edilson Ribeiro dos Santos ADEQUAÇAO / sistema inicial de outra empresa 11827-F","gabriel@gaussenergia.com.br group-aa595f0b-d840-4fcb-8407-a22a023e7e0d@process.st","2026-03-16T19:47:20.246Z","2026-03-20T13:21:53.199Z","","","","OnTrack","0","3","88","Projeto FV"
"https://app.process.st/runs/hlXk6LxFFRxnN8E1WuNAvw","Perfil Patrimonial 1 / Igreja 2597.1-F","pedro.pantaleao@gaussenergia.com.br","2019-09-16T18:27:47.450Z","2026-03-20T12:23:52.693Z","","","","Overdue","5","20","88","Projeto FV"
"https://app.process.st/runs/gP4kdt3etA-YluD65TJCBA","Perfil Patrimonial 3 / Posto 2 2597.3-F","pedro.pantaleao@gaussenergia.com.br","2020-06-03T19:11:03.918Z","2026-03-20T12:23:30.675Z","","","","Overdue","3","17","88","Projeto FV"
"https://app.process.st/runs/jf-qofMJGZrcvgIJvXBJ1g","Ueliton Alves Barreto 1703-F","raniel.garcia@gaussenergia.com.br","2019-02-01T17:04:19.682Z","2026-03-20T12:02:55.580Z","","","","Overdue","5","15","88","Projeto FV"
"https://app.process.st/runs/kj-76PTztSn-1TjSpjRAhQ","Jose Luiz Santos 1 / Fazenda Banana / Irrigação Banana  8874.1-F","","2022-10-03T19:44:40.125Z","2026-03-19T19:38:48.963Z","","","","Overdue","2","23","88","Projeto FV"
"https://app.process.st/runs/m-REX4Y-mbTJkDetVvtImQ","9591-F Adriana Oliveira Bastos da Silva","pedro.pantaleao@gaussenergia.com.br group-698ea497-ec60-4bde-b165-b8f9ccbb0cfe@process.st","2022-12-26T14:45:50.123Z","2026-03-18T19:32:50.567Z","","","","Overdue","3","20","88","Projeto FV"
"https://app.process.st/runs/gAWe00kn3xP5j6cnLutKWg","Jose Sergio Caloula  9086-F","pedro.pantaleao@gaussenergia.com.br","2022-11-09T13:20:19.737Z","2026-03-18T19:06:22.609Z","","","","Overdue","2","19","88","Projeto FV"
"https://app.process.st/runs/gpsZlf5dMivETVJFkalAsw","JR Transportes Ltda 1 - 13054.1-F","pedro.pantaleao@gaussenergia.com.br group-698ea497-ec60-4bde-b165-b8f9ccbb0cfe@process.st group-aa595f0b-d840-4fcb-8407-a22a023e7e0d@process.st","2025-08-12T17:28:21.304Z","2026-03-18T19:05:51.885Z","","","","Overdue","1","9","88","Projeto FV"
"https://app.process.st/runs/jn6nlit1rJ28buus4gdO2w","Thiago de Melo - Quy Sorwetto 2214-F","raniel.garcia@gaussenergia.com.br","2019-05-21T13:18:50.356Z","2026-03-18T17:56:52.621Z","","","","Overdue","4","16","88","Projeto FV"
"https://app.process.st/runs/u8ipuHCanHK8RvO5nItHQg","Di Tudo 855.1-F","","2018-12-10T18:34:39.889Z","2026-03-17T19:06:09.261Z","","","","Overdue","6","18","88","Projeto FV"
"https://app.process.st/runs/v5ezsHlRfefRj7hW5tlHmA","Sergio Mattos - Sel Empreendimentos 2493-F","raniel.garcia@gaussenergia.com.br","2019-07-24T13:08:22.601Z","2026-03-17T17:48:42.533Z","","","","Overdue","4","25","88","Projeto FV"
"https://app.process.st/runs/qSFnMl4q7qWBaApHsYdCQg","Escola Bahiana de Formação de Vigilantes - EBF 2376-F","group-aa595f0b-d840-4fcb-8407-a22a023e7e0d@process.st","2019-06-11T20:55:10.129Z","2026-03-17T17:41:56.398Z","","","","OnTrack","0","13","88","Projeto FV"
"https://app.process.st/runs/q1GEDQlpP7U7HcJltpZFkw","Academia Cultural / Davi Oliveira 2205-F","pedro.pantaleao@gaussenergia.com.br group-aa595f0b-d840-4fcb-8407-a22a023e7e0d@process.st","2019-05-10T19:14:29.496Z","2026-03-17T17:32:59.840Z","","","","Overdue","1","15","88","Projeto FV"
"https://app.process.st/runs/nfF7mw42vk87Iw5WKtBNAQ","Jaqueline Leite Cunha - 10596-F","pedro.pantaleao@gaussenergia.com.br","2023-11-24T18:13:09.060Z","2026-03-17T17:05:06.044Z","","","","Overdue","3","21","88","Projeto FV"
"https://app.process.st/runs/kuylGmLEvmGpZFdgAzdBgw","Tarija de Moura Norberto 4284-F","pedro.pantaleao@gaussenergia.com.br group-698ea497-ec60-4bde-b165-b8f9ccbb0cfe@process.st","2021-02-08T19:25:13.094Z","2026-03-17T14:58:49.658Z","","","","Overdue","3","21","88","Projeto FV"
"https://app.process.st/runs/pxojczmH7jYMuY398sJKiQ","Nonato Moacyr Bento dos Santos - 12377-F","pedro.pantaleao@gaussenergia.com.br group-698ea497-ec60-4bde-b165-b8f9ccbb0cfe@process.st","2025-01-08T17:50:34.643Z","2026-03-17T14:42:32.275Z","","","","Overdue","3","22","88","Projeto FV"
"https://app.process.st/runs/nccDw6wtaDJ1nsb1BzpAzg","Jose Gilmar Rodrigues Alexandre 4457-F","pedro.pantaleao@gaussenergia.com.br","2021-02-12T13:44:50.105Z","2026-03-17T14:18:43.189Z","","","","Overdue","3","24","88","Projeto FV"
"https://app.process.st/runs/ocDjhLk131VNt4SD-k5KWw","Zilda Maria Rodrigues 7854-F","pedro.pantaleao@gaussenergia.com.br group-698ea497-ec60-4bde-b165-b8f9ccbb0cfe@process.st","2022-03-30T19:20:58.616Z","2026-03-17T14:05:08.118Z","","","","Overdue","3","28","88","Projeto FV"
"https://app.process.st/runs/m5NmDn9qzQW5FpQesxdIbw","Verena Schimid - Aumento 599-F","pedro.pantaleao@gaussenergia.com.br","2020-10-21T17:46:59.300Z","2026-03-17T13:53:02.694Z","","","","Overdue","3","19","88","Projeto FV"
"https://app.process.st/runs/s3TpM-aVo6OEXRlkiANAhA","Laercio Chaves Arcanjo - LC Diesel - 11240-F","pedro.pantaleao@gaussenergia.com.br","2024-08-23T13:55:24.127Z","2026-03-16T20:39:19.708Z","","","","Overdue","2","21","88","Projeto FV"
"https://app.process.st/runs/umKZpG4E2PMO1wGD0xhANQ","Jorge Pereira Teles 3 - Residencia 8067-F","pedro.pantaleao@gaussenergia.com.br","2022-03-29T18:19:59.547Z","2026-03-16T19:16:26.246Z","","","","OnTrack","0","23","88","Projeto FV"
"https://app.process.st/runs/qR5qY7CO8-ylxEoqcmdC2Q","Luiz Carlos de Assis Junior AUMENTO NAO HOMOLOGADO / sistema inicial de outra empresa 10219-F","pedro.pantaleao@gaussenergia.com.br group-aa595f0b-d840-4fcb-8407-a22a023e7e0d@process.st","2023-07-24T18:55:53.836Z","2026-03-16T19:06:32.569Z","","","","OnTrack","0","2","88","Projeto FV"
"https://app.process.st/runs/uGzdvp-8WlGwk-jAKYZMAQ","Osvaldo Pires 1563-F","pedro.pantaleao@gaussenergia.com.br group-698ea497-ec60-4bde-b165-b8f9ccbb0cfe@process.st","2019-01-21T16:44:21.395Z","2026-03-16T14:26:08.261Z","","","","Overdue","5","19","88","Projeto FV"
"https://app.process.st/runs/qC1OSbWrNdwcrcttfklLbg","Paulo Roberto Ferreira -> Mauricio Augusto Lopes 8554-F","pedro.pantaleao@gaussenergia.com.br","2022-06-29T17:39:11.275Z","2026-03-16T14:19:18.137Z","","","","Overdue","2","20","88","Projeto FV"
"https://app.process.st/runs/odmBAYqB02yfG7fz_QFBNQ","Uilton Supermercado 1319-F","gabriel@gaussenergia.com.br","2018-12-10T18:34:46.194Z","2026-03-16T14:09:21.096Z","","","","Overdue","5","18","88","Projeto FV"
"https://app.process.st/runs/qzrHOYD1m1AcewqrKQZBBw","Welder Santos de Jesus 2 / Uruçuca -> Fernanda de Oliveira Von Sydow  5690.2","pedro.pantaleao@gaussenergia.com.br group-698ea497-ec60-4bde-b165-b8f9ccbb0cfe@process.st","2022-03-21T17:49:54.153Z","2026-03-16T14:05:29.885Z","","","","Overdue","3","20","88","Projeto FV"
"https://app.process.st/runs/uI2FpOBNxpDqHLpTuqZFvA","Joao Vitor Guerra 2 / Residencia -> Wagner Wanderley Rodrigues 14065-F","pedro.pantaleao@gaussenergia.com.br group-aa595f0b-d840-4fcb-8407-a22a023e7e0d@process.st","2025-09-01T18:36:09.972Z","2026-03-16T13:38:40.918Z","","","","Overdue","4","17","88","Projeto FV"
"https://app.process.st/runs/tv4jjwJ4ZjxzfmAEislASw","Henrique Lago da Silveira - 14581-F","pedro.pantaleao@gaussenergia.com.br group-aa595f0b-d840-4fcb-8407-a22a023e7e0d@process.st","2025-11-27T13:36:46.931Z","2026-03-15T19:01:59.777Z","","","","Overdue","3","18","88","Projeto FV"
"https://app.process.st/runs/rKM1HYgxNUUPPWSF2sxEJw","Diana Aguiar de Sousa Barbosa / Marcus Barbosa ADEQUAÇAO 7937-F","pedro.pantaleao@gaussenergia.com.br group-aa595f0b-d840-4fcb-8407-a22a023e7e0d@process.st","2025-12-06T15:56:57.742Z","2026-03-15T18:45:03.727Z","","","","Overdue","4","17","88","Projeto FV"
"https://app.process.st/runs/rQiqk4vAwO5OexoFR6tBZQ","Marcos da Silva Almeida - 12652-F","pedro.pantaleao@gaussenergia.com.br","2025-04-07T17:04:01.161Z","2026-03-13T19:16:15.730Z","","","","Overdue","3","21","88","Projeto FV"
"https://app.process.st/runs/gObQaOiujOo25mdC-VJCUQ","Jayme Newton Vasconcelos de Lemos 9264-F","pedro.pantaleao@gaussenergia.com.br group-aa595f0b-d840-4fcb-8407-a22a023e7e0d@process.st","2022-11-29T13:11:20.927Z","2026-03-13T19:04:27.800Z","","","","OnTrack","0","12","88","Projeto FV"
"https://app.process.st/runs/lnLqBp-oKr1hXOx78wRL-w","Jose Carlos Almeida de Abreu 9096-F","pedro.pantaleao@gaussenergia.com.br","2022-10-14T18:12:12.741Z","2026-03-13T19:00:27.547Z","","","","Overdue","3","22","88","Projeto FV"
"https://app.process.st/runs/jGt8_hhWgqZBCdOJnC5O_g","Jocileide Cavalcanti Lopes 9215-F","","2022-10-05T17:56:55.111Z","2026-03-13T13:46:21.628Z","","","","Overdue","2","20","88","Projeto FV"
"https://app.process.st/runs/g18SW-lU0G--8dzKEwBK4w","Emanuel Claudio Borges de Carvalho / Tiago Ferreira de Carvalho ADEQUAÇAO - 8918-F","gabriel@gaussenergia.com.br group-aa595f0b-d840-4fcb-8407-a22a023e7e0d@process.st","2026-02-12T16:50:26.071Z","2026-03-13T12:52:13.391Z","","","","Overdue","1","6","88","Projeto FV"
"https://app.process.st/runs/mVA59J9Iv8bJqABYMm5LlA","Armando dos Santos Nunes 9156-F","pedro.pantaleao@gaussenergia.com.br","2022-11-08T18:06:34.849Z","2026-03-13T12:07:14.074Z","","","","Overdue","3","20","88","Projeto FV"
"https://app.process.st/runs/m_JBDQBr_GxFjrDO_N5H4w","Deralda Porto da Silva Miranda / Eder da Silva 9092-F","pedro.pantaleao@gaussenergia.com.br group-698ea497-ec60-4bde-b165-b8f9ccbb0cfe@process.st","2022-09-19T19:21:30.000Z","2026-03-12T17:16:16.612Z","","","","Overdue","3","21","88","Projeto FV"
"https://app.process.st/runs/md36oDzdIr5HARsSoTdKWw","Claudio Rocha Passos AUMENTO DE PROJETO TERCEIRO - 13083-F","pedro.pantaleao@gaussenergia.com.br group-698ea497-ec60-4bde-b165-b8f9ccbb0cfe@process.st","2025-04-17T14:09:12.773Z","2026-03-11T17:05:39.034Z","","","","Overdue","3","25","88","Projeto FV"
"https://app.process.st/runs/mk6OESBWohHe-rYThf1FZw","Subae Pneus / Irmãos Godeiro Grupo A 759-F","pedro.pantaleao@gaussenergia.com.br group-aa595f0b-d840-4fcb-8407-a22a023e7e0d@process.st","2020-08-19T17:57:31.990Z","2026-03-10T13:31:04.610Z","","","","OnTrack","0","14","88","Projeto FV"
"https://app.process.st/runs/mlNo3OLebTndzH0Ck-ZEAg","Jose Luiz Santos 5 / Galpão Cafe 8874.5-F","pedro.pantaleao@gaussenergia.com.br","2023-01-04T18:39:30.121Z","2026-03-09T19:51:54.464Z","","","","Overdue","3","20","88","Projeto FV"
"https://app.process.st/runs/kdXUGGB8O3BlSrdZsqVD4w","AVM Barra Empreendimento Imobiliario SPE Ltda / Adelpe 8857-F","pedro.pantaleao@gaussenergia.com.br group-698ea497-ec60-4bde-b165-b8f9ccbb0cfe@process.st","2022-11-02T14:27:55.325Z","2026-03-09T17:30:49.787Z","","","","Overdue","3","20","88","Projeto FV"
"https://app.process.st/runs/oYVtthJ7E3-d-Ih0kiNIZA","Candido Medici Araujo Conceiçao 8848-F","pedro.pantaleao@gaussenergia.com.br","2022-09-05T17:34:31.536Z","2026-03-09T17:05:07.768Z","","","","Overdue","2","20","88","Projeto FV"
"https://app.process.st/runs/qVockyaZv5eeH6M1JINFUg","Marco Antonio Vaz Sampaio Ribeiro - 13717-F","pedro.pantaleao@gaussenergia.com.br","2025-12-10T21:01:14.239Z","2026-03-08T20:22:22.933Z","","","","Overdue","3","20","88","Projeto FV"
"https://app.process.st/runs/iZsqVRMR3dDdfXMeOENJyw","Jose da Silva Aranha Junior - 14557-F","pedro.pantaleao@gaussenergia.com.br","2025-12-03T19:32:54.499Z","2026-03-08T20:21:07.759Z","","","","Overdue","2","19","88","Projeto FV"
"https://app.process.st/runs/o63MhfQJjpJAC7ox-HJAhQ","Barra Moveis e Eletro Ltda - 14242-F","pedro.pantaleao@gaussenergia.com.br group-698ea497-ec60-4bde-b165-b8f9ccbb0cfe@process.st","2025-10-08T17:25:41.954Z","2026-03-08T20:20:33.333Z","","","","Overdue","3","21","88","Projeto FV"
"https://app.process.st/runs/moZWUaXHK7Fp2zDF8vdIcA","Luiz Antonio Marques da Cunha SOMENTE HOMOLOGAÇAO - 14429-F","pedro.pantaleao@gaussenergia.com.br group-698ea497-ec60-4bde-b165-b8f9ccbb0cfe@process.st","2025-10-24T18:29:02.774Z","2026-03-08T20:20:01.474Z","","","","Overdue","3","21","88","Projeto FV"
"https://app.process.st/runs/ky4yUR22Vnou0IptIi5IWQ","Hebert Carvalho Palma ADEQUAÇAO - 4135-F","gabriel@gaussenergia.com.br","2025-12-05T18:01:32.608Z","2026-03-08T20:19:26.505Z","","","","Overdue","2","19","88","Projeto FV"
"https://app.process.st/runs/ro8IC8VsbjsE7f_YUr5DxQ","S A Comercio de Alimentos E Sorveteria Ltda / Frutos de Goiás / Agnaldo Sodre de Sousa Junior 2 - 13803-F","pedro.pantaleao@gaussenergia.com.br","2025-11-17T14:10:58.841Z","2026-03-08T20:16:04.596Z","","","","Overdue","2","19","88","Projeto FV"
"https://app.process.st/runs/vBPHaMdOUYqqYQxmuGVPGg","Artur Felipe Leal de Oliveira 6 - 14541-F","gabriel@gaussenergia.com.br","2025-11-24T17:15:27.291Z","2026-03-08T20:15:30.149Z","","","","Overdue","3","20","88","Projeto FV"
"https://app.process.st/runs/hYQJyMW6iVeKOdx6DuRCWA","Marlene Santos Ferreira da Silva - 14596-F","pedro.pantaleao@gaussenergia.com.br","2025-12-01T17:27:41.386Z","2026-03-08T20:14:13.664Z","","","","Overdue","2","19","88","Projeto FV"
"https://app.process.st/runs/n398iR3oVeMymf5_xlJGtw","Claudio Mendes Dos Santos - 14378-F","pedro.pantaleao@gaussenergia.com.br group-698ea497-ec60-4bde-b165-b8f9ccbb0cfe@process.st","2025-10-22T12:48:43.428Z","2026-03-08T20:12:39.602Z","","","","Overdue","2","23","88","Projeto FV"
"https://app.process.st/runs/n4qKng3xM7z27a3rdWNEPA","Ilmario Malaquias Martins - 14594-F","pedro.pantaleao@gaussenergia.com.br","2025-11-26T14:36:52.929Z","2026-03-08T20:11:38.629Z","","","","Overdue","3","20","88","Projeto FV"
"https://app.process.st/runs/g700M_nhz4dGH6DadPpEWQ","Alexandre Da Silva Maciel - 14523-F","pedro.pantaleao@gaussenergia.com.br group-698ea497-ec60-4bde-b165-b8f9ccbb0cfe@process.st","2025-11-18T13:07:32.600Z","2026-03-08T20:10:20.882Z","","","","Overdue","2","20","88","Projeto FV"
"https://app.process.st/runs/oWOQ0EvL6NE252dmPp5PqQ","RA1 Treinamento e Bem Estar Ltda AUMENTO - 13726-F","pedro.pantaleao@gaussenergia.com.br","2025-08-20T18:15:47.739Z","2026-03-08T20:09:23.767Z","","","","Overdue","2","19","88","Projeto FV"
"https://app.process.st/runs/lh4cLWZUQatxcp_oFF1OHA","Willian Franklin Machado / Praia do Forte AUMENTO 8697-F","pedro.pantaleao@gaussenergia.com.br","2025-11-07T19:16:50.501Z","2026-03-08T20:08:41.956Z","","","","Overdue","3","20","88","Projeto FV"
"https://app.process.st/runs/l6_CPQx3Z0l1obtB99FF8A","Ernandes Rodrigues Da Gama - 13864-F","pedro.pantaleao@gaussenergia.com.br","2025-11-12T17:08:18.722Z","2026-03-08T20:08:08.312Z","","","","Overdue","2","19","88","Projeto FV"
"https://app.process.st/runs/mKkJlYYfB9qARqA6STlGXA","Jose Carlos Oliveira de Carvalho AUMENTO - 10712-F","pedro.pantaleao@gaussenergia.com.br","2025-11-17T18:34:17.787Z","2026-03-08T20:07:29.733Z","","","","Overdue","3","20","88","Projeto FV"
"https://app.process.st/runs/jNSg8-bzpoF6TRyZV2lDSA","Valter de Freitas Gomes - 14278-F","pedro.pantaleao@gaussenergia.com.br","2025-11-10T14:11:14.025Z","2026-03-08T20:06:53.788Z","","","","Overdue","3","20","88","Projeto FV"
"https://app.process.st/runs/nz7Ck_-U6wXqpWZpRDZAQQ","Salvelina Santiago de Brito - 13987-F","pedro.pantaleao@gaussenergia.com.br","2025-09-24T17:30:47.300Z","2026-03-08T20:05:58.784Z","","","","Overdue","2","19","88","Projeto FV"
"https://app.process.st/runs/rJV8F-rsDN7LBTifMIZDMA","Acelino Rodrigues Santos Filho - 12856-F","pedro.pantaleao@gaussenergia.com.br group-698ea497-ec60-4bde-b165-b8f9ccbb0cfe@process.st group-aa595f0b-d840-4fcb-8407-a22a023e7e0d@process.st","2025-11-19T18:33:06.965Z","2026-03-07T14:13:22.181Z","","","","Overdue","4","21","88","Projeto FV"
"https://app.process.st/runs/ggSJtp0VEvNXigRaCtNDiQ","Jose Batista de Araujo / J B de Araujo 8845-F","pedro.pantaleao@gaussenergia.com.br group-698ea497-ec60-4bde-b165-b8f9ccbb0cfe@process.st","2022-08-26T18:31:05.161Z","2026-03-07T13:31:07.911Z","","","","Overdue","3","28","88","Projeto FV"
"https://app.process.st/runs/q_NCHz7na8tmQRjA2odHdQ","Danilo Cunha Loula 8742-F","pedro.pantaleao@gaussenergia.com.br","2022-10-10T13:47:35.643Z","2026-03-05T19:52:02.997Z","","","","Overdue","2","20","88","Projeto FV"
"https://app.process.st/runs/oF_8nn1psokO84IXNMtBgw","Edmundo Pereira Dourado / Aline Kasue 1 AUMENTO 2025 - 10622.1-F","pedro.pantaleao@gaussenergia.com.br","2025-07-18T17:44:47.995Z","2026-03-05T19:47:29.514Z","","","","Overdue","2","19","88","Projeto FV"
"https://app.process.st/runs/iCpwuN4RgbGxECfK9RtD8A","Joabson Lima Figueiredo / Gabriela Hermes Neves Figueiredo 8677-F","pedro.pantaleao@gaussenergia.com.br group-698ea497-ec60-4bde-b165-b8f9ccbb0cfe@process.st","2022-07-20T16:59:15.441Z","2026-03-05T16:53:25.851Z","","","","Overdue","3","21","88","Projeto FV"
"https://app.process.st/runs/gSnVYuMErvSSG-lkH8BMsA","Francisco Moreira da Silveira / Elis Regina Raimunda 9562-F","pedro.pantaleao@gaussenergia.com.br group-698ea497-ec60-4bde-b165-b8f9ccbb0cfe@process.st group-aa595f0b-d840-4fcb-8407-a22a023e7e0d@process.st","2022-12-21T16:44:19.301Z","2026-03-04T17:42:36.811Z","","","","Overdue","3","19","88","Projeto FV"
"https://app.process.st/runs/o89yb6ui8lL1H047zpZL3A","Carlos Orlando Souza Teixeira -> IANE BESERRA COUTO 10979-F","pedro.pantaleao@gaussenergia.com.br","2024-03-21T17:45:25.405Z","2026-03-04T17:33:27.565Z","","","","Overdue","3","22","88","Projeto FV"
"https://app.process.st/runs/t7JTPyHzccdfk_uOnGNAtw","Eliana Fernandes Batista Santana - 11367-F","pedro.pantaleao@gaussenergia.com.br group-698ea497-ec60-4bde-b165-b8f9ccbb0cfe@process.st","2024-05-20T19:14:44.943Z","2026-03-04T17:01:06.328Z","","","","Overdue","3","21","88","Projeto FV"
"https://app.process.st/runs/h1t8czLZ_pxW0VW71FdD2Q","Edna Caramez Matos de Araujo  9956-F","pedro.pantaleao@gaussenergia.com.br","2023-04-20T14:31:01.979Z","2026-03-04T16:56:19.325Z","","","","Overdue","3","20","88","Projeto FV"
"https://app.process.st/runs/q-uqx315LuBKBi8PoWFAlg","Santo Amaro Derivados de Petroleo / Sto Amaro / Marize Prado 5225-F","pedro.pantaleao@gaussenergia.com.br group-698ea497-ec60-4bde-b165-b8f9ccbb0cfe@process.st","2021-05-21T20:51:02.051Z","2026-03-04T12:51:39.273Z","","","","Overdue","3","22","88","Projeto FV"
"https://app.process.st/runs/nMkCT95nU17o39QTBlpFOg","André Nunes Loula Torres 8490-F","pedro.pantaleao@gaussenergia.com.br","2022-06-07T19:03:09.878Z","2026-03-03T19:54:36.548Z","","","","Overdue","2","21","88","Projeto FV"
"https://app.process.st/runs/r7IPopB2Gv92esGrbgRB5Q","Wilton Carlos Vieira Fraga 8445-F","pedro.pantaleao@gaussenergia.com.br group-698ea497-ec60-4bde-b165-b8f9ccbb0cfe@process.st group-aa595f0b-d840-4fcb-8407-a22a023e7e0d@process.st","2022-07-05T17:33:30.927Z","2026-03-03T18:25:33.819Z","","","","OnTrack","0","14","88","Projeto FV"
"https://app.process.st/runs/padIbiUprj6dHlHdznBAMQ","Wilton Carlos Vieira Fraga AUMENTO 8445-F","pedro.pantaleao@gaussenergia.com.br group-698ea497-ec60-4bde-b165-b8f9ccbb0cfe@process.st group-aa595f0b-d840-4fcb-8407-a22a023e7e0d@process.st","2023-01-04T20:11:04.718Z","2026-03-03T18:24:35.688Z","","","","OnTrack","0","3","88","Projeto FV"
"https://app.process.st/runs/tjwINPUAjg6MIhrRkh9EaQ","Rosimeire Alves de Almeida 8437-F","pedro.pantaleao@gaussenergia.com.br","2022-07-05T14:37:49.985Z","2026-03-03T18:12:37.004Z","","","","Overdue","2","21","88","Projeto FV"
"https://app.process.st/runs/pAGX3NijQeooAjtgATxHXw","Jose Dilson Gonçalves Dourado 5 / Fazenda Três Irmãs II.2 8383.5-F","pedro.pantaleao@gaussenergia.com.br group-aa595f0b-d840-4fcb-8407-a22a023e7e0d@process.st","2022-06-03T20:11:04.480Z","2026-03-03T17:25:14.378Z","","","","Overdue","2","20","88","Projeto FV"
"https://app.process.st/runs/iaobjrnfEl4Vo2y0R0dF9A","Condominio Canto Belo Aeroporto 2 - 12419.2-F","pedro.pantaleao@gaussenergia.com.br group-aa595f0b-d840-4fcb-8407-a22a023e7e0d@process.st","2025-09-26T18:56:44.770Z","2026-03-03T12:42:12.736Z","","","","OnTrack","0","13","88","Projeto FV"
"https://app.process.st/runs/pJ3r4hhdFo7j2c625ltFng","Portomar Patrimonial Ltda / Jose Anchieta 8374-F","pedro.pantaleao@gaussenergia.com.br group-698ea497-ec60-4bde-b165-b8f9ccbb0cfe@process.st group-aa595f0b-d840-4fcb-8407-a22a023e7e0d@process.st","2022-12-15T19:29:28.035Z","2026-03-02T17:17:09.321Z","","","","OnTrack","0","3","88","Projeto FV"
"https://app.process.st/runs/nhrGbz-lhNxwR9XoKhVMWw","Thiago de Moura Araujo AUMENTO 7397-F","pedro.pantaleao@gaussenergia.com.br group-698ea497-ec60-4bde-b165-b8f9ccbb0cfe@process.st","2025-02-18T14:57:17.610Z","2026-03-02T16:35:03.620Z","","","","Overdue","3","22","88","Projeto FV"
"https://app.process.st/runs/prF-6-xS786qtPWyGd1Fxw","Ariel Lopes de Carvalho 8350-F","pedro.pantaleao@gaussenergia.com.br group-698ea497-ec60-4bde-b165-b8f9ccbb0cfe@process.st","2022-06-13T16:57:13.486Z","2026-03-02T15:10:39.909Z","","","","Overdue","2","24","88","Projeto FV"
"https://app.process.st/runs/k3PDuzJYHEBj2fK5l4BF2A","Supermercado Barro Alto Ltda / Marilza Cardoso / Odair Mendes 8343-F","pedro.pantaleao@gaussenergia.com.br group-698ea497-ec60-4bde-b165-b8f9ccbb0cfe@process.st group-aa595f0b-d840-4fcb-8407-a22a023e7e0d@process.st","2022-05-09T17:05:05.903Z","2026-03-02T14:55:02.829Z","","","","OnTrack","0","13","88","Projeto FV"
"https://app.process.st/runs/odljAa1mbYs0ozqmXNBDPw","Ernani da Silva Garcia Rosa ADEQUAÇAO 8715-F","gabriel@gaussenergia.com.br","2025-12-05T14:18:37.522Z","2026-03-01T20:35:47.718Z","","","","Overdue","2","19","88","Projeto FV"
"https://app.process.st/runs/qMlubrf7cWYEimCjtnFEUA","Bahia Oriental 2 / A M A dos Santos ADEQUAÇAO / Leanardo Nunes Silva 3025.2-F","gabriel@gaussenergia.com.br","2025-12-05T18:24:51.689Z","2026-03-01T20:35:32.093Z","","","","Overdue","3","20","88","Projeto FV"
"https://app.process.st/runs/iZZ6SHc06lyc_7FAkL1IEg","Jose Eduardo Teixeira ADEQUAÇAO - 3195-F","gabriel@gaussenergia.com.br","2025-12-04T19:39:41.377Z","2026-03-01T20:35:19.686Z","","","","Overdue","2","18","88","Projeto FV"
"https://app.process.st/runs/pWp4sgcH2__WkwwQkg5HAQ","Lyus Confecçoes / Projeto Clario Energia ADEQUAÇAO - 1403-F","pedro.pantaleao@gaussenergia.com.br","2025-09-16T12:14:13.564Z","2026-03-01T20:35:07.617Z","","","","Overdue","3","23","88","Projeto FV"
"https://app.process.st/runs/n_sv3v6gWa7oufDjfMVBrw","Lucas Azevedo Cotrim Rizerio ADEQUAÇAO - 4131-F","gabriel@gaussenergia.com.br","2025-12-05T18:49:58.305Z","2026-03-01T20:34:53.350Z","","","","Overdue","3","20","88","Projeto FV"
"https://app.process.st/runs/rY4MXn7Lr4SfsVA-bPZIcg","Jorge Pereira Teles 5 - Fazenda Bela Vista 2 ADEQUAÇAO - 8223-F","pedro.pantaleao@gaussenergia.com.br","2025-09-25T18:19:45.936Z","2026-03-01T20:30:25.140Z","","","","Overdue","2","19","88","Projeto FV"
"https://app.process.st/runs/js6fpxyHSTkdQ-e8HRlAog","Edvaldo de Jesus Ferreira SOMENTE HOMOLOGAÇAO - 14680-F","pedro.pantaleao@gaussenergia.com.br","2025-12-17T16:59:54.336Z","2026-03-01T20:20:06.514Z","","","","Overdue","2","19","88","Projeto FV"
"https://app.process.st/runs/h_SVdqyta3AqTDXyC9ZI1g","Viviane Fontes Chagas Brito / Sergio Baiao ADEQUAÇAO 7373-F","gabriel@gaussenergia.com.br group-aa595f0b-d840-4fcb-8407-a22a023e7e0d@process.st","2026-02-12T19:44:35.266Z","2026-02-28T15:19:05.623Z","","","","OnTrack","0","3","88","Projeto FV"
"https://app.process.st/runs/h5e_j1a_veBb5wvWEMNP9w","Fabricio Chaves Silva 8305-F","pedro.pantaleao@gaussenergia.com.br","2022-05-05T18:49:41.273Z","2026-02-27T19:43:27.083Z","","","","OnTrack","0","23","88","Projeto FV"
"https://app.process.st/runs/hpGPnTyNpkKMnSd4evtCvA","Izabela Pugas Paim ADEQUAÇAO - 9766-F","gabriel@gaussenergia.com.br","2025-12-05T15:12:19.717Z","2026-02-26T21:21:01.801Z","","","","Overdue","3","20","88","Projeto FV"
"https://app.process.st/runs/uYQ2b13FSDj06G1JynVC6w","Comercial de Embalagem Queiroz 4017-F","pedro.pantaleao@gaussenergia.com.br group-698ea497-ec60-4bde-b165-b8f9ccbb0cfe@process.st","2020-11-28T19:58:38.919Z","2026-02-26T18:23:08.079Z","","","","Overdue","3","23","88","Projeto FV"
"https://app.process.st/runs/lFk5OcR3hX-aZvSF6HJLAg","Mirla Modas - Leonardo Bezerra da Silva 704-F","","2018-12-10T18:34:38.323Z","2026-02-26T18:00:09.396Z","","","","Overdue","5","25","88","Projeto FV"
"https://app.process.st/runs/kZGy3wekWQTkMzI0vGZDrQ","Ana Carolina Cardoso 3735-F","pedro.pantaleao@gaussenergia.com.br group-698ea497-ec60-4bde-b165-b8f9ccbb0cfe@process.st","2020-09-10T13:27:54.742Z","2026-02-26T17:54:00.453Z","","","","OnTrack","0","25","88","Projeto FV"
"https://app.process.st/runs/p_oVlEUEcy70VxOcl2hIdQ","Grafica Salobro / Wagner Belisario 1463-F","","2018-12-10T18:34:54.993Z","2026-02-26T17:45:57.886Z","","","","Overdue","5","27","88","Projeto FV"
"https://app.process.st/runs/gFFVG-nVr_uzDNhNB5NKdQ","Angelo Vinicius Dantas Silva Cirino 2 3906-F / G. CIRINO DOS ANJOS","pedro.pantaleao@gaussenergia.com.br","2021-04-12T18:41:16.938Z","2026-02-26T17:10:07.600Z","","","","Overdue","3","21","88","Projeto FV"
"https://app.process.st/runs/t63ONvPBv6sK3WfI8j1MAA","Fabiano Alves Costa 2994-F","pedro.pantaleao@gaussenergia.com.br group-698ea497-ec60-4bde-b165-b8f9ccbb0cfe@process.st","2019-12-20T14:51:27.049Z","2026-02-26T12:42:39.686Z","","","","Overdue","5","20","88","Projeto FV"
"https://app.process.st/runs/k30EfEgEydKsNsXBwa5Mfg","Jailson Marques / Luzia Bispo 3766-F","pedro.pantaleao@gaussenergia.com.br group-698ea497-ec60-4bde-b165-b8f9ccbb0cfe@process.st","2020-09-08T18:20:32.676Z","2026-02-25T14:56:44.207Z","","","","Overdue","3","21","88","Projeto FV"
"https://app.process.st/runs/p_bgrHWer2QML_08q_dJnA","Vagner Rodrigues de Oliveira AUMENTO - 2783-F","pedro.pantaleao@gaussenergia.com.br","2024-05-09T18:16:12.682Z","2026-02-25T14:49:45.451Z","","","","Overdue","3","21","88","Projeto FV"
"https://app.process.st/runs/sgttFcvvgYmhqj5wBwNCYw","Condomínio Solaris 1 - BR 15 + Primo 4 Norte 3183.1-F","pedro.pantaleao@gaussenergia.com.br","2020-12-07T14:28:08.055Z","2026-02-24T20:10:56.040Z","","","","Overdue","3","21","88","Projeto FV"
"https://app.process.st/runs/oiTrhcjlhn3F2DiHoOxMlA","Maria Helena Nascimento Carmo - 12842-F","pedro.pantaleao@gaussenergia.com.br group-698ea497-ec60-4bde-b165-b8f9ccbb0cfe@process.st","2025-02-25T13:07:47.861Z","2026-02-24T19:43:35.270Z","","","","Overdue","3","29","88","Projeto FV"
"https://app.process.st/runs/kKSFTmc31IgOUVzSPcJASQ","Eulalia Paulino Silva Vasconcelos - 12431-F","pedro.pantaleao@gaussenergia.com.br group-698ea497-ec60-4bde-b165-b8f9ccbb0cfe@process.st","2025-03-10T17:43:07.960Z","2026-02-24T19:30:03.209Z","","","","Overdue","3","22","88","Projeto FV"
"https://app.process.st/runs/u25ZVF-2vQ4-Ux0PEitP5A","Amilton Jose Araujo 8203-F","pedro.pantaleao@gaussenergia.com.br","2022-07-01T13:30:06.498Z","2026-02-24T17:09:02.077Z","","","","Overdue","1","24","88","Projeto FV"
"https://app.process.st/runs/g040DWGwBfSYwj9iTzRHIQ","Juarez Ricardo Rangel Moura  / Mercadinho JRRA 2 (casa) 2076.2-F","pedro.pantaleao@gaussenergia.com.br","2019-05-15T16:35:58.757Z","2026-02-24T14:16:53.134Z","","","","Overdue","5","19","88","Projeto FV"
"https://app.process.st/runs/kl4zkw8FwZg0HUDs1a5ANg","Juarez / Mercadinho JRRA 1 (mercado) 2076.1-F","pedro.pantaleao@gaussenergia.com.br","2019-05-10T13:47:18.896Z","2026-02-24T14:16:44.273Z","","","","Overdue","4","17","88","Projeto FV"
"https://app.process.st/runs/om96gKDt_PgWQK0DkaJJnw","Cleriston Miranda Simoes 8156-F","pedro.pantaleao@gaussenergia.com.br","2022-03-31T19:18:35.862Z","2026-02-23T19:38:29.548Z","","","","OnTrack","0","28","88","Projeto FV"
"https://app.process.st/runs/gr1Y3RHc-VwkGirrSrJDsA","Antonio Costa Magalhaes 2 / Fazenda Periperi 2 8136.2","pedro.pantaleao@gaussenergia.com.br","2022-05-30T18:21:27.055Z","2026-02-23T18:52:20.564Z","","","","Overdue","3","20","88","Projeto FV"
"https://app.process.st/runs/kNHYyV8UbZvINc11KfxBeg","Juraci Alves de Andrade 8127-F","pedro.pantaleao@gaussenergia.com.br group-698ea497-ec60-4bde-b165-b8f9ccbb0cfe@process.st","2022-04-04T17:52:50.255Z","2026-02-23T18:27:53.612Z","","","","Overdue","1","24","88","Projeto FV"
"https://app.process.st/runs/ixIiBQmWjXQrkaqnFIdFPA","Ailton Almeida dos Santos / Rua Raul Braga 8111.1-F","pedro.pantaleao@gaussenergia.com.br group-aa595f0b-d840-4fcb-8407-a22a023e7e0d@process.st","2022-11-14T17:38:13.058Z","2026-02-23T17:37:38.875Z","","","","Overdue","1","10","88","Projeto FV"
"https://app.process.st/runs/k8qFIsqMJF9QlfeO3K1ATg","Aliomar Borges Teixeira AUMENTO - 5056-F - 14735-F","pedro.pantaleao@gaussenergia.com.br group-aa595f0b-d840-4fcb-8407-a22a023e7e0d@process.st","2026-01-26T13:22:49.408Z","2026-02-22T13:23:24.817Z","","","","OnTrack","0","13","88","Projeto FV"
"https://app.process.st/runs/nxsxk8TXv4IxEOxPEcJCMg","Ana Maria da Silva Paiva AUMENTO 3955-F - 13265-F","pedro.pantaleao@gaussenergia.com.br group-aa595f0b-d840-4fcb-8407-a22a023e7e0d@process.st","2026-01-12T14:12:12.837Z","2026-02-21T18:01:48.594Z","","","","Overdue","1","7","88","Projeto FV"
"https://app.process.st/runs/qDHLFk7b7Jd4Hl7IoU9ALA","Luciano Queiroz Magalhaes 8012-F","pedro.pantaleao@gaussenergia.com.br","2022-05-30T17:26:12.498Z","2026-02-20T17:58:57.799Z","","","","Overdue","3","21","88","Projeto FV"
"https://app.process.st/runs/io6gtNauPE-gDqFOZ7JMvA","Vaunei Cavalcante da Silva ADEQUAÇAO - 6173-F","gabriel@gaussenergia.com.br","2026-02-12T18:41:46.280Z","2026-02-20T14:00:19.137Z","","","","OnTrack","0","2","88","Projeto FV"
"https://app.process.st/runs/so8QVdIjhoQAJ5Bh1ftFZA","Cacio Vinicius Fontoura Dias - 11740-F","pedro.pantaleao@gaussenergia.com.br","2024-09-24T19:00:24.160Z","2026-02-20T13:42:13.710Z","","","","Overdue","3","21","88","Projeto FV"
"https://app.process.st/runs/vXUVOP1fzZJNaX1VT0hDxg","Motel Bora Bora - Minigeração 2255.2-F","gabriel@gaussenergia.com.br group-aa595f0b-d840-4fcb-8407-a22a023e7e0d@process.st","2020-08-03T22:15:49.724Z","2026-02-20T11:54:30.747Z","","","","Overdue","1","14","88","Projeto FV"
"https://app.process.st/runs/v_ouYaPsyAl-fXfi3H9DEA","Paulo Neres Neponuceno 3600-F","pedro.pantaleao@gaussenergia.com.br group-698ea497-ec60-4bde-b165-b8f9ccbb0cfe@process.st","2020-09-02T18:46:37.493Z","2026-02-19T11:51:13.091Z","","","","Overdue","2","23","88","Projeto FV"
"https://app.process.st/runs/h6JaZ0DSCEjb-_ynAIRPyQ","Claudenario Ribeiro Lopes - 12252-F","pedro.pantaleao@gaussenergia.com.br group-698ea497-ec60-4bde-b165-b8f9ccbb0cfe@process.st","2024-11-18T16:12:55.411Z","2026-02-18T18:13:15.752Z","","","","Overdue","3","21","88","Projeto FV"
"https://app.process.st/runs/k_RC9rOshe3or2gVdDhJSg","Manuel de Jesus Ferreira 9926-F","pedro.pantaleao@gaussenergia.com.br group-698ea497-ec60-4bde-b165-b8f9ccbb0cfe@process.st","2023-04-28T16:45:25.404Z","2026-02-18T18:05:23.470Z","","","","Overdue","3","21","88","Projeto FV"
"https://app.process.st/runs/sKgYfR7a0QGQKDqM-6NMqA","Maria Aparecida de Sousa Paixão - 11966-F","pedro.pantaleao@gaussenergia.com.br","2024-09-20T18:25:18.501Z","2026-02-18T17:59:02.874Z","","","","Overdue","2","20","88","Projeto FV"
"https://app.process.st/runs/ps8r7pKW_iBw1J3jFNBCVw","Parmenia de Araujo Lima Moreira ADEQUAÇAO - 7429-F","gabriel@gaussenergia.com.br group-aa595f0b-d840-4fcb-8407-a22a023e7e0d@process.st","2026-02-13T14:38:54.899Z","2026-02-18T16:47:55.567Z","","","","OnTrack","0","3","88","Projeto FV"
"https://app.process.st/runs/rPxusAwGxUJOnaczp0BENA","RL Salvador Delivery de Bebidas Ltda 2 - 13109-F","pedro.pantaleao@gaussenergia.com.br group-aa595f0b-d840-4fcb-8407-a22a023e7e0d@process.st","2026-02-18T14:42:52.433Z","2026-02-18T15:07:39.518Z","","","","OnTrack","0","2","88","Projeto FV"
"https://app.process.st/runs/pUlPQh57fC5NFFdFAEZB7w","Paulo Sergio Silva França Ltda 7807.1","pedro.pantaleao@gaussenergia.com.br","2022-07-26T18:48:28.600Z","2026-02-18T14:44:53.596Z","","","","Overdue","3","21","88","Projeto FV"
"https://app.process.st/runs/vTERwKM78HU4DyblwjxCmg","RL Salvador Delivery de Bebidas Ltda AUMENTO NAO EXECUTADO - 13109-F","pedro.pantaleao@gaussenergia.com.br group-aa595f0b-d840-4fcb-8407-a22a023e7e0d@process.st","2025-09-02T14:02:28.966Z","2026-02-18T14:41:22.844Z","","","","OnTrack","0","3","88","Projeto FV"
"https://app.process.st/runs/kNbsURPXVIiomgy52_5Ibw","RL Salvador Delivery de Bebidas Ltda NAO EXECUTADO - 13109-F","pedro.pantaleao@gaussenergia.com.br group-aa595f0b-d840-4fcb-8407-a22a023e7e0d@process.st","2026-01-13T18:46:00.024Z","2026-02-18T14:41:02.718Z","","","","OnTrack","0","12","88","Projeto FV"
"https://app.process.st/runs/jJvLCa-nRUnUaE4DmgVDBQ","A G M Serra ADEQUAÇAO / Mix Mercadinho - 1511-F","pedro.pantaleao@gaussenergia.com.br","2025-11-12T12:56:23.448Z","2026-02-17T16:45:09.012Z","","","","Overdue","3","20","88","Projeto FV"
"https://app.process.st/runs/swr4jDJTekqGdiPS1NpC3w","Marcus Vinicius Teixeira Navarro ADEQUAÇAO - 6047-F","gabriel@gaussenergia.com.br group-aa595f0b-d840-4fcb-8407-a22a023e7e0d@process.st","2025-12-04T19:26:25.416Z","2026-02-17T16:44:30.014Z","","","","Overdue","4","19","88","Projeto FV"
"https://app.process.st/runs/rXzAEqmTQfMUEXmSjrlOiw","Joao Marlon / Fazenda bem tivi ADEQUAÇAO 5999-F","gabriel@gaussenergia.com.br group-aa595f0b-d840-4fcb-8407-a22a023e7e0d@process.st","2026-02-12T17:37:23.642Z","2026-02-15T17:11:50.515Z","","","","Overdue","1","6","88","Projeto FV"
"https://app.process.st/runs/voai2zSfzHX4a3-Csb9Dhw","Bruno Nunes Dias / Fredy / Meu Cravo ADEQUAÇAO 6023-F","gabriel@gaussenergia.com.br group-aa595f0b-d840-4fcb-8407-a22a023e7e0d@process.st","2026-02-12T17:54:06.091Z","2026-02-15T16:50:25.970Z","","","","Overdue","1","7","88","Projeto FV"
"https://app.process.st/runs/isnZR2q4ieIkeYnYl3JAig","Josue de Azevedo Rezende 2  ADEQUAÇAO 5674.2-F","gabriel@gaussenergia.com.br group-aa595f0b-d840-4fcb-8407-a22a023e7e0d@process.st","2026-01-30T13:09:29.751Z","2026-02-14T16:02:00.912Z","","","","Overdue","1","16","88","Projeto FV"
"https://app.process.st/runs/vFTRfhRou7OBvFKuwAFJKQ","JMA Solar SPE LTDA 4 / Galpão C - 11620-F","pedro.pantaleao@gaussenergia.com.br","2024-07-09T11:59:52.113Z","2026-02-13T19:07:14.589Z","","","","Overdue","3","24","88","Projeto FV"
"https://app.process.st/runs/k30OxRFCh_7pjIMZIpRJtA","Renovadora de Pneus Subae / Tiago Doria Godeiro 2021 ADEQUAÇAO 6085-F","gabriel@gaussenergia.com.br group-aa595f0b-d840-4fcb-8407-a22a023e7e0d@process.st","2026-02-12T18:32:11.901Z","2026-02-12T19:08:05.628Z","","","","OnTrack","0","3","88","Projeto FV"
"https://app.process.st/runs/siBBhH4cdxZQgoVHGT5Hig","Jose Alves Cunha ADEQUAÇAO 2282-F","pedro.pantaleao@gaussenergia.com.br","2022-08-26T13:32:19.550Z","2026-02-11T18:59:22.218Z","","","","Overdue","2","22","88","Projeto FV"
"https://app.process.st/runs/jxv9FH3uGxp8jLd5Wy9GLQ","Bomfim Contabilidade e Auditoria / Jose Wellington Bomfim 7685-F","pedro.pantaleao@gaussenergia.com.br","2022-02-03T18:35:13.184Z","2026-02-11T18:18:49.034Z","","","","Overdue","3","24","88","Projeto FV"
"https://app.process.st/runs/gTknNhuC3HKgswKHCoFOdA","Casa Eloy Ltda AUMENTO / Maria Auxiliadora Lima da Costa 3891-F","pedro.pantaleao@gaussenergia.com.br","2024-04-15T18:32:59.045Z","2026-02-10T17:58:11.317Z","","","","Overdue","3","21","88","Projeto FV"
"https://app.process.st/runs/v1-ByvQ6lgwts6WQYLZFfQ","Eremilson Alves de Freitas 6338-F","pedro.pantaleao@gaussenergia.com.br","2021-09-22T14:17:37.115Z","2026-02-10T17:51:34.534Z","","","","Overdue","3","21","88","Projeto FV"
"https://app.process.st/runs/jQMbpvnQ4iK4g65ammBDOA","Condominio Residencial Palm Beach 7506-F","pedro.pantaleao@gaussenergia.com.br","2021-11-30T18:42:56.343Z","2026-02-09T19:46:28.786Z","","","","Overdue","2","24","88","Projeto FV"
"https://app.process.st/runs/onxxegwkRzkmBumjK4BBYw","Lilian Santana de Oliveira Lima / Wilson 7438-F","pedro.pantaleao@gaussenergia.com.br","2021-11-24T13:53:34.385Z","2026-02-09T19:04:43.361Z","","","","Overdue","2","23","88","Projeto FV"
"https://app.process.st/runs/sAy_cvIOm8Zj3utaAthE_g","Joao Furtado Parente - 11103-F","pedro.pantaleao@gaussenergia.com.br","2024-03-15T18:46:53.926Z","2026-02-09T15:03:01.994Z","","","","Overdue","3","20","88","Projeto FV"
"https://app.process.st/runs/kM3F_cENWNr9J7QSnoBNGg","Edivaldo Martins de Araujo / Fazenda Ponta D'Agua / Sancal 8724-F","group-698ea497-ec60-4bde-b165-b8f9ccbb0cfe@process.st","2022-10-03T14:49:52.420Z","2026-02-09T15:02:44.525Z","","","","Overdue","3","21","88","Projeto FV"
"https://app.process.st/runs/roQmZuqlCDjAjeN7kedAdw","Antonio Jose Fraga Nunes 7384-F","pedro.pantaleao@gaussenergia.com.br group-698ea497-ec60-4bde-b165-b8f9ccbb0cfe@process.st","2021-11-03T14:50:22.082Z","2026-02-06T19:50:54.732Z","","","","Overdue","3","21","88","Projeto FV"
"https://app.process.st/runs/uhW8fXuSF_mMnbV2HQtLIg","Helcio Figueiredo Landim AUMENTO 2489-F","pedro.pantaleao@gaussenergia.com.br group-aa595f0b-d840-4fcb-8407-a22a023e7e0d@process.st","2025-08-18T17:35:29.963Z","2026-02-06T19:50:25.546Z","","","","Overdue","3","18","88","Projeto FV"
"https://app.process.st/runs/g-jeCt5XUXXGz0_UPDtCXg","Renato Cardoso Pimenta - 13753-F","pedro.pantaleao@gaussenergia.com.br group-698ea497-ec60-4bde-b165-b8f9ccbb0cfe@process.st group-aa595f0b-d840-4fcb-8407-a22a023e7e0d@process.st","2025-07-22T13:43:43.487Z","2026-02-06T19:49:46.425Z","","","","Overdue","4","25","88","Projeto FV"
"https://app.process.st/runs/lljyVFy66EdVlgq78IhN5w","Amanda Maria Rangel de Oliveira Alves / Bruno Nunes - 14077-F","pedro.pantaleao@gaussenergia.com.br group-698ea497-ec60-4bde-b165-b8f9ccbb0cfe@process.st group-aa595f0b-d840-4fcb-8407-a22a023e7e0d@process.st","2025-09-03T14:26:23.288Z","2026-02-06T19:48:32.456Z","","","","Overdue","4","20","88","Projeto FV"
"https://app.process.st/runs/iLqwKbjBKIRjic7ybx1Bbg","Aleques Viana Oliveira 2 - 13821-F","pedro.pantaleao@gaussenergia.com.br group-698ea497-ec60-4bde-b165-b8f9ccbb0cfe@process.st group-aa595f0b-d840-4fcb-8407-a22a023e7e0d@process.st","2025-08-04T13:15:53.774Z","2026-02-06T19:47:38.066Z","","","","Overdue","3","19","88","Projeto FV"
"https://app.process.st/runs/peAaree8bkaxAmEvkDtFvQ","Jose Carlos Santos David - 14206-F","pedro.pantaleao@gaussenergia.com.br group-aa595f0b-d840-4fcb-8407-a22a023e7e0d@process.st","2025-09-30T14:22:22.727Z","2026-02-06T19:44:20.134Z","","","","Overdue","4","19","88","Projeto FV"
"https://app.process.st/runs/gw5JpgbyD2ZdzZR_kOtH9g","Viviane Fontes Chagas Brito / Sergio Baiao 7373-F","pedro.pantaleao@gaussenergia.com.br","2021-11-08T19:25:12.451Z","2026-02-06T19:41:00.622Z","","","","Overdue","3","25","88","Projeto FV"
"https://app.process.st/runs/kpGd-a9HwdhThX4HFSdEqw","Mateus Mascarenhas Menezes - 13597-F","pedro.pantaleao@gaussenergia.com.br group-698ea497-ec60-4bde-b165-b8f9ccbb0cfe@process.st group-aa595f0b-d840-4fcb-8407-a22a023e7e0d@process.st","2025-06-12T13:55:54.130Z","2026-02-06T19:11:03.355Z","","","","Overdue","5","23","88","Projeto FV"
"https://app.process.st/runs/vdsqJFWWUD_3kk0GMEVKvw","Marcelo Mariano de Souza / Jakline Vaz Rocha 7314-F","pedro.pantaleao@gaussenergia.com.br group-698ea497-ec60-4bde-b165-b8f9ccbb0cfe@process.st","2021-10-22T19:05:37.051Z","2026-02-06T18:53:33.674Z","","","","Overdue","2","27","88","Projeto FV"
"https://app.process.st/runs/jUh0wvhbQNQb6AYTsktDqQ","Geovande Alves Brito Carvalho / Carvalho e Brito Ltda ME 5160-F","pedro.pantaleao@gaussenergia.com.br group-698ea497-ec60-4bde-b165-b8f9ccbb0cfe@process.st","2021-06-29T13:57:23.491Z","2026-02-06T17:05:25.770Z","","","","Overdue","3","22","88","Projeto FV"
"https://app.process.st/runs/irSeUZq8kVITuk5uMpFGiQ","Marta Marques de Oliveira 7213-F","pedro.pantaleao@gaussenergia.com.br group-698ea497-ec60-4bde-b165-b8f9ccbb0cfe@process.st","2021-11-26T14:33:56.873Z","2026-02-06T16:27:29.177Z","","","","Overdue","3","23","88","Projeto FV"
"https://app.process.st/runs/o4fSgJl3qcvHUEZ1TfRCcQ","Vaine Pereira da Silva / Jose Mendes da Silva 7191-F","pedro.pantaleao@gaussenergia.com.br group-698ea497-ec60-4bde-b165-b8f9ccbb0cfe@process.st","2021-10-29T14:29:04.013Z","2026-02-06T15:10:07.101Z","","","","Overdue","3","22","88","Projeto FV"
"https://app.process.st/runs/iJwVL7uaZOT6XR4XXPVMPg","Ramilton Alves de Almeida 7178-F","","2021-10-08T17:33:34.664Z","2026-02-06T15:07:04.295Z","","","","Overdue","2","25","88","Projeto FV"
"https://app.process.st/runs/jBaNX5KH91eE4a8a6r9IiA","Associaçao Conexao Solar 3 / Ubai - 14882.3-F","pedro.pantaleao@gaussenergia.com.br group-aa595f0b-d840-4fcb-8407-a22a023e7e0d@process.st","2026-02-06T14:39:01.608Z","2026-02-06T15:03:13.231Z","","","","OnTrack","0","2","88","Projeto FV"
"https://app.process.st/runs/t-Jq2P1gSbRf-P5FcHhHXA","Antonio Paolillo 7175-F","pedro.pantaleao@gaussenergia.com.br","2021-11-01T19:02:28.251Z","2026-02-06T14:59:47.581Z","","","","Overdue","3","24","88","Projeto FV"
"https://app.process.st/runs/t9io2I0J0qwzaDraEkpMgw","Uilson de Souza Santos - 11843-F","pedro.pantaleao@gaussenergia.com.br group-698ea497-ec60-4bde-b165-b8f9ccbb0cfe@process.st","2024-08-26T17:22:40.517Z","2026-02-06T14:16:56.100Z","","","","Overdue","3","21","88","Projeto FV"
"https://app.process.st/runs/rX2NSHLMUJsrv4a28v9PKQ","Bruna Carvalho Matos de Aquino Dourado / Junior 7077-F","pedro.pantaleao@gaussenergia.com.br group-aa595f0b-d840-4fcb-8407-a22a023e7e0d@process.st","2021-10-04T19:53:03.229Z","2026-02-05T17:57:32.083Z","","","","OnTrack","0","13","88","Projeto FV"
"https://app.process.st/runs/vRXMSoc-skbdMfOoxUJABQ","William Barros Silva 7075-F","pedro.pantaleao@gaussenergia.com.br","2021-09-17T19:44:35.060Z","2026-02-05T17:52:19.588Z","","","","Overdue","3","27","88","Projeto FV"
"https://app.process.st/runs/gDvVd8frHIOdtaxKoqZAtQ","Moacir Cedro Pimenta 1 7055.1-F","pedro.pantaleao@gaussenergia.com.br group-aa595f0b-d840-4fcb-8407-a22a023e7e0d@process.st","2021-10-20T17:41:24.414Z","2026-02-05T17:24:45.939Z","","","","OnTrack","0","15","88","Projeto FV"
"https://app.process.st/runs/jHuUrIQuSzbn6Hs_dk9EKA","Marilene Florencia Conceiçao 7042-F","pedro.pantaleao@gaussenergia.com.br","2021-09-29T19:33:09.800Z","2026-02-05T16:15:57.597Z","","","","Overdue","2","22","88","Projeto FV"
"https://app.process.st/runs/hY9UF3aY6se9SaPLe3dEcw","Laudelino Zolaquio Gomes Santos 7040-F","raniel.garcia@gaussenergia.com.br","2021-09-29T17:12:01.581Z","2026-02-05T16:12:35.332Z","","","","Overdue","2","21","88","Projeto FV"
"https://app.process.st/runs/inBiUEEboKpQES1KHmhCTg","Laudelino Zolaquio Gomes Santos 7040-F","raniel.garcia@gaussenergia.com.br group-aa595f0b-d840-4fcb-8407-a22a023e7e0d@process.st","2021-09-27T20:05:05.857Z","2026-02-05T16:10:10.977Z","","","","OnTrack","0","2","1","Projeto FV v2"
"https://app.process.st/runs/kOrp8oOlNdvSSXv_d5xAJA","Junior Ktison Alves Matos ME 7029-F","pedro.pantaleao@gaussenergia.com.br","2021-09-14T19:04:57.645Z","2026-02-05T14:42:28.996Z","","","","Overdue","2","23","88","Projeto FV"
"https://app.process.st/runs/haBBVLlsZKWSl0zMh8xNHA","Helton Cesar Machado 6194-F","","2021-08-03T17:40:45.999Z","2026-02-05T14:20:57.245Z","","","","Overdue","3","20","88","Projeto FV"
"https://app.process.st/runs/kool4p9WNJ2rdyeOHfxBTg","Ecijania Alves de Freitas Silva / Jose Valci 7027-F","pedro.pantaleao@gaussenergia.com.br group-698ea497-ec60-4bde-b165-b8f9ccbb0cfe@process.st","2021-10-06T21:36:34.030Z","2026-02-05T14:14:04.157Z","","","","Overdue","3","22","88","Projeto FV"
"https://app.process.st/runs/nnP1FezfCfRppZuWL-pE5g","Angelo Rizzo Junior 7011-F","pedro.pantaleao@gaussenergia.com.br","2021-08-30T17:39:41.130Z","2026-02-05T14:02:54.544Z","","","","Overdue","3","28","88","Projeto FV"
"https://app.process.st/runs/q9uwSL38eBvAkZ5gF2pKMA","Clinica de Senhoras de Irece Ltda ME / Dra Marli Alves da Cruz 7007-F","pedro.pantaleao@gaussenergia.com.br group-698ea497-ec60-4bde-b165-b8f9ccbb0cfe@process.st","2022-03-23T18:25:24.932Z","2026-02-05T13:57:05.809Z","","","","Overdue","3","31","88","Projeto FV"
"https://app.process.st/runs/uNdNrvRK65dcHhY8sWBNfA","Samir Sepulveda Abud - 11753-F","pedro.pantaleao@gaussenergia.com.br group-698ea497-ec60-4bde-b165-b8f9ccbb0cfe@process.st","2025-07-31T17:51:38.582Z","2026-02-03T19:56:03.047Z","","","","Overdue","3","21","88","Projeto FV"
"https://app.process.st/runs/qsy1ZFNQnlHZ7Ae-yEtA4A","Mix Mercado Comercial de Alimentos Eireli 2022 - 1 / Itacaranha / Alberto Barbosa de Almeida 6265.1-F","pedro.pantaleao@gaussenergia.com.br group-698ea497-ec60-4bde-b165-b8f9ccbb0cfe@process.st group-aa595f0b-d840-4fcb-8407-a22a023e7e0d@process.st","2022-02-10T19:26:08.259Z","2026-02-03T17:23:48.292Z","","","","OnTrack","0","16","88","Projeto FV"
"https://app.process.st/runs/n8uuP_ELqwio97vCRGdIQQ","Mix Mercado Comercial de Alimentos Eireli 2022 - 2 / Sete de Abril / Alberto Barbosa de Almeida 6265.2-F","pedro.pantaleao@gaussenergia.com.br group-698ea497-ec60-4bde-b165-b8f9ccbb0cfe@process.st group-aa595f0b-d840-4fcb-8407-a22a023e7e0d@process.st","2022-02-10T20:00:51.661Z","2026-02-03T17:23:30.234Z","","","","OnTrack","0","4","88","Projeto FV"
"https://app.process.st/runs/s2byuv8vgC57ZampWWxO1Q","Acacia Santana Meira Cabral / Sergipe 6237-F","pedro.pantaleao@gaussenergia.com.br group-698ea497-ec60-4bde-b165-b8f9ccbb0cfe@process.st","2021-08-17T14:02:57.334Z","2026-02-03T16:45:40.116Z","","","","Overdue","2","19","88","Projeto FV"
"https://app.process.st/runs/u_v5kA2PHA_X4KZutoxD5Q","Acquamarine Ltda / Gilvan 6223-F","pedro.pantaleao@gaussenergia.com.br group-698ea497-ec60-4bde-b165-b8f9ccbb0cfe@process.st","2021-08-16T18:24:21.912Z","2026-02-03T16:28:35.906Z","","","","Overdue","3","22","88","Projeto FV"
"https://app.process.st/runs/ur2CFZrdLekAQcBWJBFNng","Mercadinho Santa Rita / Dinivaldo / Mega Varejao Matutino 4477-F","pedro.pantaleao@gaussenergia.com.br group-698ea497-ec60-4bde-b165-b8f9ccbb0cfe@process.st","2021-08-18T19:21:45.156Z","2026-02-02T19:14:44.218Z","","","","Overdue","2","20","88","Projeto FV"
"https://app.process.st/runs/lXSt2JCn3UaaNAi24IlO6w","1469-F Francisco Calmon - Ronaldo Schwarz","","2018-12-10T18:34:54.728Z","2026-02-02T19:07:21.667Z","","","","Overdue","5","22","88","Projeto FV"
"https://app.process.st/runs/k-dFmU5kzAPeptWoD7lBFQ","Valtemias Jose dos Santos 6141-F","pedro.pantaleao@gaussenergia.com.br","2021-08-26T22:17:41.192Z","2026-02-02T18:15:06.547Z","","","","Overdue","3","18","88","Projeto FV"
"https://app.process.st/runs/tMi0wb_fsWF8XU6tI4pEOg","Jairo Santana Dias 6116-F","pedro.pantaleao@gaussenergia.com.br group-aa595f0b-d840-4fcb-8407-a22a023e7e0d@process.st","2021-07-28T19:29:09.678Z","2026-02-02T17:51:36.088Z","","","","Overdue","4","20","88","Projeto FV"
"https://app.process.st/runs/lf5QL27BfKEc6hFr_L9PNQ","Gilvan Gonçalves de Andrade 6101-F","pedro.pantaleao@gaussenergia.com.br group-aa595f0b-d840-4fcb-8407-a22a023e7e0d@process.st","2021-08-12T19:53:12.940Z","2026-02-02T17:03:09.811Z","","","","OnTrack","0","13","88","Projeto FV"
"https://app.process.st/runs/txw3C0KejxHNQoBVEd1NaQ","Lucas Barreto Sampaio / Jailton Cardoso 6099-F","pedro.pantaleao@gaussenergia.com.br group-698ea497-ec60-4bde-b165-b8f9ccbb0cfe@process.st","2021-10-06T14:44:24.545Z","2026-02-02T16:57:32.342Z","","","","Overdue","3","24","88","Projeto FV"
"https://app.process.st/runs/lv1mh49ugRPjh1U8ES9K8Q","Renato Santos de Araujo 2 6067.2","","2021-07-19T19:17:36.802Z","2026-01-30T18:59:37.937Z","","","","Overdue","3","23","88","Projeto FV"
"https://app.process.st/runs/h-6uTU5DCVBbAr_mJnBMrg","Renato Santos de Araujo 1 6067.1","","2021-07-19T18:56:32.345Z","2026-01-30T18:57:00.354Z","","","","Overdue","3","23","88","Projeto FV"
"https://app.process.st/runs/szFgBvcoscdaJssHUqNBCw","Jodson Barbosa da Silva 6064-F","","2021-07-22T20:09:25.389Z","2026-01-30T18:45:30.869Z","","","","Overdue","2","20","88","Projeto FV"
"https://app.process.st/runs/t7Me2LOh3ZLjoTOCGfhDzw","Edmundo Goncalves de Aquino 6051-F","","2021-07-23T14:26:03.511Z","2026-01-30T18:02:57.178Z","","","","Overdue","2","21","88","Projeto FV"
"https://app.process.st/runs/hUP6I5x1YGua7neohHNKkA","Caio de Azevedo Massarelli / Caio Sargi 6020-F","pedro.pantaleao@gaussenergia.com.br group-aa595f0b-d840-4fcb-8407-a22a023e7e0d@process.st","2021-09-02T18:16:53.364Z","2026-01-30T16:35:57.179Z","","","","Overdue","1","19","88","Projeto FV"
"https://app.process.st/runs/lCxrSEh2YKgTha4nLdlGag","Thiago Costa Oliveira 6008-F","group-698ea497-ec60-4bde-b165-b8f9ccbb0cfe@process.st group-aa595f0b-d840-4fcb-8407-a22a023e7e0d@process.st","2021-07-09T19:55:57.225Z","2026-01-30T14:43:18.036Z","","","","OnTrack","0","13","88","Projeto FV"
"https://app.process.st/runs/uwFaWQICuSkJDQLmjHNCSQ","Alecia Sandra Santos / Fabio Lima 3094-F","raniel.garcia@gaussenergia.com.br","2020-02-27T19:49:52.891Z","2026-01-30T14:11:46.726Z","","","","Overdue","3","21","88","Projeto FV"
"https://app.process.st/runs/jf0Nyppa_-zc5sGpYxZDPw","Marconi Santos Quadros - 11309-F","pedro.pantaleao@gaussenergia.com.br group-698ea497-ec60-4bde-b165-b8f9ccbb0cfe@process.st","2024-04-24T18:16:28.501Z","2026-01-30T14:07:14.667Z","","","","Overdue","3","21","88","Projeto FV"
"https://app.process.st/runs/kWT4CDRYWPRIzERnNtdOww","Matheus da Silva Sampaio - 12291-F","pedro.pantaleao@gaussenergia.com.br group-698ea497-ec60-4bde-b165-b8f9ccbb0cfe@process.st","2024-11-28T21:27:31.412Z","2026-01-30T13:58:10.756Z","","","","Overdue","3","25","88","Projeto FV"
"https://app.process.st/runs/nnzuRIFdxRA_R26wO71Jaw","Leoncio de Almeida Filho - 12761-F","pedro.pantaleao@gaussenergia.com.br group-698ea497-ec60-4bde-b165-b8f9ccbb0cfe@process.st","2025-05-06T18:19:38.301Z","2026-01-30T13:47:40.864Z","","","","Overdue","3","28","88","Projeto FV"
"https://app.process.st/runs/t9x0dRPJytSHizu2hXlOFQ","Miguel Rufino Neto 2 - 11856-F","pedro.pantaleao@gaussenergia.com.br group-698ea497-ec60-4bde-b165-b8f9ccbb0cfe@process.st","2024-09-05T18:40:09.758Z","2026-01-30T13:27:57.590Z","","","","Overdue","3","25","88","Projeto FV"
"https://app.process.st/runs/psdIzBLVISNJOkkw5N5MJQ","Welder Santos de Jesus 5690-F","pedro.pantaleao@gaussenergia.com.br","2021-07-06T19:53:19.232Z","2026-01-30T13:24:01.553Z","","","","Overdue","3","19","88","Projeto FV"
"https://app.process.st/runs/gOBKe4jcOmr9RfHbaKtLQA","Miguel Rufino / Verdurão São Miguel 2299-F","raniel.garcia@gaussenergia.com.br group-698ea497-ec60-4bde-b165-b8f9ccbb0cfe@process.st","2019-06-12T16:44:49.976Z","2026-01-30T13:23:50.945Z","","","","Overdue","5","20","88","Projeto FV"
"https://app.process.st/runs/i5OXhxqAdE7ugxBydIhJvw","Angelika Huttner 3172-F","pedro.pantaleao@gaussenergia.com.br","2021-05-27T19:24:36.974Z","2026-01-30T13:10:10.178Z","","","","Overdue","3","29","88","Projeto FV"
"https://app.process.st/runs/sOD06KX0cXyZM10YfSFFbA","Maria da Conceicao Nunes Reboucas Moitinho / Lucas Reboucas  / Augusto Pericles - 5074-F","pedro.pantaleao@gaussenergia.com.br group-698ea497-ec60-4bde-b165-b8f9ccbb0cfe@process.st","2021-09-06T19:22:18.333Z","2026-01-30T13:00:52.212Z","","","","Overdue","3","25","88","Projeto FV"
"https://app.process.st/runs/nzp8KWL-JGEn7O4FVk5OUQ","Almeida Clinica Medica AUMENTO / Gabriel Almeida 3391-F","pedro.pantaleao@gaussenergia.com.br group-aa595f0b-d840-4fcb-8407-a22a023e7e0d@process.st","2023-03-27T19:02:52.061Z","2026-01-30T12:52:42.221Z","","","","Overdue","4","20","88","Projeto FV"
"https://app.process.st/runs/oQS2WWyggn1meyXBSeNIZA","Jandson Marques de Menezes ADEQUAÇAO / Sergipe 4970-F","gabriel@gaussenergia.com.br group-aa595f0b-d840-4fcb-8407-a22a023e7e0d@process.st","2026-01-29T18:21:16.883Z","2026-01-29T18:32:47.086Z","","","","OnTrack","0","2","88","Projeto FV"
"https://app.process.st/runs/ubrEWwjiFFsVQBhLaDtDgg","Anna Paula Dias Campos Sacramento 5682-F","","2021-07-09T19:41:38.252Z","2026-01-29T16:43:11.143Z","","","","Overdue","2","21","88","Projeto FV"
"https://app.process.st/runs/uyVoZSm4zOd6VWpN-JhCYg","Sandra Leticia da Silva Rodrigues / Rogerio de Almeida Farani 5679-F","pedro.pantaleao@gaussenergia.com.br group-698ea497-ec60-4bde-b165-b8f9ccbb0cfe@process.st group-aa595f0b-d840-4fcb-8407-a22a023e7e0d@process.st","2021-09-29T19:01:24.835Z","2026-01-28T19:57:33.200Z","","","","Overdue","4","21","88","Projeto FV"
"https://app.process.st/runs/kxy6kxcR1AAhYIdi29BKCw","Josue de Azevedo Rezende 1 5674.1-F","pedro.pantaleao@gaussenergia.com.br","2021-09-01T21:36:17.035Z","2026-01-28T19:37:15.408Z","","","","Overdue","2","24","88","Projeto FV"
"https://app.process.st/runs/sYON41rI5rG11knVIPdH8g","Andre Luiz Miranda Costa / Alcides dos Santos Barreto / Riovaldo - 7048-F","pedro.pantaleao@gaussenergia.com.br group-698ea497-ec60-4bde-b165-b8f9ccbb0cfe@process.st","2021-09-23T19:25:02.467Z","2026-01-28T19:11:55.532Z","","","","Overdue","3","24","88","Projeto FV"
"https://app.process.st/runs/lSyXrcQa2NmWRngau4xHAA","Mateus Campos Barreto / Comercio de Moveis Barreto / Sizenando 5672-F","pedro.pantaleao@gaussenergia.com.br group-698ea497-ec60-4bde-b165-b8f9ccbb0cfe@process.st","2021-07-22T19:40:46.873Z","2026-01-28T18:58:47.523Z","","","","Overdue","3","30","88","Projeto FV"
"https://app.process.st/runs/v1aBfmUGaxzBA80w-6lMww","Teobaldo Miranda de Sousa / Comercial de Alimentos Frichel AUMENTO - 2065-F","pedro.pantaleao@gaussenergia.com.br","2024-12-16T14:45:38.807Z","2026-01-28T18:50:16.927Z","","","","Overdue","3","24","88","Projeto FV"
"https://app.process.st/runs/h9WXTuTm5tJFf996DClErQ","Assoc Bras Ig J C S ultimos dias 1 / Igreja de Jesus Cristo dos Santos dos últimos dias (Esplanada) 5659-F","","2021-08-05T14:30:08.398Z","2026-01-28T18:45:05.209Z","","","","Overdue","3","24","88","Projeto FV"
"https://app.process.st/runs/n1i6QB0iNo7fO1iYDrtHTg","Jose Ramos dos Santos 5626-F","","2021-08-05T13:06:08.374Z","2026-01-28T17:48:41.222Z","","","","Overdue","2","23","88","Projeto FV"
"https://app.process.st/runs/ovgSVxC--5kqzTvgkztIgg","Genilson Costa Lacerda / Vania Borges 5616-F","pedro.pantaleao@gaussenergia.com.br group-698ea497-ec60-4bde-b165-b8f9ccbb0cfe@process.st","2021-06-22T21:12:50.724Z","2026-01-28T17:19:52.091Z","","","","Overdue","2","22","88","Projeto FV"
"https://app.process.st/runs/v7h7q4xQLFvo2yEHxrFE3g","Valmir Ferreira Mascarenhas Neto / Mariana Araujo 5605-F","pedro.pantaleao@gaussenergia.com.br group-698ea497-ec60-4bde-b165-b8f9ccbb0cfe@process.st","2021-06-14T18:53:40.860Z","2026-01-28T16:55:39.422Z","","","","Overdue","2","21","88","Projeto FV"
"https://app.process.st/runs/jzEjV_xk8nOT-WGBR9pMxA","Rosman Jose Vale Lima 5571-F","group-698ea497-ec60-4bde-b165-b8f9ccbb0cfe@process.st","2021-07-14T20:22:23.588Z","2026-01-28T15:02:42.617Z","","","","Overdue","4","24","88","Projeto FV"
"https://app.process.st/runs/rajhL0roPvoMfHnNaedAyA","Maria Cristina Dantas de Carvalho 5530-F","pedro.pantaleao@gaussenergia.com.br group-aa595f0b-d840-4fcb-8407-a22a023e7e0d@process.st","2021-06-02T19:12:18.152Z","2026-01-28T14:43:31.692Z","","","","Overdue","4","17","88","Projeto FV"
"https://app.process.st/runs/jfiNFOu_UIsWpTEkBjxGfg","Adelso das Merces Silva 5217-F","pedro.pantaleao@gaussenergia.com.br","2021-05-28T19:47:46.930Z","2026-01-28T14:16:29.504Z","","","","Overdue","3","24","88","Projeto FV"
"https://app.process.st/runs/gbqgQvEx4zkZZwR50H1A1w","Nirley Mendes da Rocha 5216-F","pedro.pantaleao@gaussenergia.com.br","2021-05-20T19:12:19.084Z","2026-01-28T14:09:54.852Z","","","","Overdue","2","22","88","Projeto FV"
"https://app.process.st/runs/iT97rERdlbzX1drhC5NPig","Vem Aviation Taxi Aereo / Joao Ferraz 5203-F","pedro.pantaleao@gaussenergia.com.br group-698ea497-ec60-4bde-b165-b8f9ccbb0cfe@process.st group-aa595f0b-d840-4fcb-8407-a22a023e7e0d@process.st","2021-07-23T21:20:57.921Z","2026-01-28T13:45:49.891Z","","","","OnTrack","0","14","88","Projeto FV"
"https://app.process.st/runs/jK0fgIa8nDNWhlGNg0FHPw","Eurisdene Regina Braga / Jakson Cometa - 7538- F","pedro.pantaleao@gaussenergia.com.br","2021-12-09T19:24:35.610Z","2026-01-28T11:41:23.508Z","","","","Overdue","3","30","88","Projeto FV"
"https://app.process.st/runs/nFjgMD-h94Klv9_PGcZKSA","Maria Telma de Sousa Sanvastiano 5149-F","pedro.pantaleao@gaussenergia.com.br","2021-05-05T17:38:54.709Z","2026-01-27T17:48:06.923Z","","","","Overdue","2","22","88","Projeto FV"
"https://app.process.st/runs/urA3weX1yRuhJA9fPvxLFw","Luciano Alves Rocha AUMENTO NAO HOMOLOGADO - 1721-F","pedro.pantaleao@gaussenergia.com.br group-aa595f0b-d840-4fcb-8407-a22a023e7e0d@process.st","2024-01-19T12:32:02.560Z","2026-01-27T17:45:16.574Z","","","","OnTrack","0","2","88","Projeto FV"
"https://app.process.st/runs/qO4wSmXFBo5Yh-ZvsdVGNg","Luciano Alves 1721-F","pedro.pantaleao@gaussenergia.com.br group-698ea497-ec60-4bde-b165-b8f9ccbb0cfe@process.st","2019-02-07T17:44:25.963Z","2026-01-27T17:45:14.015Z","","","","Overdue","5","17","88","Projeto FV"
"https://app.process.st/runs/lno8NryzdN-2AukSQz9P5w","Mario Augusto Mendes da Costa 5148-F","pedro.pantaleao@gaussenergia.com.br","2021-06-25T17:31:12.572Z","2026-01-27T17:32:39.002Z","","","","Overdue","3","31","88","Projeto FV"
"https://app.process.st/runs/r4htrAbz3xuKTbza8D9Kdg","Diego Portugal de Almeida / Tarsila Ribeiro 5115-F","pedro.pantaleao@gaussenergia.com.br","2021-06-28T19:38:15.844Z","2026-01-27T15:09:01.782Z","","","","Overdue","2","31","88","Projeto FV"
"https://app.process.st/runs/vG4yAsDvhFePBXX0nRZP6Q","Luiz Carlos Pesqueira Cunha / Fabio Lucio Santana de Araujo 5098-F","pedro.pantaleao@gaussenergia.com.br","2021-04-24T14:52:30.660Z","2026-01-27T14:49:34.857Z","","","","Overdue","3","22","88","Projeto FV"
"https://app.process.st/runs/sjQ518j888EDx2WFrtNJgw","Ediney Sirqueira dos Santos 5097-F","pedro.pantaleao@gaussenergia.com.br group-aa595f0b-d840-4fcb-8407-a22a023e7e0d@process.st","2021-04-24T13:04:32.345Z","2026-01-27T14:44:31.632Z","","","","Overdue","1","18","88","Projeto FV"
"https://app.process.st/runs/og4laBHk4d1QYVYBmg5HOA","Eduardo Mazzaroppi Barao Pereira - Casa 7 5081-F","pedro.pantaleao@gaussenergia.com.br","2021-04-20T20:32:05.859Z","2026-01-27T13:46:03.330Z","","","","Overdue","2","19","88","Projeto FV"
"https://app.process.st/runs/vD6yjxQ8Albvk2yyWxFBkQ","Aldo dos Santos Rocha - AUMENTO 5079","pedro.pantaleao@gaussenergia.com.br","2022-04-14T14:17:58.105Z","2026-01-26T19:33:15.875Z","","","","Overdue","3","23","88","Projeto FV"
"https://app.process.st/runs/pm2r1D9P7dSRQQ-JNs1Jsw","Aldo dos Santos Rocha 5079-F","pedro.pantaleao@gaussenergia.com.br group-698ea497-ec60-4bde-b165-b8f9ccbb0cfe@process.st","2022-01-12T18:02:19.090Z","2026-01-26T19:33:09.800Z","","","","Overdue","3","21","88","Projeto FV"
"https://app.process.st/runs/nIjiQXz6i6fG_o2Kik1ILA","Sebastiao Cesar dos Santos 5060-F","group-698ea497-ec60-4bde-b165-b8f9ccbb0cfe@process.st","2021-06-18T17:28:54.679Z","2026-01-26T19:21:22.240Z","","","","Overdue","3","23","88","Projeto FV"
"https://app.process.st/runs/j9avLoxXcKj8HdHlt51N-g","Fransielly Franca Queiroz 5049-F","pedro.pantaleao@gaussenergia.com.br","2021-04-23T19:56:28.235Z","2026-01-26T18:50:41.787Z","","","","Overdue","3","22","88","Projeto FV"
"https://app.process.st/runs/tpB3vAuBtfum45VZSB1MCQ","Jose Silvestre Subrinho / Irmão Ná / Comercial de Ração Silvestre 5024-F","pedro.pantaleao@gaussenergia.com.br group-698ea497-ec60-4bde-b165-b8f9ccbb0cfe@process.st group-aa595f0b-d840-4fcb-8407-a22a023e7e0d@process.st","2021-04-27T20:48:26.182Z","2026-01-26T18:03:56.092Z","","","","Overdue","1","27","88","Projeto FV"
"https://app.process.st/runs/p5qTZGZTcPJZ4AWhWG5MYA","Jandson Marques de Menezes / Sergipe 4970-F","pedro.pantaleao@gaussenergia.com.br","2021-10-26T14:56:12.928Z","2026-01-26T16:54:28.316Z","","","","Overdue","3","21","88","Projeto FV"
"https://app.process.st/runs/qopO16lUoz9QYSBmf5hMLQ","Maria Macela Reis de Oliveira / DJ Alagoinhas 4961-F","pedro.pantaleao@gaussenergia.com.br","2021-04-06T21:01:11.593Z","2026-01-26T16:42:05.876Z","","","","Overdue","3","20","88","Projeto FV"
"https://app.process.st/runs/oah4NlDfz-D_X0iPu5RNxQ","Marilda Fernandes Moraes / Welder 4651-F","pedro.pantaleao@gaussenergia.com.br","2021-09-27T18:38:16.528Z","2026-01-26T14:31:22.496Z","","","","Overdue","2","20","88","Projeto FV"
"https://app.process.st/runs/h3xoDU_CDm8AX2X-ZOlA7w","Otilia Forte 3653-F","pedro.pantaleao@gaussenergia.com.br","2019-12-16T20:33:36.089Z","2026-01-26T14:05:24.012Z","","","","Overdue","3","22","88","Projeto FV"
"https://app.process.st/runs/iGhk1oR3k5VkYOf9HOdC0A","Humberto Nunes Dourado 3 / Fazenda Baixa da Pedra - 13680.3-F","pedro.pantaleao@gaussenergia.com.br group-aa595f0b-d840-4fcb-8407-a22a023e7e0d@process.st","2025-07-29T13:50:12.668Z","2026-01-26T11:59:03.532Z","","","","OnTrack","0","12","88","Projeto FV"
"https://app.process.st/runs/r2b5AHY8rWszRoea8SxEaQ","Arthur Vinicius Santos Soares da Silva - 14761-F","pedro.pantaleao@gaussenergia.com.br group-698ea497-ec60-4bde-b165-b8f9ccbb0cfe@process.st group-aa595f0b-d840-4fcb-8407-a22a023e7e0d@process.st","2026-01-15T18:54:54.705Z","2026-01-26T11:58:35.405Z","","","","OnTrack","0","14","88","Projeto FV"
"https://app.process.st/runs/jbtsG-Fldpfoghdp7ypIBQ","Vinicius Maia Barreto de Oliveira AUMENTO - 12772-F","pedro.pantaleao@gaussenergia.com.br group-aa595f0b-d840-4fcb-8407-a22a023e7e0d@process.st","2025-06-04T13:47:53.607Z","2026-01-26T11:53:03.333Z","","","","OnTrack","0","13","88","Projeto FV"
"https://app.process.st/runs/gh8hwJa5qePVEanBOglN3Q","Alessandro Fernandes dos Santos 2963-F","group-698ea497-ec60-4bde-b165-b8f9ccbb0cfe@process.st","2020-01-07T16:29:33.059Z","2026-01-23T20:06:51.710Z","","","","Overdue","5","21","88","Projeto FV"
"https://app.process.st/runs/pO5mKml3uFpNx6vAHnVOWA","Irinaldo Saraiva dos Santos 2930-F","","2019-12-06T21:41:07.708Z","2026-01-23T20:05:25.736Z","","","","Overdue","5","21","88","Projeto FV"
"https://app.process.st/runs/kOwNyeO10GhYVMMt6upGaQ","Abrigo do Salvador - ETAPA 1 2507-F","gabriel@gaussenergia.com.br","2020-02-19T23:21:54.570Z","2026-01-23T19:55:19.886Z","","","","Overdue","2","28","88","Projeto FV"
"https://app.process.st/runs/hMyRTjmWcLwkkhgOaT9BRw","Arquimedes 1899.2-F","raniel.garcia@gaussenergia.com.br","2019-05-30T12:31:32.805Z","2026-01-23T19:51:05.833Z","","","","Overdue","4","20","88","Projeto FV"
"https://app.process.st/runs/qxXDlHXQ_Q4aRIZyZhtGRg","Arquimedes 1899.1-F","raniel.garcia@gaussenergia.com.br","2019-05-29T15:20:27.702Z","2026-01-23T19:50:53.258Z","","","","Overdue","4","18","88","Projeto FV"
"https://app.process.st/runs/kUyVJN2ovfIAW4CaF6tP5g","Helenilton Gomes 2 (Canadian) 1509.2-F","","2020-04-14T18:35:45.335Z","2026-01-23T19:36:21.859Z","","","","Overdue","3","17","88","Projeto FV"
"https://app.process.st/runs/i0UWlY6FcgCl4WDSzu1GEw","Helenilton Gomes 1509-F","raniel.garcia@gaussenergia.com.br","2019-07-08T20:17:46.345Z","2026-01-23T19:36:08.114Z","","","","Overdue","5","19","88","Projeto FV"
"https://app.process.st/runs/oJImJH0j7u3_ES0e4o5M2w","Helson Lima de Meira 1587.2-F","pedro.pantaleao@gaussenergia.com.br","2020-08-07T17:32:27.372Z","2026-01-23T19:35:36.090Z","","","","OnTrack","0","21","88","Projeto FV"
"https://app.process.st/runs/p12Ylto8F5FqA9GldnBP4A","Helson Lima de Meira 1587-F","pedro.pantaleao@gaussenergia.com.br","2020-01-29T18:50:42.662Z","2026-01-23T19:35:23.587Z","","","","Overdue","1","23","88","Projeto FV"
"https://app.process.st/runs/vbXlThCfuqyjpe6RtG9Pdg","Posto Contorno 1656-F","pedro.pantaleao@gaussenergia.com.br","2019-01-09T19:03:53.284Z","2026-01-23T19:34:51.128Z","","","","Overdue","4","16","88","Projeto FV"
"https://app.process.st/runs/oKDK0UDAf_o08BP3GMtGqA","A Gomes da Silva - Realocação do sistema 1487.2","pedro.pantaleao@gaussenergia.com.br group-698ea497-ec60-4bde-b165-b8f9ccbb0cfe@process.st","2021-03-03T18:34:32.356Z","2026-01-23T19:26:45.134Z","","","","Overdue","3","20","88","Projeto FV"
"https://app.process.st/runs/pPj3kuBNy65-_JJYSGRJyg","Colégio Paraiso 2 - Valeria Vaz Almeida - KIDS 1494.2","","2019-07-01T20:47:06.724Z","2026-01-23T19:26:04.228Z","","","","Overdue","5","22","88","Projeto FV"
"https://app.process.st/runs/slj9BTAyFNCHQZKOXTZDEA","Colégio Paraiso 1 - Valéria Vaz Almeida 1494","","2019-04-04T18:10:43.796Z","2026-01-23T19:25:52.811Z","2019-05-05T22:17:00.000Z","","","Overdue","5","22","88","Projeto FV"
"https://app.process.st/runs/nz0ZuF0GBExVcEovklFFzQ","Alef da Silva Amorim -> Raul Fernando da rocha Teixeira  10497-F","pedro.pantaleao@gaussenergia.com.br","2024-05-13T14:10:18.147Z","2026-01-23T18:34:39.307Z","","","","Overdue","3","28","88","Projeto FV"
"https://app.process.st/runs/hloL0p8cY6d2rWZ8uupKsg","Jose Ricardo Pataro Botelho de Queiroz ->  Gabriela Santos Campos Guimarães 8314-F","pedro.pantaleao@gaussenergia.com.br","2022-10-28T14:39:56.840Z","2026-01-23T18:33:36.419Z","","","","Overdue","3","23","88","Projeto FV"
"https://app.process.st/runs/uqcskBX4AJNzb4klKGNImw","Eduardo Rodrigues Chaves -> Valpadana Produtos Lácteos LTDA 11963-F","pedro.pantaleao@gaussenergia.com.br group-698ea497-ec60-4bde-b165-b8f9ccbb0cfe@process.st","2024-11-06T18:47:46.957Z","2026-01-23T18:20:05.073Z","","","","Overdue","3","21","88","Projeto FV"
"https://app.process.st/runs/nwtIEA1dms-r1rNO-W5FLg","Humberto Nunes Dourado 2 / Fazenda do Bendego - 13680.2-F","pedro.pantaleao@gaussenergia.com.br group-aa595f0b-d840-4fcb-8407-a22a023e7e0d@process.st","2025-07-29T13:00:14.900Z","2026-01-23T16:54:32.577Z","","","","OnTrack","0","12","88","Projeto FV"
"https://app.process.st/runs/oN_-m1ccxG4pIzpLUHlFGw","Fernanda Padilha Leal - 11080-F","pedro.pantaleao@gaussenergia.com.br","2025-05-20T18:58:37.543Z","2026-01-23T14:30:20.850Z","","","","Overdue","2","20","88","Projeto FV"
"https://app.process.st/runs/gU6pAN3lMQ3VcjB3QAVCsw","Mercado Canaa - Andre Silas 1450.2","pedro.pantaleao@gaussenergia.com.br","2019-05-03T18:31:07.043Z","2026-01-23T12:24:12.195Z","","","","Overdue","5","16","88","Projeto FV"
"https://app.process.st/runs/oJrpv6-crApWgEV1s5VCjg","Supermercado Rocha 2 1376.2","pedro.pantaleao@gaussenergia.com.br","2019-04-03T20:45:00.231Z","2026-01-22T19:27:07.046Z","","","","Overdue","4","15","88","Projeto FV"
"https://app.process.st/runs/kCSzQBN4fI3FOnZmFWtERg","Supermercado Rocha 1 1376.1","pedro.pantaleao@gaussenergia.com.br","2019-02-12T14:34:13.663Z","2026-01-22T19:26:50.082Z","","","","Overdue","4","17","88","Projeto FV"
"https://app.process.st/runs/im3YZhbX1GKooRgSK3FDAg","Aliomar Borges Teixeira / Deborah Alves - 5056-F","pedro.pantaleao@gaussenergia.com.br group-698ea497-ec60-4bde-b165-b8f9ccbb0cfe@process.st","2021-08-31T21:10:09.451Z","2026-01-22T18:45:15.187Z","","","","Overdue","3","27","88","Projeto FV"
"https://app.process.st/runs/tcyROcMUp9uhTlnvNNFG6g","Hotel Aquarena - Rev A 470.1-F","gabriel@gaussenergia.com.br group-aa595f0b-d840-4fcb-8407-a22a023e7e0d@process.st","2019-10-22T21:11:51.727Z","2026-01-22T17:23:29.312Z","","","","Overdue","5","18","88","Projeto FV"
"https://app.process.st/runs/kaD_PQKAa6M9pUZodTJLDw","Adeilson Bastos da Silva AUMENTO 2 - 4114-F","pedro.pantaleao@gaussenergia.com.br group-aa595f0b-d840-4fcb-8407-a22a023e7e0d@process.st","2024-09-19T16:59:49.489Z","2026-01-22T11:56:38.006Z","","","","Overdue","1","7","88","Projeto FV"
"https://app.process.st/runs/kWDPo_oXY-0b3C9xkHhIsQ","Liolino Batista Barreto - 10944-F","pedro.pantaleao@gaussenergia.com.br","2024-04-11T12:30:54.373Z","2026-01-21T18:01:24.153Z","","","","Overdue","3","21","88","Projeto FV"
"https://app.process.st/runs/gmq_WZbQREZWqjy1kFBGIA","Patricia Maria de Souza - 11822-F","pedro.pantaleao@gaussenergia.com.br","2024-09-20T19:02:26.167Z","2026-01-21T17:53:18.494Z","","","","Overdue","3","28","88","Projeto FV"
"https://app.process.st/runs/uwL1H2B6veR9asnulZ1E-Q","Izabela Naisa Martins Santana da Silva 9913-F","pedro.pantaleao@gaussenergia.com.br","2023-11-06T13:09:01.803Z","2026-01-21T17:51:20.479Z","","","","Overdue","3","21","88","Projeto FV"
"https://app.process.st/runs/rqw2YDv8wSwlCzQ-izxFIg","Jandira Maria da Silva Anjos 4595-F","pedro.pantaleao@gaussenergia.com.br group-698ea497-ec60-4bde-b165-b8f9ccbb0cfe@process.st","2021-03-16T18:45:26.231Z","2026-01-20T14:15:51.091Z","","","","Overdue","3","23","88","Projeto FV"
"https://app.process.st/runs/sqExrJOz0O5l6uI-9Y5K4w","Maria Cristina Tude Mendes / Tania Cristina 4555-F","pedro.pantaleao@gaussenergia.com.br group-698ea497-ec60-4bde-b165-b8f9ccbb0cfe@process.st group-aa595f0b-d840-4fcb-8407-a22a023e7e0d@process.st","2021-03-09T20:20:51.928Z","2026-01-19T19:27:30.600Z","","","","OnTrack","0","15","88","Projeto FV"
"https://app.process.st/runs/tgCcHfJvpnQXerImgrRFsw","Luiz Victor Cerqueira Granjo 4550-F","pedro.pantaleao@gaussenergia.com.br","2021-03-24T14:46:44.578Z","2026-01-19T19:21:51.225Z","","","","Overdue","2","25","88","Projeto FV"
"https://app.process.st/runs/irNF6GfeN2sVss1k7pJIjQ","Enoram Serviços e Comercio / Marivaldo Oliveira / Marcos Cerqueiro de Oliveira 4526-F","pedro.pantaleao@gaussenergia.com.br group-698ea497-ec60-4bde-b165-b8f9ccbb0cfe@process.st group-aa595f0b-d840-4fcb-8407-a22a023e7e0d@process.st","2021-07-12T19:23:41.501Z","2026-01-19T18:32:42.934Z","","","","OnTrack","0","15","88","Projeto FV"
"https://app.process.st/runs/iucAfg1VDLRuOxhZcOVGkw","Farmag Farmacia Magistral de Feira / Ales Virgens / Grupo Velanes 4517-F","pedro.pantaleao@gaussenergia.com.br group-698ea497-ec60-4bde-b165-b8f9ccbb0cfe@process.st","2021-07-03T14:53:10.664Z","2026-01-19T18:21:33.073Z","","","","Overdue","3","23","88","Projeto FV"
"https://app.process.st/runs/nbKq680ZMWSZLy21i4pKmQ","Edinamaria Barreto de Souza/ Robson Mercado Mundinho 4506-F","pedro.pantaleao@gaussenergia.com.br","2021-02-23T19:58:02.634Z","2026-01-19T18:08:32.169Z","","","","Overdue","2","21","88","Projeto FV"
"https://app.process.st/runs/tIsEZwDcBT2Qz3Zmp0tNqQ","Thiago de Melo Filho 4491-F","pedro.pantaleao@gaussenergia.com.br group-698ea497-ec60-4bde-b165-b8f9ccbb0cfe@process.st group-aa595f0b-d840-4fcb-8407-a22a023e7e0d@process.st","2021-02-17T19:55:22.629Z","2026-01-19T17:51:22.944Z","","","","Overdue","1","16","88","Projeto FV"
"https://app.process.st/runs/oEYX1ecf8o5ucTKARBVH9w","Vinicius Patricio Lacerda 4476-F","pedro.pantaleao@gaussenergia.com.br","2021-02-23T20:13:50.537Z","2026-01-19T16:57:22.288Z","","","","Overdue","3","22","88","Projeto FV"
"https://app.process.st/runs/nVhA0D9oms-lJXza8SVNTw","Lidian Fontes Barreto - 12621-F","pedro.pantaleao@gaussenergia.com.br","2025-01-23T19:18:10.053Z","2026-01-19T14:27:45.924Z","","","","Overdue","3","20","88","Projeto FV"
"https://app.process.st/runs/pRdvmPTc_ga0fxjQ4SNBUQ","Maria Augusta Gomes da Rocha Cruz / Valdemir 4466-F","pedro.pantaleao@gaussenergia.com.br","2021-02-18T20:40:16.193Z","2026-01-19T14:00:07.541Z","","","","Overdue","3","23","88","Projeto FV"
"https://app.process.st/runs/nZK7iHUR7f5GO4CK4u5G0g","Marcos de Oliveira Lima 2551-F","raniel.garcia@gaussenergia.com.br","2019-08-05T16:04:39.522Z","2026-01-19T13:21:38.119Z","","","","Overdue","5","20","88","Projeto FV"
"https://app.process.st/runs/ueJVtPfP8GBve1Vn9OdKfw","Gumercindo Souza de Araujo 2 / Lapao 75 kW-> GCP ENERGIA RENOVAVEL SPE LTDA 2811.2-F","pedro.pantaleao@gaussenergia.com.br","2022-11-30T17:27:43.193Z","2026-01-16T19:55:07.448Z","","","","Overdue","3","25","88","Projeto FV"
"https://app.process.st/runs/nFSiAmG3ZokddJde-yRG1w","Gumercindo Souza de Araujo 1 / Joao Dourado -> GCP ENERGIA RENOVAVEL SPE LTDA 2811.1-F","pedro.pantaleao@gaussenergia.com.br","2022-11-22T19:38:04.651Z","2026-01-16T19:41:44.893Z","","","","Overdue","3","21","88","Projeto FV"
"https://app.process.st/runs/vW2UZqOeYlW8CW2ADzpNSg","Renato Brito Junior 4451-F","pedro.pantaleao@gaussenergia.com.br","2021-10-28T17:03:01.507Z","2026-01-16T19:35:43.068Z","","","","Overdue","2","21","88","Projeto FV"
"https://app.process.st/runs/rz0tDPZm0Ebw3W9lGzxELQ","Adriano Oliveira dos Santos / Ludmila 4448-F","pedro.pantaleao@gaussenergia.com.br group-698ea497-ec60-4bde-b165-b8f9ccbb0cfe@process.st","2021-02-25T19:28:00.180Z","2026-01-16T19:31:11.126Z","","","","Overdue","3","23","88","Projeto FV"
"https://app.process.st/runs/gd0EYie0YVgQIN_lPTZLLA","Jose Floresta Guedes Junior 4436-F","pedro.pantaleao@gaussenergia.com.br group-698ea497-ec60-4bde-b165-b8f9ccbb0cfe@process.st","2021-04-08T17:50:26.619Z","2026-01-16T19:16:16.003Z","","","","Overdue","3","28","88","Projeto FV"
"https://app.process.st/runs/hqscEqaDtRdaC9fUw2xBcQ","Vitor Jose Paradas Albuquerque 4424-F","pedro.pantaleao@gaussenergia.com.br","2021-03-02T13:12:28.473Z","2026-01-16T18:38:42.268Z","","","","Overdue","3","21","88","Projeto FV"
"https://app.process.st/runs/rYm_OGZqIAdU25VRdl1Eig","Reginaldo Moura / Valdineide 1864-F","pedro.pantaleao@gaussenergia.com.br group-698ea497-ec60-4bde-b165-b8f9ccbb0cfe@process.st","2020-02-20T13:07:12.346Z","2026-01-16T18:19:37.582Z","","","","Overdue","5","20","88","Projeto FV"
"https://app.process.st/runs/s5aow5LG8cLqmefHVmFPlA","Ariovaldo Alves Boaventura - 13217-F","pedro.pantaleao@gaussenergia.com.br","2025-05-07T18:34:11.012Z","2026-01-16T16:49:09.457Z","","","","Overdue","3","21","88","Projeto FV"
"https://app.process.st/runs/hvGWZJwlhfsteOltEOdPYA","Antonio Marcos Valverde Cardoso / Haroldo Fontoura 4337-F","pedro.pantaleao@gaussenergia.com.br group-aa595f0b-d840-4fcb-8407-a22a023e7e0d@process.st","2021-04-28T20:27:22.248Z","2026-01-16T14:51:34.499Z","","","","OnTrack","0","20","88","Projeto FV"
"https://app.process.st/runs/j35SGM_hQ9IcVKJNORVBfg","Jurandir Ferreira Nobre / Vanderlina - 8530-F","pedro.pantaleao@gaussenergia.com.br group-698ea497-ec60-4bde-b165-b8f9ccbb0cfe@process.st","2022-07-13T14:08:29.146Z","2026-01-16T14:50:09.917Z","","","","Overdue","2","22","88","Projeto FV"
"https://app.process.st/runs/qroMBi3-1gz2ZRdjcu9EMA","Danilo Dourado Bezerra - 13175-F","pedro.pantaleao@gaussenergia.com.br group-aa595f0b-d840-4fcb-8407-a22a023e7e0d@process.st","2025-10-21T12:31:15.742Z","2026-01-16T14:27:51.088Z","","","","Overdue","5","18","88","Projeto FV"
"https://app.process.st/runs/i80cCORYkkrJ9ljdTjpHfg","Amilton Marques dos Santos 7746-F","pedro.pantaleao@gaussenergia.com.br","2022-03-14T18:57:07.059Z","2026-01-16T14:16:50.178Z","","","","Overdue","3","27","88","Projeto FV"
"https://app.process.st/runs/sFODXHfX8uht29AhrjhD4g","Rogerio Lima Leite 4321-F","pedro.pantaleao@gaussenergia.com.br","2021-01-22T14:45:02.666Z","2026-01-16T14:14:26.528Z","","","","Overdue","3","22","88","Projeto FV"
"https://app.process.st/runs/pX9ui4jJ8nW4OdmMCFNIyg","Maria da Silva Costa / Murilo Lessa 4311-F","pedro.pantaleao@gaussenergia.com.br","2021-02-02T20:05:31.509Z","2026-01-15T19:46:30.539Z","","","","Overdue","2","25","88","Projeto FV"
"https://app.process.st/runs/gilyhYS0FRwC_nlMjrxCHQ","Katia Cilene Muniz Costa 4276-F","pedro.pantaleao@gaussenergia.com.br group-aa595f0b-d840-4fcb-8407-a22a023e7e0d@process.st","2022-04-04T14:50:39.899Z","2026-01-15T18:52:46.026Z","","","","OnTrack","0","12","88","Projeto FV"
"https://app.process.st/runs/jdExBFi4HHs2E2k6bNJPeg","Rosane Nascimento Amorim 4272-F","pedro.pantaleao@gaussenergia.com.br group-698ea497-ec60-4bde-b165-b8f9ccbb0cfe@process.st","2021-01-28T16:51:22.892Z","2026-01-15T18:40:14.474Z","","","","Overdue","1","22","88","Projeto FV"
"https://app.process.st/runs/hLmgHV36N_D_Fled7yBL7A","Valmir Lacerda Lemos 4253-F","pedro.pantaleao@gaussenergia.com.br","2021-01-06T18:27:54.892Z","2026-01-15T17:56:17.323Z","","","","Overdue","2","22","88","Projeto FV"
"https://app.process.st/runs/g7G8PJ45YGK-SvQRx19HgQ","Jean Gilberto de Sousa Santana 4248-F","pedro.pantaleao@gaussenergia.com.br group-698ea497-ec60-4bde-b165-b8f9ccbb0cfe@process.st","2021-01-22T13:24:58.862Z","2026-01-15T17:50:17.192Z","","","","Overdue","3","22","88","Projeto FV"
"https://app.process.st/runs/tsh_Ofa8FTeoghgkInBL8A","Tatiana dos Santos Cidreira 4223-F","pedro.pantaleao@gaussenergia.com.br","2021-03-09T20:48:56.214Z","2026-01-15T17:13:12.108Z","","","","Overdue","2","22","88","Projeto FV"
"https://app.process.st/runs/kTmGWWRtKzuy0V4rWx5DJw","Cris Iasmin Miranda Martins 4221-F","pedro.pantaleao@gaussenergia.com.br","2021-01-18T20:00:53.765Z","2026-01-15T16:55:26.078Z","","","","Overdue","1","21","88","Projeto FV"
"https://app.process.st/runs/lpP3XoTo_ruaiawz9ABNJA","Incolat Industria e Comercio de Lactínios / Quy Sorwetto Recife ADEQUAÇAO - 4220-F","pedro.pantaleao@gaussenergia.com.br","2025-08-28T17:56:09.145Z","2026-01-15T16:45:43.192Z","","","","Overdue","2","19","88","Projeto FV"
"https://app.process.st/runs/klVjXA0v4So1tN3LIhBKeQ","Guebor Comercio 4219-F","pedro.pantaleao@gaussenergia.com.br group-698ea497-ec60-4bde-b165-b8f9ccbb0cfe@process.st","2021-06-23T17:29:27.853Z","2026-01-15T16:41:39.394Z","","","","Overdue","2","29","88","Projeto FV"
"https://app.process.st/runs/j8QSIVEqZv4eO7UDJH5F9Q","Jeanne Costa Brasileiro 4216-F","pedro.pantaleao@gaussenergia.com.br","2020-12-21T14:47:43.201Z","2026-01-15T16:31:31.642Z","","","","Overdue","3","22","88","Projeto FV"
"https://app.process.st/runs/kP9zsrysQ_g8jkrwQjBD1A","Costa Mendonça Derivados de Petroleo/ PetroMetal 4 / Fazenda 4177-F","pedro.pantaleao@gaussenergia.com.br group-698ea497-ec60-4bde-b165-b8f9ccbb0cfe@process.st","2020-11-30T17:29:44.897Z","2026-01-15T14:37:06.063Z","","","","Overdue","3","21","88","Projeto FV"
"https://app.process.st/runs/qZUZOwHCXxPW1FOtP9dCUw","Kassio Kamilo Alencar 4174-F","pedro.pantaleao@gaussenergia.com.br","2020-12-01T18:34:17.253Z","2026-01-14T19:56:26.895Z","","","","Overdue","1","22","88","Projeto FV"
"https://app.process.st/runs/sVzqwJ6Miz-ukK4LKjZFcg","Lazaro Gilvan Rodrigues da Silva 4152-F","pedro.pantaleao@gaussenergia.com.br","2021-09-02T20:12:00.398Z","2026-01-14T19:47:01.414Z","","","","Overdue","2","19","88","Projeto FV"
"https://app.process.st/runs/j5-mCwG3XmWa7UQRs3hNZQ","Joao Carlos Alves Rios 4137-F","pedro.pantaleao@gaussenergia.com.br","2021-02-23T18:56:05.167Z","2026-01-14T19:20:32.260Z","","","","Overdue","2","20","88","Projeto FV"
"https://app.process.st/runs/s1OEn_OXO_repyryrrtJCA","Margarida Maria de Vasconcelos Oliveira Santana - Cleber Costa 4129-F","pedro.pantaleao@gaussenergia.com.br group-698ea497-ec60-4bde-b165-b8f9ccbb0cfe@process.st","2020-12-22T14:03:11.050Z","2026-01-14T18:11:52.161Z","","","","Overdue","2","24","88","Projeto FV"
"https://app.process.st/runs/msHBYcWTIKvkgklynPlILw","Gildário Novaes / Alcione do Carmo -> Gildario Martins Novaes 2524-F","raniel.garcia@gaussenergia.com.br","2019-08-22T13:37:08.069Z","2026-01-14T14:06:02.437Z","","","","Overdue","5","20","88","Projeto FV"
"https://app.process.st/runs/pcf-TL4GcQQX45YugTFA7A","Lucas Paulo Cotrim 4077-F","pedro.pantaleao@gaussenergia.com.br","2020-11-13T20:32:02.416Z","2026-01-14T13:57:05.860Z","","","","Overdue","2","20","88","Projeto FV"
"https://app.process.st/runs/mZQmHeAq4dhpm5W_yTRLRQ","Fernanda Fiuza Carneiro 4073-F","pedro.pantaleao@gaussenergia.com.br group-aa595f0b-d840-4fcb-8407-a22a023e7e0d@process.st","2020-11-26T19:22:52.763Z","2026-01-14T13:51:52.173Z","","","","Overdue","4","26","88","Projeto FV"
"https://app.process.st/runs/uODr_JkxfYsi9BP3zq1K-g","Marcio Fernando Ribeiro da Silva 4070-F","pedro.pantaleao@gaussenergia.com.br","2020-11-12T20:21:34.467Z","2026-01-14T13:43:43.933Z","","","","Overdue","3","21","88","Projeto FV"
"https://app.process.st/runs/jFPbGlRXYxQuXZsFHMlJlg","Marcos de Oliveira Santana 2119-F","pedro.pantaleao@gaussenergia.com.br","2021-02-05T19:23:49.938Z","2026-01-14T11:42:19.862Z","","","","Overdue","2","21","88","Projeto FV"
"https://app.process.st/runs/ta46g76e8HhSBqatWphO9A","Antonio Lomes do Nascimento / A L Comunicacao Ltda ME / Amelia Rodrigues 8914-F","gabriel@gaussenergia.com.br group-698ea497-ec60-4bde-b165-b8f9ccbb0cfe@process.st group-aa595f0b-d840-4fcb-8407-a22a023e7e0d@process.st","2022-09-13T15:07:29.845Z","2026-01-13T19:07:57.704Z","","","","Overdue","3","24","88","Projeto FV"
"https://app.process.st/runs/jK0TqCkMMC-17oqvRJhIGA","Luciano Queiroz Magalhaes AUMENTO 2 - 8012-F","pedro.pantaleao@gaussenergia.com.br group-aa595f0b-d840-4fcb-8407-a22a023e7e0d@process.st","2025-08-07T14:54:03.448Z","2026-01-13T18:47:01.307Z","","","","Overdue","3","18","88","Projeto FV"
"https://app.process.st/runs/qTZtudWkKQKOaHTMCipH4g","Michele Nascimento Gradin Costa 1 / Itacimirim - 13117.1-F","pedro.pantaleao@gaussenergia.com.br group-698ea497-ec60-4bde-b165-b8f9ccbb0cfe@process.st group-aa595f0b-d840-4fcb-8407-a22a023e7e0d@process.st","2025-09-09T12:53:13.081Z","2026-01-13T18:42:09.303Z","","","","Overdue","5","20","88","Projeto FV"
"https://app.process.st/runs/iMzIiTjW_vy1wqqrNj5KUg","Pé de Serra 203-F","","2018-12-10T18:34:37.384Z","2026-01-13T18:02:26.764Z","","","","Overdue","5","19","88","Projeto FV"
"https://app.process.st/runs/rvr1kvghj-239Ni7bJVNGA","Vaunei Cavalcante da Silva 6173-F","group-698ea497-ec60-4bde-b165-b8f9ccbb0cfe@process.st","2021-08-03T18:09:12.541Z","2026-01-13T18:01:52.629Z","","","","Overdue","3","23","88","Projeto FV"
"https://app.process.st/runs/lxkA_MqtLyJWnGJPqbVLxQ","Emerson Souza Bastos / Pé de Serra 2 (residência) 4346-F","pedro.pantaleao@gaussenergia.com.br","2021-01-19T17:22:13.412Z","2026-01-13T17:59:07.461Z","","","","OnTrack","0","30","88","Projeto FV"
"https://app.process.st/runs/i3Bkn6FgmJ1Rs-bXG-xBsA","Jose de Jesus Santos - 11288-F","pedro.pantaleao@gaussenergia.com.br group-698ea497-ec60-4bde-b165-b8f9ccbb0cfe@process.st group-aa595f0b-d840-4fcb-8407-a22a023e7e0d@process.st","2024-10-02T12:50:43.351Z","2026-01-13T17:56:33.131Z","","","","Overdue","4","20","88","Projeto FV"
"https://app.process.st/runs/qsfN7Rz-wzOZI7Brfx5Jew","Tompson Roberto Carvalho Rocha Junior 3987-F","pedro.pantaleao@gaussenergia.com.br group-aa595f0b-d840-4fcb-8407-a22a023e7e0d@process.st","2020-11-30T17:08:21.501Z","2026-01-13T17:53:38.984Z","","","","OnTrack","0","4","88","Projeto FV"
"https://app.process.st/runs/tiutigSoBeujXO_r09hJ9g","Maria das Virgens da Silva Pimenta / Vivi Serviços Empresariais 3925-F","pedro.pantaleao@gaussenergia.com.br group-698ea497-ec60-4bde-b165-b8f9ccbb0cfe@process.st","2020-10-23T18:15:03.786Z","2026-01-13T17:45:43.634Z","","","","Overdue","2","24","88","Projeto FV"
"https://app.process.st/runs/i5skqvaMYYSScPogMahNSA","Lucineia da Silva Cruz - 10621-F","pedro.pantaleao@gaussenergia.com.br group-698ea497-ec60-4bde-b165-b8f9ccbb0cfe@process.st","2023-12-06T17:30:56.705Z","2026-01-13T17:39:28.624Z","","","","Overdue","3","25","88","Projeto FV"
"https://app.process.st/runs/rzW50QnHRkrcJzYuG_pMig","Antônio Carlos Alves Rocha / Elionete 3956-F","pedro.pantaleao@gaussenergia.com.br group-698ea497-ec60-4bde-b165-b8f9ccbb0cfe@process.st","2020-10-28T20:27:24.524Z","2026-01-13T17:35:24.378Z","","","","Overdue","2","22","88","Projeto FV"
"https://app.process.st/runs/srhOe260I7AdBpjMgeNDzw","Edivaldo Alves Machado Junior AUMENTO - 9051-F","pedro.pantaleao@gaussenergia.com.br","2023-12-05T14:38:52.108Z","2026-01-13T17:35:04.283Z","","","","Overdue","3","21","88","Projeto FV"
"https://app.process.st/runs/nL04k2swZ8F14Pw-4qhJOw","Evanildo Costa Fonseca - 10417-F","pedro.pantaleao@gaussenergia.com.br","2023-10-27T18:33:32.876Z","2026-01-13T17:26:16.408Z","","","","Overdue","3","21","88","Projeto FV"
"https://app.process.st/runs/u9zRzNyz6aG2yqjETWJN7w","ASLF Serviços Médicos / Alexandre dos Santos 5611-F","pedro.pantaleao@gaussenergia.com.br group-698ea497-ec60-4bde-b165-b8f9ccbb0cfe@process.st","2021-07-08T20:07:58.544Z","2026-01-13T17:15:13.898Z","","","","Overdue","3","20","88","Projeto FV"
"https://app.process.st/runs/vV8ppq3HPLdIGN92JvJHIA","Paulo Emanuel de Oliveira Ferraz 3953-F","pedro.pantaleao@gaussenergia.com.br","2020-11-11T18:49:40.418Z","2026-01-13T17:02:04.483Z","","","","Overdue","2","23","88","Projeto FV"
"https://app.process.st/runs/iwVCxIAZUTGbK-AEPR5H-g","Jeferson Luis de Sousa Santana / Iulla Oliveira 3936-F","pedro.pantaleao@gaussenergia.com.br group-698ea497-ec60-4bde-b165-b8f9ccbb0cfe@process.st","2021-08-26T22:25:55.178Z","2026-01-13T16:42:53.401Z","","","","Overdue","2","22","88","Projeto FV"
"https://app.process.st/runs/ln4w4l5lT81WV-rcI6BANw","Paulo Roberto Manicoba / Souza e Cavalcante 3932-F","pedro.pantaleao@gaussenergia.com.br group-698ea497-ec60-4bde-b165-b8f9ccbb0cfe@process.st","2020-10-19T15:11:32.145Z","2026-01-13T16:19:54.727Z","","","","Overdue","2","21","88","Projeto FV"
"https://app.process.st/runs/nsu58OJ5vshypUwuJyJNXw","Carolaine Pires Pimenta - 13684-F","pedro.pantaleao@gaussenergia.com.br group-aa595f0b-d840-4fcb-8407-a22a023e7e0d@process.st","2025-07-28T13:26:57.433Z","2026-01-13T14:51:59.992Z","","","","Overdue","4","17","88","Projeto FV"
"https://app.process.st/runs/ry2EgSzbeko9qpcvaodHnA","Antonio Cruz Viana Junior 3926-F","pedro.pantaleao@gaussenergia.com.br group-698ea497-ec60-4bde-b165-b8f9ccbb0cfe@process.st group-aa595f0b-d840-4fcb-8407-a22a023e7e0d@process.st","2021-02-25T19:45:52.989Z","2026-01-13T14:34:53.820Z","","","","OnTrack","0","17","88","Projeto FV"
"https://app.process.st/runs/ia99SVf4DR24pZofd99CWA","Shirlei Lopes da Silva - 14203-F","pedro.pantaleao@gaussenergia.com.br group-698ea497-ec60-4bde-b165-b8f9ccbb0cfe@process.st group-aa595f0b-d840-4fcb-8407-a22a023e7e0d@process.st","2025-10-08T18:37:05.567Z","2026-01-13T14:19:10.442Z","","","","Overdue","5","19","88","Projeto FV"
"https://app.process.st/runs/rP0nOMAJZT18yzuLvI1B4A","Posto Quatro Rodas 2 / Fazenda 3904.2","pedro.pantaleao@gaussenergia.com.br group-698ea497-ec60-4bde-b165-b8f9ccbb0cfe@process.st group-aa595f0b-d840-4fcb-8407-a22a023e7e0d@process.st","2020-11-26T16:37:14.933Z","2026-01-13T13:02:18.892Z","","","","Overdue","3","21","88","Projeto FV"
"https://app.process.st/runs/s11L9phIfAcDWLuzu5RA2w","Alessandra Menezes Saraiva Cesare 3849-F","pedro.pantaleao@gaussenergia.com.br","2020-10-14T19:00:48.272Z","2026-01-12T14:59:47.239Z","","","","OnTrack","0","22","88","Projeto FV"
"https://app.process.st/runs/gAXpGh4tpJ5R0Gb756lDaQ","Pneuscar Comercio e Serviços 3847-F","pedro.pantaleao@gaussenergia.com.br group-aa595f0b-d840-4fcb-8407-a22a023e7e0d@process.st","2021-03-26T14:03:37.510Z","2026-01-12T14:51:08.706Z","","","","Overdue","1","20","88","Projeto FV"
"https://app.process.st/runs/sxcxNigestwEiob3e81PNw","Ana Maria da Silva Paiva / Leonardo Nunes / Sebastião Mendes 3955-F","pedro.pantaleao@gaussenergia.com.br group-698ea497-ec60-4bde-b165-b8f9ccbb0cfe@process.st group-aa595f0b-d840-4fcb-8407-a22a023e7e0d@process.st","2020-10-22T18:57:10.181Z","2026-01-12T14:30:07.079Z","","","","Overdue","3","22","88","Projeto FV"
"https://app.process.st/runs/oylIIUCOMDl3BmPiNJ1O0A","Antônio Augusto Nunes 2 / Irecê 3814.2","pedro.pantaleao@gaussenergia.com.br","2020-09-22T19:06:58.389Z","2026-01-12T14:15:42.367Z","","","","Overdue","1","20","88","Projeto FV"
"https://app.process.st/runs/mzWPVmC3oyFf689GIcpGag","Antônio Augusto Nunes 1 / JD 3814.1-F","pedro.pantaleao@gaussenergia.com.br","2020-09-22T14:25:44.111Z","2026-01-12T14:15:33.538Z","","","","Overdue","2","25","88","Projeto FV"
"https://app.process.st/runs/uBGb5Jv7U7Rf9HuQjSNPZA","Teresa Cristina / Filadelfo 3796-F","pedro.pantaleao@gaussenergia.com.br group-698ea497-ec60-4bde-b165-b8f9ccbb0cfe@process.st","2020-09-14T17:54:19.358Z","2026-01-12T13:38:17.107Z","","","","Overdue","2","18","88","Projeto FV"
"https://app.process.st/runs/u542FOscPPwurhzfzNNK7A","Valmirene Almeida Santana 3792-F","pedro.pantaleao@gaussenergia.com.br group-698ea497-ec60-4bde-b165-b8f9ccbb0cfe@process.st","2020-10-26T14:17:33.490Z","2026-01-12T13:28:02.192Z","","","","Overdue","2","27","88","Projeto FV"
"https://app.process.st/runs/vL5GEcwqZz0oGriCnCRNPg","Lucia Calazans Alves 4088-F","pedro.pantaleao@gaussenergia.com.br","2022-10-11T18:27:34.948Z","2026-01-12T12:53:23.755Z","","","","Overdue","3","21","88","Projeto FV"
"https://app.process.st/runs/pKNuyHpg9x-HG-6pPMFC4w","Lissandra Dourado 3771-F","pedro.pantaleao@gaussenergia.com.br","2020-09-25T19:21:25.020Z","2026-01-12T12:31:56.658Z","","","","OnTrack","0","21","88","Projeto FV"
"https://app.process.st/runs/sOt5_6nh6I76T78qGS1BVw","Cleydiane Cerqueira - Thiago Falcão 3747-F","pedro.pantaleao@gaussenergia.com.br","2020-10-23T17:29:03.970Z","2026-01-12T11:58:02.658Z","","","","Overdue","1","29","88","Projeto FV"
"https://app.process.st/runs/vLI3Pq2JwfvROMLQAUBKtQ","Marcelo dos Santos Andrade 3728-F","pedro.pantaleao@gaussenergia.com.br","2020-08-21T18:28:15.549Z","2026-01-12T11:28:09.195Z","","","","OnTrack","0","19","88","Projeto FV"
"https://app.process.st/runs/mxrERFrbqBwKvj1o-KtHMg","Danilo Sergio Caldeira 3717-F","pedro.pantaleao@gaussenergia.com.br","2020-09-08T17:19:49.754Z","2026-01-12T11:20:41.540Z","","","","OnTrack","0","19","88","Projeto FV"
"https://app.process.st/runs/rN1MiYFboHjgt7ZrJNZD8g","Joao Sousa Sobreira ADEQUAÇAO 9984-F","gabriel@gaussenergia.com.br group-aa595f0b-d840-4fcb-8407-a22a023e7e0d@process.st","2025-12-09T17:46:02.714Z","2026-01-11T16:01:38.846Z","","","","Overdue","1","16","88","Projeto FV"
"https://app.process.st/runs/nJvxieGFcJxJaK84U0hKZg","Paulo Jorge Hupsel de Azevedo - 12525-F","pedro.pantaleao@gaussenergia.com.br group-698ea497-ec60-4bde-b165-b8f9ccbb0cfe@process.st","2025-04-22T19:31:25.187Z","2026-01-10T17:40:39.200Z","","","","Overdue","4","23","88","Projeto FV"
"https://app.process.st/runs/jv_cdeGi9d--l6xAneBCLA","Altamira Viana Costa 3703-F","pedro.pantaleao@gaussenergia.com.br","2020-09-24T20:03:11.363Z","2026-01-09T19:13:48.727Z","","","","OnTrack","0","25","88","Projeto FV"
"https://app.process.st/runs/uoVLuvCrtjMXcsi_z2FBkw","Isai Barreto Porto 3687-F","pedro.pantaleao@gaussenergia.com.br","2020-08-21T18:42:16.723Z","2026-01-09T19:00:02.322Z","","","","OnTrack","0","24","88","Projeto FV"
"https://app.process.st/runs/pZ7YOrzlE3dZ049D5R1KZQ","Ilan Iglesias 3632-F","pedro.pantaleao@gaussenergia.com.br","2020-08-13T19:41:49.030Z","2026-01-09T18:11:58.438Z","","","","OnTrack","0","25","88","Projeto FV"
"https://app.process.st/runs/io4ZdFXCVKQpBtYvWaJPBA","Joana Paixão Monteiro Cunha 3618-F","pedro.pantaleao@gaussenergia.com.br","2020-11-25T19:56:40.826Z","2026-01-09T18:07:09.382Z","","","","Overdue","1","27","88","Projeto FV"
"https://app.process.st/runs/ni8I5SpId1iCIpZVZmpGng","Radio Monte Jaraguar ADEQUAÇAO 2684-F","pedro.pantaleao@gaussenergia.com.br group-aa595f0b-d840-4fcb-8407-a22a023e7e0d@process.st","2025-05-29T12:18:09.120Z","2026-01-09T18:01:14.845Z","","","","Overdue","4","20","88","Projeto FV"
"https://app.process.st/runs/r2TLoqyRCl0cgGpTvSpBoA","Ricardo Damasceno 3596-F","pedro.pantaleao@gaussenergia.com.br","2020-08-27T17:36:11.486Z","2026-01-09T17:25:52.366Z","","","","OnTrack","0","26","88","Projeto FV"
"https://app.process.st/runs/uc-vSE7vBzvCr_au1eZJjQ","Cyro Raymundo 3536-F","pedro.pantaleao@gaussenergia.com.br group-698ea497-ec60-4bde-b165-b8f9ccbb0cfe@process.st","2020-08-07T18:20:06.109Z","2026-01-09T16:40:58.880Z","","","","OnTrack","0","31","88","Projeto FV"
"https://app.process.st/runs/g77_ds395zqVapbAco1Dfg","José Carlos de Sousa 3531-F","pedro.pantaleao@gaussenergia.com.br","2020-07-02T14:54:05.921Z","2026-01-09T14:54:54.142Z","","","","Overdue","1","29","88","Projeto FV"
"https://app.process.st/runs/i2nZyABBIWbo4TYCNY1Akg","Jose Adailton Araujo 3527-F","","2021-07-16T19:06:22.556Z","2026-01-09T14:21:44.524Z","","","","Overdue","2","19","88","Projeto FV"
"https://app.process.st/runs/qEkln3e55clY5TeJHj5PXg","Radio Regiao Industrial Ltda / Grupo Lomes - 7921-F Jaua","pedro.pantaleao@gaussenergia.com.br","2022-02-25T17:44:27.688Z","2026-01-09T12:12:34.284Z","","","","OnTrack","0","24","88","Projeto FV"
"https://app.process.st/runs/oM1TksvdUIMSUGvCFwpPdg","Stoessel Brito Dourado 3513-F","pedro.pantaleao@gaussenergia.com.br","2020-08-14T18:40:34.073Z","2026-01-08T19:46:57.209Z","","","","OnTrack","0","23","88","Projeto FV"
"https://app.process.st/runs/jCkQfkon0N1xYxGXOKNIaQ","Mauricio dos Anjos de Souza 3506-F","pedro.pantaleao@gaussenergia.com.br group-aa595f0b-d840-4fcb-8407-a22a023e7e0d@process.st","2020-08-27T18:58:54.168Z","2026-01-08T18:37:26.174Z","","","","Overdue","1","8","88","Projeto FV"
"https://app.process.st/runs/nr1X8cuSYN44UX8bnFRMSA","G F de Moura / Iracy 3498-F","pedro.pantaleao@gaussenergia.com.br group-698ea497-ec60-4bde-b165-b8f9ccbb0cfe@process.st group-aa595f0b-d840-4fcb-8407-a22a023e7e0d@process.st","2020-08-27T15:09:53.661Z","2026-01-08T18:30:54.739Z","","","","OnTrack","0","12","88","Projeto FV"
"https://app.process.st/runs/t0hXmq_J_jigR4412e9OyQ","Paulo Roberto Silva Pinto - 6353-F","pedro.pantaleao@gaussenergia.com.br group-698ea497-ec60-4bde-b165-b8f9ccbb0cfe@process.st","2021-11-24T17:54:57.097Z","2026-01-08T17:52:38.948Z","","","","Overdue","1","25","88","Projeto FV"
"https://app.process.st/runs/o-GXEFLyFn5xrgv6jVlHvw","Karlson Magalhães Cavalcante 3466 - F","pedro.pantaleao@gaussenergia.com.br","2020-06-22T21:28:08.343Z","2026-01-08T17:12:34.594Z","","","","OnTrack","0","24","88","Projeto FV"
"https://app.process.st/runs/uRubhgYpopY7Ln0VV3lCHg","Marinaldo Silva Souza ME 3431-F","pedro.pantaleao@gaussenergia.com.br","2020-05-19T18:09:49.381Z","2026-01-08T14:34:25.877Z","","","","Overdue","1","21","88","Projeto FV"
"https://app.process.st/runs/r3yTrAESRQaEXDVut_VObw","JC Peças 3430-F","pedro.pantaleao@gaussenergia.com.br group-698ea497-ec60-4bde-b165-b8f9ccbb0cfe@process.st","2020-05-19T14:23:13.885Z","2026-01-08T14:26:24.740Z","","","","Overdue","3","21","88","Projeto FV"
"https://app.process.st/runs/skBExT7VM0v3YMXHLcNImQ","Clovis Anastacio de Lima AUMENTO - 11886-F","pedro.pantaleao@gaussenergia.com.br group-698ea497-ec60-4bde-b165-b8f9ccbb0cfe@process.st","2025-04-09T14:03:32.957Z","2026-01-08T12:04:23.224Z","","","","Overdue","3","22","88","Projeto FV"
"https://app.process.st/runs/vQr-0REN1RpNkNQXBu5KAA","Joao Alberto Cardoso Dourado Mini 300 kW / Heliofabio - 13492.1-F","pedro.pantaleao@gaussenergia.com.br group-aa595f0b-d840-4fcb-8407-a22a023e7e0d@process.st","2025-05-26T12:59:56.262Z","2026-01-07T14:19:07.725Z","","","","OnTrack","0","12","88","Projeto FV"
"https://app.process.st/runs/gS4HAjxOy-Pfv5ljpu5G8g","Alexandre Melo Sodre - 14118-F","pedro.pantaleao@gaussenergia.com.br group-aa595f0b-d840-4fcb-8407-a22a023e7e0d@process.st","2026-01-07T11:48:42.398Z","2026-01-07T12:45:15.233Z","","","","OnTrack","0","3","88","Projeto FV"
"https://app.process.st/runs/rXopnNBOtmlN5IJM42ZClQ","Josival Victorino de Sousa 3330-F","pedro.pantaleao@gaussenergia.com.br","2020-06-04T17:27:05.313Z","2026-01-06T19:57:03.602Z","","","","OnTrack","0","25","88","Projeto FV"
"https://app.process.st/runs/uIETL7dNSxTYTS0Phm5B-Q","Jozilei de Souza Santos - 14247-F","pedro.pantaleao@gaussenergia.com.br group-aa595f0b-d840-4fcb-8407-a22a023e7e0d@process.st","2025-09-25T14:50:43.299Z","2026-01-06T14:25:47.139Z","","","","Overdue","5","18","88","Projeto FV"
"https://app.process.st/runs/rVNfShzbDqMvS1Q4oQ1G7A","Hugo de Leon Rodrigues Barreto 3321-F","pedro.pantaleao@gaussenergia.com.br","2020-04-28T20:22:30.825Z","2026-01-03T21:00:03.485Z","","","","Overdue","2","20","88","Projeto FV"
"https://app.process.st/runs/o-CVT-d_hPbEqSRYaOpKIQ","Itamar Musse / Vanessa Trevisan Musse / Itamar Musse Antiguidades Ltda 3310-F","pedro.pantaleao@gaussenergia.com.br group-698ea497-ec60-4bde-b165-b8f9ccbb0cfe@process.st","2021-10-27T14:39:00.409Z","2026-01-03T20:36:51.340Z","","","","Overdue","3","25","88","Projeto FV"
"https://app.process.st/runs/rrl1dYPwX2U23EKL6oZLGg","Rui Mendonça de Andrade Albuquerque 3289-F","pedro.pantaleao@gaussenergia.com.br","2020-04-03T14:05:34.617Z","2026-01-03T19:50:45.155Z","","","","Overdue","2","20","88","Projeto FV"
"https://app.process.st/runs/s0ga_w1OwqQ7Pj_5EtdMUA","Eliene Santana de Jesus - 13909-F","pedro.pantaleao@gaussenergia.com.br group-698ea497-ec60-4bde-b165-b8f9ccbb0cfe@process.st group-aa595f0b-d840-4fcb-8407-a22a023e7e0d@process.st","2025-08-14T14:36:44.104Z","2026-01-03T14:27:54.054Z","","","","Overdue","5","19","88","Projeto FV"
"https://app.process.st/runs/qIH4AxFie3mOdkxD75xJxA","Rosangela Fabricio Barbosa - 14231-F","pedro.pantaleao@gaussenergia.com.br group-698ea497-ec60-4bde-b165-b8f9ccbb0cfe@process.st","2025-09-25T14:01:11.779Z","2026-01-03T14:23:04.445Z","","","","Overdue","4","20","88","Projeto FV"
"https://app.process.st/runs/kUUp3xc0UIo_qRc2QChJdA","PP Holding Ltda - 13722-F","pedro.pantaleao@gaussenergia.com.br group-aa595f0b-d840-4fcb-8407-a22a023e7e0d@process.st","2025-09-15T14:23:04.646Z","2026-01-03T14:16:05.365Z","","","","Overdue","4","17","88","Projeto FV"
"https://app.process.st/runs/o0NHpCc5HDatyNs42TlJKQ","Leda de Cassia Seixas Pimenta Lima - 14216-F","pedro.pantaleao@gaussenergia.com.br group-698ea497-ec60-4bde-b165-b8f9ccbb0cfe@process.st group-aa595f0b-d840-4fcb-8407-a22a023e7e0d@process.st","2025-09-25T13:40:06.538Z","2026-01-03T12:33:04.756Z","","","","Overdue","5","19","88","Projeto FV"
"https://app.process.st/runs/nnpP_uMogGMAjmcPH_hLUg","Mega Posto Lider AUMENTO - 3457-F","pedro.pantaleao@gaussenergia.com.br","2025-09-19T18:18:37.281Z","2025-12-29T19:17:51.929Z","","","","Overdue","3","20","88","Projeto FV"
"https://app.process.st/runs/pP0JNJJfHEJM1Hw0_bRG_Q","Condominio Veredas do Sol Residencias AUMENTO 7374-F","pedro.pantaleao@gaussenergia.com.br group-aa595f0b-d840-4fcb-8407-a22a023e7e0d@process.st","2025-08-20T14:42:37.862Z","2025-12-29T17:34:33.919Z","","","","Overdue","5","18","88","Projeto FV"
"https://app.process.st/runs/i5m4pfT0ud8XotWr-KZDFA","Valquirio Rodrigues Sobrinho AUMENTO - 4301-F","pedro.pantaleao@gaussenergia.com.br group-aa595f0b-d840-4fcb-8407-a22a023e7e0d@process.st","2025-10-01T14:59:04.898Z","2025-12-28T11:55:01.593Z","","","","Overdue","5","18","88","Projeto FV"
"https://app.process.st/runs/j6EHTOLVEafjA-8atZBFyw","Carolina Carvalho de Queiroz - 14103-F","pedro.pantaleao@gaussenergia.com.br group-aa595f0b-d840-4fcb-8407-a22a023e7e0d@process.st","2025-09-12T18:03:49.774Z","2025-12-27T15:02:55.591Z","","","","Overdue","4","17","88","Projeto FV"
"https://app.process.st/runs/qCc4vefhBmvgireKZ99G6A","George Alves de Sena Florencio 2 / Residencia - 14140-F","pedro.pantaleao@gaussenergia.com.br group-aa595f0b-d840-4fcb-8407-a22a023e7e0d@process.st","2025-09-12T18:36:59.741Z","2025-12-27T14:55:07.266Z","","","","Overdue","3","18","88","Projeto FV"
"https://app.process.st/runs/hM1BqWJjaetlmX0TGr9Ouw","Michele Nascimento Gradin Costa 2 / Lauro de Freitas - 13117.2-F","pedro.pantaleao@gaussenergia.com.br group-698ea497-ec60-4bde-b165-b8f9ccbb0cfe@process.st group-aa595f0b-d840-4fcb-8407-a22a023e7e0d@process.st","2025-09-09T13:25:16.170Z","2025-12-27T14:51:41.667Z","","","","Overdue","4","18","88","Projeto FV"
"https://app.process.st/runs/tkrJZNnYkdSyI4E9Zw5L4g","Marcel Mateus Cezar de Matos -> Fisiocenter Sport Ltda AUMENTO 2745-F","pedro.pantaleao@gaussenergia.com.br group-aa595f0b-d840-4fcb-8407-a22a023e7e0d@process.st","2025-07-23T17:19:00.738Z","2025-12-22T18:25:12.292Z","","","","Overdue","4","22","88","Projeto FV"
"https://app.process.st/runs/nmPgrT_GN80s3vujOOpH5g","Eseir Rocha - 13294-F","pedro.pantaleao@gaussenergia.com.br group-698ea497-ec60-4bde-b165-b8f9ccbb0cfe@process.st group-aa595f0b-d840-4fcb-8407-a22a023e7e0d@process.st","2025-09-18T13:44:00.491Z","2025-12-22T18:21:11.281Z","","","","Overdue","4","20","88","Projeto FV"
"https://app.process.st/runs/iVfpPA15gmBchnNQxeFEZg","Sergio Alves Barreto - 13687-F","pedro.pantaleao@gaussenergia.com.br group-698ea497-ec60-4bde-b165-b8f9ccbb0cfe@process.st group-aa595f0b-d840-4fcb-8407-a22a023e7e0d@process.st","2025-08-06T17:40:21.275Z","2025-12-22T18:18:39.406Z","","","","Overdue","5","19","88","Projeto FV"
"https://app.process.st/runs/kagXtN0L9StdKvrZsR9Gww","Heleno Izidio Silva / Bar do Leno ADEQUAÇAO - 1505-F","pedro.pantaleao@gaussenergia.com.br","2025-09-23T14:06:54.727Z","2025-12-20T18:59:51.016Z","","","","Overdue","2","26","88","Projeto FV"
"https://app.process.st/runs/mr3d02fxYTBbHfZLurZBAw","Pablo Roberto Figueiredo Calado 3246-F","pedro.pantaleao@gaussenergia.com.br group-698ea497-ec60-4bde-b165-b8f9ccbb0cfe@process.st","2021-04-28T19:33:05.305Z","2025-12-19T19:42:59.363Z","","","","Overdue","3","26","88","Projeto FV"
"https://app.process.st/runs/low_yD3u7mpS_6qLVKVCfw","Elvis Almeida Santana / Elindeval 3241-F","pedro.pantaleao@gaussenergia.com.br group-698ea497-ec60-4bde-b165-b8f9ccbb0cfe@process.st","2020-11-02T16:38:21.409Z","2025-12-19T19:38:35.864Z","","","","Overdue","2","22","88","Projeto FV"
"https://app.process.st/runs/oWWJLCkJIPsg_GfUxZ5MAA","Anderson Pinheiro Santos / Maria de Lourdes 3203-F","pedro.pantaleao@gaussenergia.com.br","2021-02-26T19:43:36.227Z","2025-12-19T19:21:36.322Z","","","","Overdue","2","20","88","Projeto FV"
"https://app.process.st/runs/rYkLRoxNIBLxwRYDDjBHvQ","Francisco de Assis Gomes dos Santos 3202-F","pedro.pantaleao@gaussenergia.com.br","2020-10-21T20:09:58.748Z","2025-12-19T19:13:06.169Z","","","","Overdue","3","19","88","Projeto FV"
"https://app.process.st/runs/mJ9G02NP5ADm5u9b7gdD-g","Nilton Loula Lima / Supermercado Ibitita 3200-F","raniel.garcia@gaussenergia.com.br group-698ea497-ec60-4bde-b165-b8f9ccbb0cfe@process.st group-aa595f0b-d840-4fcb-8407-a22a023e7e0d@process.st","2020-03-10T18:40:18.768Z","2025-12-19T19:12:07.719Z","","","","OnTrack","0","2","88","Projeto FV"
"https://app.process.st/runs/rVip6PfPMye3MwdjlUlElw","Marcelo Conceição Santana 3184-F","pedro.pantaleao@gaussenergia.com.br","2020-02-12T17:37:20.351Z","2025-12-19T18:54:13.723Z","","","","Overdue","4","17","88","Projeto FV"
"https://app.process.st/runs/thOFZBk7YY3LPV8BNfZBZA","Izaura Beatriz da Silva 3163-F","","2020-02-04T16:42:12.337Z","2025-12-19T17:55:56.587Z","","","","Overdue","4","19","88","Projeto FV"
"https://app.process.st/runs/iQ9CwYOd0X7SwFFo__VKUA","Naisa Barreiros / Emerson Aragão 3114-F","raniel.garcia@gaussenergia.com.br","2020-02-19T18:04:03.201Z","2025-12-19T14:43:48.036Z","","","","OnTrack","0","24","88","Projeto FV"
"https://app.process.st/runs/mRnJ-jbm2h3CridMP25O0Q","Aliomar Gomes - Engenharia do Sabor - Neiva Mesquita 3089-F","","2020-01-16T13:56:57.086Z","2025-12-19T14:25:43.965Z","","","","Overdue","3","25","88","Projeto FV"
"https://app.process.st/runs/nIZCtTsw6okUdQyQH1FMbg","José Joilson Carneiro 3071-F","group-698ea497-ec60-4bde-b165-b8f9ccbb0cfe@process.st group-aa595f0b-d840-4fcb-8407-a22a023e7e0d@process.st","2020-01-06T04:20:52.941Z","2025-12-18T18:58:25.121Z","","","","Overdue","5","21","88","Projeto FV"
"https://app.process.st/runs/knSnIyt2T7kA_sb0vi1EhQ","Rogério Sena Dourado / Sena Materiais de Construção 3070-F","pedro.pantaleao@gaussenergia.com.br group-698ea497-ec60-4bde-b165-b8f9ccbb0cfe@process.st","2020-02-06T14:12:19.518Z","2025-12-18T18:50:37.806Z","","","","Overdue","3","26","88","Projeto FV"
"https://app.process.st/runs/hqDClD56o1koj1Jp1uxK6w","Raimundo Cezar Solon de Oliveira / Fazenda Pratinha 3067-F","pedro.pantaleao@gaussenergia.com.br","2020-03-17T13:33:55.939Z","2025-12-18T18:15:55.926Z","","","","Overdue","1","23","88","Projeto FV"
"https://app.process.st/runs/jt2DMhM4jN42LO_nYoFNkA","Parascos Dracoulakis Sobrinho ADEQUAÇAO 8457-F","pedro.pantaleao@gaussenergia.com.br group-698ea497-ec60-4bde-b165-b8f9ccbb0cfe@process.st group-aa595f0b-d840-4fcb-8407-a22a023e7e0d@process.st","2025-12-06T16:28:44.892Z","2025-12-18T14:12:22.234Z","","","","OnTrack","0","3","88","Projeto FV"
"https://app.process.st/runs/lpb4tUY0PmRLuQRUhqRKQg","Juraci Mercadinho Miranda 3056-F","","2020-01-06T18:08:03.708Z","2025-12-17T19:20:52.385Z","","","","Overdue","4","18","88","Projeto FV"
"https://app.process.st/runs/jdt9z1Em6UeYEzYw8E1D1Q","Walter Morales 3052-F","gabriel@gaussenergia.com.br","2020-02-27T18:43:19.068Z","2025-12-17T19:12:26.005Z","","","","OnTrack","0","23","88","Projeto FV"
"https://app.process.st/runs/sWuqcdnAFXxJuopvzLlCQQ","Maria Aparecida Martins Pereira / Gislayne 3049-F","pedro.pantaleao@gaussenergia.com.br","2020-11-09T13:47:08.871Z","2025-12-17T19:08:09.420Z","","","","Overdue","1","19","88","Projeto FV"
"https://app.process.st/runs/pSjUyGL9vLL2UURVGUxG1Q","Francisco Borges Neto 3042-F","pedro.pantaleao@gaussenergia.com.br","2020-11-11T19:36:39.248Z","2025-12-17T18:28:28.658Z","","","","Overdue","3","27","88","Projeto FV"
"https://app.process.st/runs/gZTG7XtkY8_ybDFWlJpJ7g","Gilmario Silva Dourado - Yolanda Dourado 3029-F","","2020-01-07T16:28:12.571Z","2025-12-17T17:44:11.592Z","","","","Overdue","5","19","88","Projeto FV"
"https://app.process.st/runs/m8e_ZdqWs05VRq_AvEpOkg","Dinivaldo de Souza Matutino 3020-F","group-aa595f0b-d840-4fcb-8407-a22a023e7e0d@process.st","2020-04-22T18:42:34.217Z","2025-12-17T17:25:12.471Z","","","","Overdue","1","5","88","Projeto FV"
"https://app.process.st/runs/shxQsLZd6zxjPI5c3WlNkg","Aldo Ramon Oliveira de Uzeda SOMENTE HOMOLOGAÇAO - 13633-F","pedro.pantaleao@gaussenergia.com.br group-aa595f0b-d840-4fcb-8407-a22a023e7e0d@process.st","2025-06-17T14:08:06.882Z","2025-12-16T17:42:41.947Z","","","","Overdue","3","21","88","Projeto FV"
"https://app.process.st/runs/uQZZBjC3Jksw9FzyQTNLaA","Marcelo Pereira - 13994-F","pedro.pantaleao@gaussenergia.com.br group-aa595f0b-d840-4fcb-8407-a22a023e7e0d@process.st","2025-09-02T17:30:53.481Z","2025-12-16T17:30:41.946Z","","","","Overdue","3","18","88","Projeto FV"
"https://app.process.st/runs/rTjB06f4mdhWzv5r9KBGkA","Gelo Gum Ltda ME ZERO GRID - 13880-F","pedro.pantaleao@gaussenergia.com.br group-aa595f0b-d840-4fcb-8407-a22a023e7e0d@process.st","2025-08-27T17:39:40.224Z","2025-12-16T14:56:11.373Z","","","","Overdue","2","7","88","Projeto FV"
"https://app.process.st/runs/ugzK_5S449Zc-GEnZQZFUA","Carlos Augusto Souza Cerqueira - 14074-F","pedro.pantaleao@gaussenergia.com.br group-aa595f0b-d840-4fcb-8407-a22a023e7e0d@process.st","2025-09-08T14:36:44.396Z","2025-12-15T21:36:06.005Z","","","","OnTrack","0","12","88","Projeto FV"
"https://app.process.st/runs/vcU09c6q1YGSM-66lFFJ6g","G C Queiroz / Joildo 1819-F","raniel.garcia@gaussenergia.com.br","2019-07-04T16:05:56.656Z","2025-12-15T17:23:14.660Z","","","","Overdue","4","19","88","Projeto FV"
"https://app.process.st/runs/s7zO9JLbSW9SToqgdTZDTw","Joildo  / GC Queiroz 2 / João Vitor 2961-F","pedro.pantaleao@gaussenergia.com.br group-698ea497-ec60-4bde-b165-b8f9ccbb0cfe@process.st","2020-01-27T14:16:09.309Z","2025-12-15T17:22:55.021Z","","","","Overdue","4","21","88","Projeto FV"
"https://app.process.st/runs/rNY4Dj79vKaDGExmwHNPoA","Rodrigo Mendonça Costa - Fazenda Aumento  4386-F","pedro.pantaleao@gaussenergia.com.br","2021-01-25T19:17:05.107Z","2025-12-15T17:03:19.961Z","","","","Overdue","2","21","88","Projeto FV"
"https://app.process.st/runs/lNXHgl6Z0DOdO6uq6BJJQw","Rodrigo Mendonça 2960-F","pedro.pantaleao@gaussenergia.com.br","2019-11-20T18:45:25.710Z","2025-12-15T17:01:49.892Z","","","","Overdue","4","17","88","Projeto FV"
"https://app.process.st/runs/njC_j67GfS-uvISnOWpMRg","Juliano da Silva Lopes 2956-F","pedro.pantaleao@gaussenergia.com.br","2020-04-03T21:09:22.617Z","2025-12-15T16:59:06.369Z","","","","Overdue","3","20","88","Projeto FV"
"https://app.process.st/runs/mVO0_QewIjZCDpTH-LNGSQ","Marcelo Nobrega 2939-F","raniel.garcia@gaussenergia.com.br","2019-11-29T15:14:45.392Z","2025-12-15T16:55:40.251Z","","","","Overdue","5","19","88","Projeto FV"
"https://app.process.st/runs/juf0167SsurtNQ32G8BPQQ","Raul José Alves Costa 2929-F","pedro.pantaleao@gaussenergia.com.br","2019-12-19T22:16:43.740Z","2025-12-15T16:52:42.663Z","","","","Overdue","4","19","88","Projeto FV"
"https://app.process.st/runs/uRMbwx5EHVmUgvKlLrpH-w","Newton Carvalho de Oliva Neto - 12284-F","pedro.pantaleao@gaussenergia.com.br","2024-11-29T17:45:25.558Z","2025-12-15T13:20:30.431Z","","","","Overdue","3","20","88","Projeto FV"
"https://app.process.st/runs/t20m44b3wpyAEa5y2QFCbA","Thiago Pinto de Carvalho - 11348-F","pedro.pantaleao@gaussenergia.com.br group-698ea497-ec60-4bde-b165-b8f9ccbb0cfe@process.st","2024-07-18T15:05:02.938Z","2025-12-15T13:16:20.311Z","","","","Overdue","3","25","88","Projeto FV"
"https://app.process.st/runs/t2yTRzoPiSJ6DBlqCCdNQA","C&R Patrimonial e Administradora de Imoveis LTDA /   - 11046.2-F","pedro.pantaleao@gaussenergia.com.br group-698ea497-ec60-4bde-b165-b8f9ccbb0cfe@process.st","2024-05-28T17:54:41.855Z","2025-12-15T12:24:31.482Z","","","","Overdue","3","25","88","Projeto FV"
"https://app.process.st/runs/jlOLCS-zIvOuIHxPAyZFlw","Vitor Jose Paradas Albuquerque 2 - 13752-F","pedro.pantaleao@gaussenergia.com.br group-698ea497-ec60-4bde-b165-b8f9ccbb0cfe@process.st group-aa595f0b-d840-4fcb-8407-a22a023e7e0d@process.st","2025-09-09T14:37:15.172Z","2025-12-14T19:49:54.748Z","","","","Overdue","4","18","88","Projeto FV"
"https://app.process.st/runs/hr0OHebQ8lf70flR_N9Fwg","Condominio Edificio Monreale - 13248-F","pedro.pantaleao@gaussenergia.com.br group-aa595f0b-d840-4fcb-8407-a22a023e7e0d@process.st","2025-07-22T16:45:26.170Z","2025-12-14T19:35:34.935Z","","","","Overdue","3","17","88","Projeto FV"
"https://app.process.st/runs/u-btcrs8ltgeM3D7YaNHyA","2927.2-F Thalisson Paes Martins / DI FERRO","pedro.pantaleao@gaussenergia.com.br group-698ea497-ec60-4bde-b165-b8f9ccbb0cfe@process.st","2019-12-18T22:28:29.233Z","2025-12-12T19:50:56.610Z","","","","Overdue","5","21","88","Projeto FV"
"https://app.process.st/runs/snoNIii5vRig-23OUGZD9w","Joanilton Rodrigues dos Santos AUMENTO / Nacional Motos 2921-F","pedro.pantaleao@gaussenergia.com.br","2023-01-04T14:23:10.865Z","2025-12-12T19:33:59.679Z","","","","Overdue","3","20","88","Projeto FV"
"https://app.process.st/runs/lhaMMIlLyB3oRDuxVh1IuA","Mega Posto Lider - 3457-F","pedro.pantaleao@gaussenergia.com.br group-698ea497-ec60-4bde-b165-b8f9ccbb0cfe@process.st","2020-06-05T19:25:16.966Z","2025-12-12T19:04:32.770Z","","","","Overdue","2","23","88","Projeto FV"
"https://app.process.st/runs/hY6HFESjuaT7AzW4t31Flg","James Carvalho Xavier - 12902-F","pedro.pantaleao@gaussenergia.com.br group-698ea497-ec60-4bde-b165-b8f9ccbb0cfe@process.st group-aa595f0b-d840-4fcb-8407-a22a023e7e0d@process.st","2025-09-10T18:52:51.521Z","2025-12-12T18:57:17.025Z","","","","Overdue","3","19","88","Projeto FV"
"https://app.process.st/runs/s2otNXaGoGsBSVrhy5NLEA","Clayton Pereira Feitosa 2901-F","pedro.pantaleao@gaussenergia.com.br","2019-12-16T17:53:19.755Z","2025-12-12T18:55:54.465Z","","","","Overdue","4","22","88","Projeto FV"
"https://app.process.st/runs/lA5wEDluP22VEYe1SepK4w","Jusemar Santos Freitas Guimaraes - 13883-F","pedro.pantaleao@gaussenergia.com.br group-aa595f0b-d840-4fcb-8407-a22a023e7e0d@process.st","2025-08-06T17:16:27.065Z","2025-12-12T18:52:39.452Z","","","","Overdue","3","19","88","Projeto FV"
"https://app.process.st/runs/jPNzMh7iPcDrMuPoSY1Mzg","Gracieli Carneiro Leal 2895-F","","2019-12-27T17:49:11.216Z","2025-12-12T18:50:39.045Z","","","","Overdue","4","20","88","Projeto FV"
"https://app.process.st/runs/ukv6-Umd1y-oo-2V-lJD1A","Onesmo da Silva Cruz 2884.2-F","pedro.pantaleao@gaussenergia.com.br group-698ea497-ec60-4bde-b165-b8f9ccbb0cfe@process.st","2020-03-05T12:55:23.056Z","2025-12-12T18:37:28.909Z","","","","Overdue","5","20","88","Projeto FV"
"https://app.process.st/runs/i2QJhEI7eInmt1UYJvlCgw","Patrick Weisgerber 2874-F","","2020-01-20T16:03:57.923Z","2025-12-12T17:19:03.194Z","","","","Overdue","5","23","88","Projeto FV"
"https://app.process.st/runs/nRUflnon3Nav0P8kHoJP-g","Quy Sorwetto Feira / Incolat 2859-F","pedro.pantaleao@gaussenergia.com.br","2019-10-30T19:20:36.713Z","2025-12-12T16:39:15.805Z","","","","Overdue","4","19","88","Projeto FV"
"https://app.process.st/runs/t4C7nk7oa-xV-W-D_6ZBYA","Danilo Figueredo Novais - 11484-F","pedro.pantaleao@gaussenergia.com.br","2024-05-21T19:27:29.472Z","2025-12-12T13:13:24.857Z","","","","Overdue","3","21","88","Projeto FV"
"https://app.process.st/runs/p2ODb5EGT4Ph1gqkfvpBbA","Juvenilde Nunes da Silva - 11270-F","pedro.pantaleao@gaussenergia.com.br","2024-04-15T13:27:35.107Z","2025-12-12T12:58:06.320Z","","","","Overdue","3","21","88","Projeto FV"
"https://app.process.st/runs/v0sDHzB2qkyabJsuzFtK-A","Acquaville Park Show Ltda AUMENTO LIMITAÇAO DE POTENCIA - 12407-F","pedro.pantaleao@gaussenergia.com.br group-aa595f0b-d840-4fcb-8407-a22a023e7e0d@process.st","2025-09-15T13:39:00.480Z","2025-12-11T12:18:35.567Z","","","","OnTrack","0","12","88","Projeto FV"
"https://app.process.st/runs/upocgKdwGpwnsv46Q9NAyA","JGE Patrimonial 1 / Galpao 02 / Drillgeo ADEQUAÇAO 8700.1-F","gabriel@gaussenergia.com.br group-aa595f0b-d840-4fcb-8407-a22a023e7e0d@process.st","2025-12-05T16:38:49.723Z","2025-12-10T18:47:05.776Z","","","","OnTrack","0","3","88","Projeto FV"
"https://app.process.st/runs/p1cOzTEPMYk0xR65lH5MTg","Raimundo Nonato Vita Souza  2758-F","raniel.garcia@gaussenergia.com.br","2019-10-18T14:31:45.960Z","2025-12-10T13:22:54.275Z","","","","Overdue","5","24","88","Projeto FV"
"https://app.process.st/runs/shn-uwHQtxMcXbgnDqdGjA","Marcus Vinicius da Rocha Braga - 13130-F","pedro.pantaleao@gaussenergia.com.br group-698ea497-ec60-4bde-b165-b8f9ccbb0cfe@process.st","2025-05-19T13:07:29.474Z","2025-12-10T13:13:45.315Z","","","","Overdue","3","22","88","Projeto FV"
"https://app.process.st/runs/i8b6GI6c9RjZDGah2WZJaw","Ailton Almeida dos Santos / Umburanas 8111-F","pedro.pantaleao@gaussenergia.com.br","2022-10-18T18:55:08.990Z","2025-12-10T12:35:00.466Z","","","","Overdue","4","30","88","Projeto FV"
"https://app.process.st/runs/tIGjYX63N6oCR6cnTopOvw","Nivea Evangelista de Sousa - 14098-F","pedro.pantaleao@gaussenergia.com.br group-aa595f0b-d840-4fcb-8407-a22a023e7e0d@process.st","2025-09-08T17:16:58.500Z","2025-12-09T18:44:20.305Z","","","","Overdue","4","19","88","Projeto FV"
"https://app.process.st/runs/m4hUORPwEw7P8UVTi3tDmQ","Hospital de Atendimento M. I. L. ME 2 / HAMI / Barra do Mendes / Aurelino 7661.2-F","pedro.pantaleao@gaussenergia.com.br group-698ea497-ec60-4bde-b165-b8f9ccbb0cfe@process.st","2022-09-01T13:47:04.962Z","2025-12-09T14:55:55.323Z","","","","Overdue","3","25","88","Projeto FV"
"https://app.process.st/runs/tmrWQ8z88W-eUHtSzq5P8w","Lisani de Azevedo Vilas Boas ADEQUAÇAO / Adriano 3346-F","gabriel@gaussenergia.com.br group-aa595f0b-d840-4fcb-8407-a22a023e7e0d@process.st","2025-12-05T19:35:37.135Z","2025-12-09T14:40:06.970Z","","","","OnTrack","0","4","88","Projeto FV"
"https://app.process.st/runs/jnG4GdZX2XjkovCiU9xCxA","Jorge Pereira Teles 2 - Lajedo de Euripedes ADEQUAÇAO - 7739-F","pedro.pantaleao@gaussenergia.com.br","2025-06-05T12:54:30.123Z","2025-12-09T14:22:23.077Z","","","","Overdue","2","22","88","Projeto FV"
"https://app.process.st/runs/sJxjRdkzU3dRREoJ3sFDgA","Jorge Pereira Teles 4 - Fazenda Agroverde ADEQUAÇAO 2025 - 8233-F","pedro.pantaleao@gaussenergia.com.br","2025-06-06T13:55:04.439Z","2025-12-09T13:49:02.334Z","","","","Overdue","2","19","88","Projeto FV"
"https://app.process.st/runs/giD_TxmsrX778Gx7EHJEng","Gustavo Leal de Lucena ADEQUAÇAO - 8866-F","pedro.pantaleao@gaussenergia.com.br","2025-09-04T13:13:43.967Z","2025-12-06T11:55:09.680Z","","","","Overdue","3","20","88","Projeto FV"
"https://app.process.st/runs/vebeJF9kOGgM5QrqRXVOrQ","Gilmar Luchini Junior - 13042-F","pedro.pantaleao@gaussenergia.com.br group-698ea497-ec60-4bde-b165-b8f9ccbb0cfe@process.st","2025-05-19T17:08:11.930Z","2025-12-05T17:27:55.533Z","","","","Overdue","3","21","88","Projeto FV"
"https://app.process.st/runs/m9mFDwOE-pJAPjLDJfJANg","Izabela Pugas Paim AUMENTO NAO HOMOLOGADO - 9766-F","pedro.pantaleao@gaussenergia.com.br group-aa595f0b-d840-4fcb-8407-a22a023e7e0d@process.st","2024-10-02T13:47:50.178Z","2025-12-05T15:15:52.303Z","","","","OnTrack","0","2","88","Projeto FV"
"https://app.process.st/runs/hZcT5L7UmHNxvft0e49GmA","Carlos Henrique Almeida Silva - 13953-F","pedro.pantaleao@gaussenergia.com.br","2025-09-03T18:50:29.865Z","2025-12-05T12:08:24.191Z","","","","Overdue","3","20","88","Projeto FV"
"https://app.process.st/runs/hvSqrcnKW1uYX84vOz9GDQ","Jose Eduardo Teixeira AUMENTO NAO HOMOLOGADO - 3195-F","pedro.pantaleao@gaussenergia.com.br group-aa595f0b-d840-4fcb-8407-a22a023e7e0d@process.st","2025-04-09T14:41:31.448Z","2025-12-04T19:47:52.679Z","","","","OnTrack","0","2","88","Projeto FV"
"https://app.process.st/runs/qmy4BB5W88QD0Ma0G5RHyA","Joao Carlos Carvalho Neto / Neuma Cairo Carvalho - 12845-F","pedro.pantaleao@gaussenergia.com.br group-698ea497-ec60-4bde-b165-b8f9ccbb0cfe@process.st","2025-03-17T17:28:30.768Z","2025-12-03T12:28:03.235Z","","","","Overdue","3","22","88","Projeto FV"
"https://app.process.st/runs/giiEMrXxMDmN4tlfQHJG0g","Frigorifico Nordeste Frios E C Eireli - 13905-F","pedro.pantaleao@gaussenergia.com.br group-aa595f0b-d840-4fcb-8407-a22a023e7e0d@process.st","2025-09-09T18:19:08.617Z","2025-12-03T11:45:46.684Z","","","","OnTrack","0","12","88","Projeto FV"
"https://app.process.st/runs/ls-iRtiyUiulL52PmdFDOQ","Marsio Pereira Paz AUMENTO NAO HOMOLGADO - 3359-F","pedro.pantaleao@gaussenergia.com.br group-aa595f0b-d840-4fcb-8407-a22a023e7e0d@process.st","2025-03-27T17:46:36.911Z","2025-12-02T18:03:18.056Z","","","","OnTrack","0","2","88","Projeto FV"
"https://app.process.st/runs/hdwJfm62PqvwQ4yV8ahNiQ","Adeilson Bastos da Silva AUMENTO - 4114-F","pedro.pantaleao@gaussenergia.com.br","2023-07-25T15:06:06.539Z","2025-12-02T17:04:44.991Z","","","","Overdue","3","21","88","Projeto FV"
"https://app.process.st/runs/uH2ncUq42wkuICsxyNhCzg","Erivelton Francisco dos Santos - 11073-F","pedro.pantaleao@gaussenergia.com.br group-698ea497-ec60-4bde-b165-b8f9ccbb0cfe@process.st","2024-04-10T17:43:07.362Z","2025-12-02T15:03:54.621Z","","","","Overdue","3","21","88","Projeto FV"
"https://app.process.st/runs/krTTMXYxKgK2GjEMGv9KzQ","Pablo Angelo da Silva AUMENTO -  5588-F","pedro.pantaleao@gaussenergia.com.br","2024-08-28T18:29:30.558Z","2025-12-02T14:59:15.128Z","","","","Overdue","3","21","88","Projeto FV"
"https://app.process.st/runs/rfs_aQ9EMGMX5pBKfclCcw","Durval Dias Lago Junior AUMENTO - 8300-F","pedro.pantaleao@gaussenergia.com.br group-698ea497-ec60-4bde-b165-b8f9ccbb0cfe@process.st","2025-09-04T12:58:33.854Z","2025-12-02T11:44:11.078Z","","","","Overdue","3","21","88","Projeto FV"
"https://app.process.st/runs/pG-ghl0P2WkOCy8OlN1HYQ","Romulo Miron Dourado - 13798-F","pedro.pantaleao@gaussenergia.com.br","2025-09-10T17:34:06.083Z","2025-11-30T11:46:54.533Z","","","","Overdue","3","20","88","Projeto FV"
"https://app.process.st/runs/pWlFaBOt9t8QKmiLlw9IFQ","Maria Felix Alves AUMENTO - 1337-F","pedro.pantaleao@gaussenergia.com.br","2025-08-20T14:27:01.202Z","2025-11-29T20:06:58.653Z","","","","Overdue","3","23","88","Projeto FV"
"https://app.process.st/runs/jMhC-Pr4mwopqRfHX1pE2w","Virgilio Ribeiro dos Santos 4 / Sistema 75 kW ADEQUAÇAO - 8908-F","pedro.pantaleao@gaussenergia.com.br","2025-06-13T18:28:14.163Z","2025-11-29T19:59:35.371Z","","","","Overdue","3","20","88","Projeto FV"
"https://app.process.st/runs/lH_nv2iI8AoNlq1MQe1C-A","Holistica Provedor Internet LTDA 2 / Mocozeiro - 11095-F","pedro.pantaleao@gaussenergia.com.br","2024-03-15T18:37:50.530Z","2025-11-29T17:00:32.264Z","","","","Overdue","3","24","88","Projeto FV"
"https://app.process.st/runs/s-PT1h_m441KCsQc2zRJ0w","Perfil Patrimonial 2 / Posto 2597.2-F","pedro.pantaleao@gaussenergia.com.br","2019-09-30T12:55:46.820Z","2025-11-29T14:08:43.561Z","","","","Overdue","4","20","88","Projeto FV"
"https://app.process.st/runs/k6uWWg9zoFmQxn7GofRPFw","Regis Braga Maia ADEQUAÇAO - 098-F","pedro.pantaleao@gaussenergia.com.br","2025-09-12T12:23:13.044Z","2025-11-29T12:29:36.559Z","","","","Overdue","2","19","88","Projeto FV"
"https://app.process.st/runs/r3g5Mi-Mp5BNenHDl21BFA","Luiz Carlos Gozzini das Neves AUMENTO 6344-F","pedro.pantaleao@gaussenergia.com.br","2025-08-27T12:28:54.511Z","2025-11-29T12:29:25.641Z","","","","Overdue","3","20","88","Projeto FV"
"https://app.process.st/runs/ifwj-zJdmnmfBQtbg9ZKmw","Juan Magalhaes Queiroz Lorenzo Leiro - 13183-F","pedro.pantaleao@gaussenergia.com.br group-698ea497-ec60-4bde-b165-b8f9ccbb0cfe@process.st","2025-08-06T14:45:58.515Z","2025-11-29T12:29:09.501Z","","","","Overdue","3","22","88","Projeto FV"
"https://app.process.st/runs/sOygW8ffoAdAm4hJzAxJxQ","RA1 Treinamento e Bem Estar Ltda - 13726-F","pedro.pantaleao@gaussenergia.com.br","2025-07-09T18:23:42.573Z","2025-11-27T13:01:33.809Z","","","","Overdue","2","19","88","Projeto FV"
"https://app.process.st/runs/sKvWu7npnz5cBUCQje5GHA","Caroline Guerra Moraes AUMENTO - 9417-F","pedro.pantaleao@gaussenergia.com.br","2025-06-06T18:59:04.191Z","2025-11-26T14:50:07.323Z","","","","Overdue","3","20","88","Projeto FV"
"https://app.process.st/runs/nOhtCXRrWJxJ7pYRCRxDRg","Agnaldo Sodre de Sousa Junior / Samara Araújo 4316-F","pedro.pantaleao@gaussenergia.com.br group-698ea497-ec60-4bde-b165-b8f9ccbb0cfe@process.st","2021-01-22T17:15:14.286Z","2025-11-26T12:43:26.843Z","","","","Overdue","2","22","88","Projeto FV"
"https://app.process.st/runs/slcv02Qqo0uhLlcDbaFL6A","Zene Vieira de Souza - 12069-F","pedro.pantaleao@gaussenergia.com.br group-698ea497-ec60-4bde-b165-b8f9ccbb0cfe@process.st","2024-11-04T14:19:27.027Z","2025-11-26T12:09:06.964Z","","","","Overdue","3","21","88","Projeto FV"
"https://app.process.st/runs/rbtFOxpGoAFPwHhRWepN8g","Cardoso Dourado Energia Limpa SPE - 13631-F","pedro.pantaleao@gaussenergia.com.br group-698ea497-ec60-4bde-b165-b8f9ccbb0cfe@process.st","2025-06-13T19:33:12.730Z","2025-11-25T17:48:21.730Z","","","","Overdue","3","21","88","Projeto FV"
"https://app.process.st/runs/hFvimcRyZ_s4UIRsc25Hew","Heliofabio Cardoso Dourado 6 / Joao Dourado 5  ALOCAÇAO AUMENTO DA 1 - 11679-F","pedro.pantaleao@gaussenergia.com.br","2024-08-01T17:06:24.091Z","2025-11-25T17:45:09.007Z","","","","Overdue","2","24","88","Projeto FV"
"https://app.process.st/runs/jG0gbCInSNkBaUEyUhxN5A","Marcondes Batista Dias de Oliveira ADEQUAÇAO - 8058-F","pedro.pantaleao@gaussenergia.com.br","2025-09-04T13:51:00.706Z","2025-11-25T13:09:35.009Z","","","","Overdue","3","20","88","Projeto FV"
"https://app.process.st/runs/hYH8RRkJt3iit2qX0z9Izg","Jean Carlos Figueiredo Sena - 13867-F","pedro.pantaleao@gaussenergia.com.br group-698ea497-ec60-4bde-b165-b8f9ccbb0cfe@process.st","2025-08-11T17:57:38.784Z","2025-11-25T13:07:40.696Z","","","","Overdue","3","25","88","Projeto FV"
"https://app.process.st/runs/l_9gzikHpVWMHvwxx5dLYg","Elaeyde Freitas da Silva Carvalho - 10673-F","pedro.pantaleao@gaussenergia.com.br group-698ea497-ec60-4bde-b165-b8f9ccbb0cfe@process.st","2023-12-12T17:33:55.975Z","2025-11-24T14:12:08.959Z","","","","Overdue","3","21","88","Projeto FV"
"https://app.process.st/runs/rs9jZ1w8zlTkthH9dW9P0Q","Daniela Franca Fidelis - 13670-F","pedro.pantaleao@gaussenergia.com.br group-698ea497-ec60-4bde-b165-b8f9ccbb0cfe@process.st","2025-07-24T13:15:57.816Z","2025-11-24T14:09:37.175Z","","","","Overdue","3","21","88","Projeto FV"
"https://app.process.st/runs/q_DeqtAFnKPMto6QVYdJfA","Jerri Adriano Rodrigues de Oliveira Santos - 11911-F","pedro.pantaleao@gaussenergia.com.br group-698ea497-ec60-4bde-b165-b8f9ccbb0cfe@process.st","2024-10-01T14:25:03.900Z","2025-11-24T12:17:36.520Z","","","","Overdue","3","25","88","Projeto FV"
"https://app.process.st/runs/v6oyOOmQpFziwefKYvdKvQ","Saulo Alves Matos - 11211-F","pedro.pantaleao@gaussenergia.com.br group-698ea497-ec60-4bde-b165-b8f9ccbb0cfe@process.st","2024-04-19T18:15:38.184Z","2025-11-24T12:09:00.611Z","","","","Overdue","3","25","88","Projeto FV"
"https://app.process.st/runs/uL3vkO1174y1mgaLTldA6g","Anderson Virgilio Santana Lemos - 12049-F","pedro.pantaleao@gaussenergia.com.br group-698ea497-ec60-4bde-b165-b8f9ccbb0cfe@process.st","2024-10-30T13:11:37.775Z","2025-11-24T11:57:45.440Z","","","","Overdue","3","21","88","Projeto FV"
"https://app.process.st/runs/qT5sv306WCxzIjpEstdJqw","Johabe Souza Machado AUMENTO - 10804-F","pedro.pantaleao@gaussenergia.com.br group-698ea497-ec60-4bde-b165-b8f9ccbb0cfe@process.st","2025-09-09T18:58:28.361Z","2025-11-24T11:52:18.561Z","","","","Overdue","3","21","88","Projeto FV"
"https://app.process.st/runs/tEC-lcxGyJUrPRwcmdlPtg","Mauricio Rocha de Cerqueira Lima Souza AUMENTO - Sonia Raquel 9324-F","pedro.pantaleao@gaussenergia.com.br","2025-07-31T13:45:00.282Z","2025-11-24T11:52:01.753Z","","","","Overdue","3","20","88","Projeto FV"
"https://app.process.st/runs/kxKA2p-mkzjwOB4A3JBByw","Luiz Guilherme Cavalcante Duarte 6 / Joao Dourado 2 - 11880-F","pedro.pantaleao@gaussenergia.com.br","2025-05-20T12:58:53.723Z","2025-11-23T15:09:36.606Z","","","","Overdue","3","27","88","Projeto FV"
"https://app.process.st/runs/ot28N1jzx7JEZvu6h9NM-g","Claudineide da Silva Barbosa SOMENTE HOMOLOGAÇAO  - 13499-F","pedro.pantaleao@gaussenergia.com.br","2025-05-16T13:07:48.905Z","2025-11-22T12:24:28.908Z","","","","Overdue","3","20","88","Projeto FV"
"https://app.process.st/runs/qP8HCX8AFK08MyzVMBlIaQ","Barbara Veronica de Carvalho da Paixao 1 - 13115.1-F","pedro.pantaleao@gaussenergia.com.br group-698ea497-ec60-4bde-b165-b8f9ccbb0cfe@process.st","2025-07-10T16:44:32.971Z","2025-11-21T13:34:22.771Z","","","","Overdue","2","20","88","Projeto FV"
"https://app.process.st/runs/o-YZl4kUSQf62MvCsLhEOg","Antonio Marcio da Conceiçao Teixeira  - 12329-F","pedro.pantaleao@gaussenergia.com.br","2025-07-16T19:30:04.589Z","2025-11-19T12:13:47.657Z","","","","Overdue","3","20","88","Projeto FV"
"https://app.process.st/runs/lk8YkSSm7eq8PT0DvDNEOw","Paulo Cesar Evangelista Bonfim - 12233-F","pedro.pantaleao@gaussenergia.com.br group-698ea497-ec60-4bde-b165-b8f9ccbb0cfe@process.st","2024-11-18T16:41:03.248Z","2025-11-18T14:20:07.878Z","","","","Overdue","3","21","88","Projeto FV"
"https://app.process.st/runs/uqy0huaAWjGkQyHJcpVHFA","Super Adega 4 / Artur Felipe 2735.4-F","pedro.pantaleao@gaussenergia.com.br","2020-05-15T13:14:33.950Z","2025-11-18T13:06:35.653Z","","","","Overdue","2","22","88","Projeto FV"
"https://app.process.st/runs/jrr1bqGoEUalRx482nBLmQ","Artur Felipe Leal de Oliveira 5 / Super Adega 5 6259-F","pedro.pantaleao@gaussenergia.com.br","2021-09-06T15:01:58.448Z","2025-11-18T13:04:14.708Z","","","","Overdue","3","23","88","Projeto FV"
"https://app.process.st/runs/vtYVANvlBpu1yCd45-JH0g","Ubiratan Santos de Moraes 4215-F","pedro.pantaleao@gaussenergia.com.br","2020-12-21T17:19:18.303Z","2025-11-17T16:31:36.428Z","","","","Overdue","3","24","88","Projeto FV"
"https://app.process.st/runs/sltY3oJXrNpt8q7W335GTg","Edinor Angelo Barreto Sobrinho / Martins Pereira Cana Verde / Thiago Calçados 10062-F","pedro.pantaleao@gaussenergia.com.br group-698ea497-ec60-4bde-b165-b8f9ccbb0cfe@process.st","2023-05-19T17:55:07.695Z","2025-11-17T16:04:48.121Z","","","","Overdue","3","20","88","Projeto FV"
"https://app.process.st/runs/iJPUttirxgLipiPqey1FYA","Ilza Ivone Marques Barreto - 9458-F","pedro.pantaleao@gaussenergia.com.br group-698ea497-ec60-4bde-b165-b8f9ccbb0cfe@process.st","2025-06-10T12:22:45.758Z","2025-11-17T12:29:23.606Z","","","","Overdue","3","21","88","Projeto FV"
"https://app.process.st/runs/rHdxhE9uL6imcjQH6gFHhg","Claudio Fernandes de Oliveira - 13719-F","pedro.pantaleao@gaussenergia.com.br","2025-08-06T13:17:24.889Z","2025-11-17T12:29:11.341Z","","","","Overdue","3","20","88","Projeto FV"
"https://app.process.st/runs/l9XQqseMYU2v_UUSKCNMiQ","Mega Varejao Matutino Supermercado 7 / Solo Fazenda AUMENTO - 12813.1-F","pedro.pantaleao@gaussenergia.com.br","2025-06-04T13:11:54.077Z","2025-11-17T12:28:43.804Z","","","","Overdue","3","20","88","Projeto FV"
"https://app.process.st/runs/t1lA2xfQj8jPULm7-t5Jzg","Bruno de Jesus Silva - 13532-F","pedro.pantaleao@gaussenergia.com.br group-698ea497-ec60-4bde-b165-b8f9ccbb0cfe@process.st","2025-06-12T14:35:52.256Z","2025-11-17T12:22:20.035Z","","","","Overdue","3","24","88","Projeto FV"
"https://app.process.st/runs/h7Fn8GmVIGZFFQoAj6lCUQ","Carolina Almeida da Cunha Guedes - 13011-F","pedro.pantaleao@gaussenergia.com.br group-698ea497-ec60-4bde-b165-b8f9ccbb0cfe@process.st","2025-04-17T18:00:29.301Z","2025-11-16T13:19:59.405Z","","","","Overdue","3","22","88","Projeto FV"
"https://app.process.st/runs/g1cAMQ5kch8YdqJECjZFlg","Barbara Veronica de Carvalho da Paixao 2 - 13115.2-F","pedro.pantaleao@gaussenergia.com.br","2025-07-17T13:19:14.506Z","2025-11-16T13:17:05.968Z","","","","Overdue","3","20","88","Projeto FV"
"https://app.process.st/runs/uCCgvi0eb2iQuRkGz4hI_w","Lara de Almeida Gomes - 13881-F","pedro.pantaleao@gaussenergia.com.br","2025-08-01T17:38:18.697Z","2025-11-15T12:55:47.191Z","","","","Overdue","2","19","88","Projeto FV"
"https://app.process.st/runs/gPz9ul0izOX2fq4pVQpKiw","Eduardo Rodrigues Chaves - 13834-F","pedro.pantaleao@gaussenergia.com.br","2025-07-31T14:35:34.385Z","2025-11-15T12:54:22.957Z","","","","Overdue","2","19","88","Projeto FV"
"https://app.process.st/runs/n49DpVNr8485ower5A5MBQ","GMG Solar SPE Ltda Joao / Fazenda Joao Marlon -> JMA Solar SPE Ltda ADEQUAÇAO PARCIAL 8797-F","pedro.pantaleao@gaussenergia.com.br","2025-08-13T12:28:05.558Z","2025-11-15T12:54:01.092Z","","","","Overdue","3","20","88","Projeto FV"
"https://app.process.st/runs/sPBaCAYPIPq9aPPA99pF3w","Gilvan Barbosa - Comercial de Estivas 5 - Atacado Servilar ADEQUAÇAO - 2526.2-F","pedro.pantaleao@gaussenergia.com.br","2025-08-19T17:47:41.483Z","2025-11-15T12:23:29.405Z","","","","Overdue","2","19","88","Projeto FV"
"https://app.process.st/runs/tqSARSyEawSjxz-lIXRL6w","Wendel de Sousa Lima AUMENTO - 13263-F","pedro.pantaleao@gaussenergia.com.br","2025-08-18T14:42:19.674Z","2025-11-15T12:23:17.353Z","","","","Overdue","3","20","88","Projeto FV"
"https://app.process.st/runs/kIGhSuV3CuAZxoLoTptCPw","Mega Varejao Matutino Supermercado 8 / Solo Fazenda AUMENTO - 12813.2-F","pedro.pantaleao@gaussenergia.com.br","2025-06-04T13:36:27.409Z","2025-11-15T12:22:52.881Z","","","","Overdue","3","20","88","Projeto FV"
"https://app.process.st/runs/keZKe68bQGK1rC5YSd5Bgw","Jose Sandro Pereira Valentim 5197-F","pedro.pantaleao@gaussenergia.com.br","2021-06-08T20:29:32.859Z","2025-11-14T19:37:19.887Z","","","","Overdue","3","28","88","Projeto FV"
"https://app.process.st/runs/kRkQKquHG1UsKHl3D7JK5A","Cosme De Lima Mascarenhas - 14265-F","pedro.pantaleao@gaussenergia.com.br group-aa595f0b-d840-4fcb-8407-a22a023e7e0d@process.st","2025-11-10T14:43:08.827Z","2025-11-13T14:27:31.585Z","","","","Overdue","1","7","88","Projeto FV"
"https://app.process.st/runs/iLMuiKP0vh3fP1sAANpKpw","José Mauro Passos Amancio 4140-F","pedro.pantaleao@gaussenergia.com.br","2021-01-19T18:13:57.093Z","2025-11-13T14:26:15.677Z","","","","OnTrack","0","29","88","Projeto FV"
"https://app.process.st/runs/j65090noIMTYeIkRARlNxw","Aquashop Hotelaria Ltda EPP 2 / Hotel Aquarena 2 / Aquagel 470.2-F","pedro.pantaleao@gaussenergia.com.br group-698ea497-ec60-4bde-b165-b8f9ccbb0cfe@process.st","2023-01-03T20:32:07.759Z","2025-11-11T20:37:23.387Z","","","","Overdue","3","20","88","Projeto FV"
"https://app.process.st/runs/vbjq8sC0HgJI1yHKTxRFDA","Carlos Antonio Souza Santos - 13214-F","pedro.pantaleao@gaussenergia.com.br","2025-06-09T18:58:30.025Z","2025-11-11T14:22:46.625Z","","","","Overdue","2","25","88","Projeto FV"
"https://app.process.st/runs/i5BcHOcz5PhAYrOsVddD_w","Augusto Nonato da Cruz Azevedo 2 - 14338-F","pedro.pantaleao@gaussenergia.com.br group-aa595f0b-d840-4fcb-8407-a22a023e7e0d@process.st","2025-11-04T18:03:17.786Z","2025-11-10T12:31:06.809Z","","","","OnTrack","0","12","88","Projeto FV"
"https://app.process.st/runs/uVs59V_i_ExVkSOQ5IFMOQ","PW Energia LTDA 2 Roça AUMENTO - 13433-F","pedro.pantaleao@gaussenergia.com.br","2025-08-20T13:48:41.623Z","2025-11-10T12:29:12.245Z","","","","Overdue","3","20","88","Projeto FV"
"https://app.process.st/runs/kX25ryCQV5ZCkf723yFLSA","Jose Henrique Mendonça Costa 5 / Posto Sao Pedro - 13614-F","pedro.pantaleao@gaussenergia.com.br","2025-08-15T18:06:29.636Z","2025-11-07T14:24:33.695Z","","","","Overdue","3","21","88","Projeto FV"
"https://app.process.st/runs/i2a_XFCugVHBeobZo_FOGQ","Trator Tecnica 1080-F","","2019-02-15T21:37:21.542Z","2025-11-07T14:09:12.233Z","","","","Overdue","5","22","88","Projeto FV"
"https://app.process.st/runs/rPfuV36Bv6ucIDCFhyxA1g","Danylo Aquino Silva Dourado / Adailton Silva 6323-F","pedro.pantaleao@gaussenergia.com.br group-698ea497-ec60-4bde-b165-b8f9ccbb0cfe@process.st","2021-09-03T17:32:58.678Z","2025-11-07T13:24:57.426Z","","","","Overdue","3","26","88","Projeto FV"
"https://app.process.st/runs/kmzVF4rR3AwrZ6HYxBNNxA","Gesse Barbosa Ferreira - 13844-F","pedro.pantaleao@gaussenergia.com.br","2025-08-04T17:26:48.628Z","2025-11-07T12:29:50.170Z","","","","Overdue","2","19","88","Projeto FV"
"https://app.process.st/runs/gDVq_FJAx2lxEb7rqkdDiA","Francisco Bastos Cardoso 2 / Praia do Forte 9391-F","pedro.pantaleao@gaussenergia.com.br","2022-12-29T14:31:34.563Z","2025-11-05T18:11:40.788Z","","","","Overdue","3","28","88","Projeto FV"
"https://app.process.st/runs/hX291XugelYKuKNLsBlC7Q","Paulo Rogerio Gama Moitinho - 10437-F","pedro.pantaleao@gaussenergia.com.br group-698ea497-ec60-4bde-b165-b8f9ccbb0cfe@process.st","2023-10-24T17:27:48.956Z","2025-11-05T17:59:07.524Z","","","","Overdue","3","21","88","Projeto FV"
"https://app.process.st/runs/mNKszxJwgcM437p4rbxG8w","Portomar Patrimonial Ltda / Minigeraçao 300 kW - 12682-F","pedro.pantaleao@gaussenergia.com.br group-aa595f0b-d840-4fcb-8407-a22a023e7e0d@process.st","2025-04-11T18:18:32.698Z","2025-11-04T14:33:49.580Z","","","","Overdue","1","11","88","Projeto FV"
"https://app.process.st/runs/pvHuPTUmKlU_Wji8B5RHVQ","Sergio Viana - 11123-F","pedro.pantaleao@gaussenergia.com.br group-698ea497-ec60-4bde-b165-b8f9ccbb0cfe@process.st","2024-05-09T13:46:51.674Z","2025-11-04T12:53:51.824Z","","","","Overdue","2","20","88","Projeto FV"
"https://app.process.st/runs/qS1rzNwSiT01gfEafYZOrQ","Adelson Leal Liborio 7 - Granja Sertao Frango 1339.7-F","pedro.pantaleao@gaussenergia.com.br","2022-01-14T20:04:13.106Z","2025-11-04T12:41:38.982Z","","","","Overdue","3","24","88","Projeto FV"
"https://app.process.st/runs/lfs-lhVEgyoXu3OgyJVP0w","Adelson Leal Liborio 5 - Fazenda Abenildo 1339.5-F","pedro.pantaleao@gaussenergia.com.br group-698ea497-ec60-4bde-b165-b8f9ccbb0cfe@process.st","2022-01-14T13:39:04.179Z","2025-11-04T12:39:57.497Z","","","","Overdue","3","29","88","Projeto FV"
"https://app.process.st/runs/nYlV-CPs4M5tB77HqthJFw","Adelson Leal 2 - Mercadão 1339.2-F","gabriel@gaussenergia.com.br","2018-12-14T20:04:06.328Z","2025-11-04T12:36:25.230Z","","","","Overdue","4","18","88","Projeto FV"
"https://app.process.st/runs/rrlWZlCCSOM3N4QV4U1KKQ","Supermercado Coração - Mercado 1 de Janeiro Fundo / Gessivaldo 5 ADEQUAÇAO - 3141.5-F","pedro.pantaleao@gaussenergia.com.br","2025-06-02T19:49:05.265Z","2025-11-04T12:21:38.217Z","","","","Overdue","3","20","88","Projeto FV"
"https://app.process.st/runs/o4vaWUuOnESPFksFt1FOHA","LLI Provedor Internet Ltda - 13848-F","pedro.pantaleao@gaussenergia.com.br","2025-07-31T14:19:19.766Z","2025-11-04T12:21:24.511Z","","","","Overdue","3","19","88","Projeto FV"
"https://app.process.st/runs/o8JgPbkDPPAA-_aNBl5PIg","Condominio Pier Jacuipe Residence - 10850-F","pedro.pantaleao@gaussenergia.com.br","2025-07-18T14:12:46.944Z","2025-11-03T13:27:35.938Z","","","","Overdue","2","19","88","Projeto FV"
"https://app.process.st/runs/nYfz-fqcKF5HvhQRJ4xN2A","Angela Maria Pereira dos Santos - 13565-F","pedro.pantaleao@gaussenergia.com.br","2025-07-14T16:57:23.059Z","2025-11-03T13:20:46.938Z","","","","Overdue","2","19","88","Projeto FV"
"https://app.process.st/runs/pRX0hjEL141Ud3erIqJOAg","Novo Posto Irece Ltda / Jose Henrique Mendonça ADEQUAÇAO - 12179-F","pedro.pantaleao@gaussenergia.com.br","2025-06-03T13:43:56.114Z","2025-11-02T12:35:39.526Z","","","","Overdue","2","19","88","Projeto FV"
"https://app.process.st/runs/ptGYOwEFeGaq277giFxIFg","Imagem Centro de Diagnostico Ltda ADEQUAÇAO - 156-F","pedro.pantaleao@gaussenergia.com.br","2025-06-04T12:49:03.923Z","2025-11-02T12:35:28.305Z","","","","Overdue","2","19","88","Projeto FV"
"https://app.process.st/runs/nOPEkPno7RcF_7ljpTREDA","Moacir Cedro Pimenta 2 ADEQUAÇAO - 7055.2-F","pedro.pantaleao@gaussenergia.com.br","2025-05-30T14:03:36.306Z","2025-11-02T12:35:00.988Z","","","","Overdue","2","20","88","Projeto FV"
"https://app.process.st/runs/olQOD3FxIibOUp3H08FOUA","Acquaville Park Show Ltda - 12407-F","pedro.pantaleao@gaussenergia.com.br","2025-03-07T17:03:00.825Z","2025-11-02T12:34:43.668Z","","","","Overdue","2","20","88","Projeto FV"
"https://app.process.st/runs/jBFi44zWech2Tb-s8ghDcg","Mat Mecanizaçao Agricola Ltda SOMENTE HOMOLOGAÇAO - 13512-F","pedro.pantaleao@gaussenergia.com.br","2025-05-20T18:33:17.403Z","2025-11-01T13:43:59.901Z","","","","Overdue","3","21","88","Projeto FV"
"https://app.process.st/runs/hUv3Fvf4QQQq10HGnuJHwQ","Rita de Cassia Amaral Leal Souza - 13832-F","pedro.pantaleao@gaussenergia.com.br","2025-08-11T19:05:00.863Z","2025-11-01T13:43:37.519Z","","","","Overdue","2","22","88","Projeto FV"
"https://app.process.st/runs/pMDtsMCntdZULIg2EXFH5A","RL Salvador Delivery de Bebidas Ltda - 13109-F","pedro.pantaleao@gaussenergia.com.br","2025-05-23T18:13:16.438Z","2025-11-01T13:43:20.136Z","","","","Overdue","2","24","88","Projeto FV"
"https://app.process.st/runs/mo6gIk_fcLQXJ61rXUVJ8A","Rilma Ferreira de Souza Santos - 12560-F","pedro.pantaleao@gaussenergia.com.br","2025-07-21T19:54:37.968Z","2025-10-31T13:34:13.986Z","","","","Overdue","3","20","88","Projeto FV"
"https://app.process.st/runs/mzVn4OhgEvslEJPia_dAhQ","Carmen Augusta Dantas Santos / Genivaldo 8078-F","pedro.pantaleao@gaussenergia.com.br","2022-03-25T18:40:30.179Z","2025-10-30T16:59:06.685Z","","","","Overdue","1","24","88","Projeto FV"
"https://app.process.st/runs/lm6xY9wXo--Eacx9ZHpOfA","Clayton Rocha da Silva 9336-F","pedro.pantaleao@gaussenergia.com.br","2022-11-29T13:46:12.205Z","2025-10-29T17:34:27.894Z","","","","Overdue","3","21","88","Projeto FV"
"https://app.process.st/runs/rdfGml7xJK8DkGM_I7xFGA","Mega Varejao Matutino Supermercado 8 / Solo Fazenda - 12813.2-F","pedro.pantaleao@gaussenergia.com.br group-698ea497-ec60-4bde-b165-b8f9ccbb0cfe@process.st","2025-03-28T14:23:43.434Z","2025-10-29T11:54:27.142Z","","","","Overdue","3","22","88","Projeto FV"
"https://app.process.st/runs/qKsNuZcVqt0mGJR3NUdGzA","Renata Vieira de Carvalho / Petrolina 7803-F","pedro.pantaleao@gaussenergia.com.br","2022-01-18T13:13:19.952Z","2025-10-28T16:04:40.077Z","","","","Overdue","3","21","88","Projeto FV"
"https://app.process.st/runs/qNGkSwfQ4QUsrLRlRj9Gbw","Flavia Souza Oliveira Vitor / Cleriston Vitor Mendes 7208-F","pedro.pantaleao@gaussenergia.com.br","2021-12-13T13:06:22.820Z","2025-10-28T14:59:11.062Z","","","","Overdue","2","21","88","Projeto FV"
"https://app.process.st/runs/tvdVxKSP3dIPYvFE67BEIg","Osvaldo Sampaio dos Reis Meireles Neto SOMENTE HOMOLOGAÇAO - 13782-F","pedro.pantaleao@gaussenergia.com.br","2025-07-18T18:48:59.130Z","2025-10-28T12:15:42.198Z","","","","Overdue","3","20","88","Projeto FV"
"https://app.process.st/runs/u6TjxntP3Jq4S_Uo07xPKQ","Gabriel Dantas Dourado - 13686.2-F","pedro.pantaleao@gaussenergia.com.br","2025-07-22T14:31:48.228Z","2025-10-28T12:14:36.089Z","","","","Overdue","2","19","88","Projeto FV"
"https://app.process.st/runs/nIqu0RKgiWHgXd-OnPFLHA","Carlos Alberto Marçal 1995-F","raniel.garcia@gaussenergia.com.br","2019-06-12T16:46:36.681Z","2025-10-27T17:34:52.022Z","","","","Overdue","5","18","88","Projeto FV"
"https://app.process.st/runs/sdKGJo0AOi_aYq-cD0dCqA","Condominio Village Atlantico Itacimirim - 13875-F","pedro.pantaleao@gaussenergia.com.br","2025-08-04T17:47:31.096Z","2025-10-27T13:55:37.037Z","","","","Overdue","2","19","88","Projeto FV"
"https://app.process.st/runs/hruL3iibk-Vc2DQJfX1HyA","Rede Mais Comercio Atacadista de Mercadorias S/A - 11879-F","pedro.pantaleao@gaussenergia.com.br","2025-04-22T17:29:21.317Z","2025-10-27T13:55:21.498Z","","","","Overdue","3","21","88","Projeto FV"
"https://app.process.st/runs/ntJuHl16OyT_tGJE5fFDjg","Condominio Canto Belo Aeroporto 1 - 12419.1-F","pedro.pantaleao@gaussenergia.com.br group-aa595f0b-d840-4fcb-8407-a22a023e7e0d@process.st","2025-09-26T18:23:37.265Z","2025-10-25T15:04:22.153Z","","","","Overdue","1","10","88","Projeto FV"
"https://app.process.st/runs/pFB56_Et9gEbWgZ3PchAAQ","Antonio Geraldo Gomes Cardoso - 13235-F","pedro.pantaleao@gaussenergia.com.br group-698ea497-ec60-4bde-b165-b8f9ccbb0cfe@process.st","2025-05-19T13:58:13.551Z","2025-10-25T12:15:45.145Z","","","","Overdue","3","21","88","Projeto FV"
"https://app.process.st/runs/vCcSRld2D29N865X4V1MGg","Agal Bastos Conceiçao SOMENTE HOMOLOGAÇAO - 13712-F","pedro.pantaleao@gaussenergia.com.br","2025-07-04T18:14:59.692Z","2025-10-25T12:15:06.404Z","","","","Overdue","3","20","88","Projeto FV"
"https://app.process.st/runs/kByPc-GxZTGIXyubmPxBng","Leandro Custodio de Miranda - Supermercado Bahia 1834-F","","2019-02-12T14:22:56.519Z","2025-10-24T18:11:52.846Z","","","","Overdue","5","18","88","Projeto FV"
"https://app.process.st/runs/pQrX0L9NGXyZ3zIRBhdCbA","Distribuidor Solenergia Ltda / Uelton Carmo - 10348-F","pedro.pantaleao@gaussenergia.com.br","2025-03-31T13:05:33.539Z","2025-10-24T14:48:39.833Z","","","","Overdue","3","21","88","Projeto FV"
"https://app.process.st/runs/vY74MGqFRmSbf9yhpF1Liw","Leonor Ferreira de Melo / Fred Tenis 4551-F","pedro.pantaleao@gaussenergia.com.br group-698ea497-ec60-4bde-b165-b8f9ccbb0cfe@process.st","2021-04-08T18:35:16.319Z","2025-10-24T14:21:00.987Z","","","","Overdue","3","23","88","Projeto FV"
"https://app.process.st/runs/o2js2j_Co95ESJfBelFMYA","Leandrison Rodrigues Rosa - 10674-F","pedro.pantaleao@gaussenergia.com.br","2023-12-14T20:20:41.864Z","2025-10-24T14:05:20.482Z","","","","Overdue","3","21","88","Projeto FV"
"https://app.process.st/runs/rbD38P7SFNU7R4D-X09Ocw","Gabriel Teixeira de Souza - 12508-F","pedro.pantaleao@gaussenergia.com.br","2025-01-20T13:06:19.055Z","2025-10-24T13:41:41.078Z","","","","Overdue","3","21","88","Projeto FV"
"https://app.process.st/runs/rp9zqtR2gdZvIWht22ZGpQ","AVM Barra Empreendimento Imobiliario SPE Ltda ADEQUAÇAO / Adelpe -> VESTRA EMPREENDIMENTOS IMOBILIÁRIOS LTDA  8857-F","pedro.pantaleao@gaussenergia.com.br","2023-01-04T19:53:35.274Z","2025-10-24T13:26:06.538Z","","","","Overdue","3","21","88","Projeto FV"
"https://app.process.st/runs/qWgm2OhgW90Lq6zxV51HtA","Clinica Corpus Serviços Medicos EPP / Corpus Day / Karina Lopes 4568-F","pedro.pantaleao@gaussenergia.com.br","2022-02-02T21:01:35.989Z","2025-10-22T17:10:15.981Z","","","","Overdue","3","22","88","Projeto FV"
"https://app.process.st/runs/pMCirztgh6qAjhiqkZRBYw","Laurivanio Gomes Camacam - 11106-F","pedro.pantaleao@gaussenergia.com.br group-698ea497-ec60-4bde-b165-b8f9ccbb0cfe@process.st","2024-07-05T18:22:58.369Z","2025-10-22T14:27:16.902Z","","","","Overdue","3","21","88","Projeto FV"
"https://app.process.st/runs/vzirDziGNYxjDWUsQ95KJw","Jose Carlos Oliveira de Carvalho - 10712-F","pedro.pantaleao@gaussenergia.com.br","2024-01-10T17:22:07.978Z","2025-10-21T18:52:29.281Z","","","","Overdue","3","25","88","Projeto FV"
"https://app.process.st/runs/pwaL3RlpAiSvcEu8r31AWw","3266-F Luna Marcia / Claudia Carneiro","pedro.pantaleao@gaussenergia.com.br group-698ea497-ec60-4bde-b165-b8f9ccbb0cfe@process.st","2020-03-19T13:53:04.947Z","2025-10-21T17:18:31.650Z","","","","Overdue","2","26","88","Projeto FV"
"https://app.process.st/runs/hAlEVFQ3KNCEq7076XlOQQ","Almir Pereira Filho 2 - 13558-F","pedro.pantaleao@gaussenergia.com.br","2025-06-13T14:02:24.373Z","2025-10-21T14:11:20.693Z","","","","Overdue","3","21","88","Projeto FV"
"https://app.process.st/runs/pxLNFJtwq0V9ZCT5Kw1K_A","Joel Peixoto dos Santos Filho AUMENTO - 2369-F","pedro.pantaleao@gaussenergia.com.br","2025-03-18T19:36:42.664Z","2025-10-21T13:29:43.734Z","","","","Overdue","3","21","88","Projeto FV"
"https://app.process.st/runs/v7e15c-dJQFdLKc1YldI9g","Veridiana dos Santos Almeida SOMENTE HOMOLOGAÇAO - 13729-F","pedro.pantaleao@gaussenergia.com.br","2025-07-14T14:31:15.748Z","2025-10-21T13:21:24.503Z","","","","Overdue","2","19","88","Projeto FV"
"https://app.process.st/runs/uaMEl0CvlFuuG33n0zJDbQ","SAFE Segurança Eletronica Ltda - 11874-F","pedro.pantaleao@gaussenergia.com.br group-698ea497-ec60-4bde-b165-b8f9ccbb0cfe@process.st","2025-02-26T13:08:55.836Z","2025-10-21T12:45:27.928Z","","","","Overdue","2","21","88","Projeto FV"
"https://app.process.st/runs/umdPlsTW7QGsmpBTcCBF2A","Camila Martins Ferreira AUMENTO - 11314-F","pedro.pantaleao@gaussenergia.com.br","2024-09-12T13:40:29.077Z","2025-10-19T12:35:33.386Z","","","","Overdue","3","24","88","Projeto FV"
"https://app.process.st/runs/vV5XCPg5VEhqmBS1gNRBXg","Ronaldo Guilherme dos Santos Castro ME - Pousada Alto Cajueiro AUMENTO - 5666-F","pedro.pantaleao@gaussenergia.com.br","2025-07-10T19:25:14.560Z","2025-10-19T12:35:09.969Z","","","","Overdue","2","19","88","Projeto FV"
"https://app.process.st/runs/pc05mgu9loB-pb80JL5GVg","Geovande Alves Brito Carvalho / Carvalho e Brito Ltda ME 1 ADEQUAÇAO - 5160-F","pedro.pantaleao@gaussenergia.com.br","2025-06-02T14:40:59.095Z","2025-10-18T14:07:36.626Z","","","","Overdue","3","20","88","Projeto FV"
"https://app.process.st/runs/nfJpV8jqnvhKpWOesGNAlw","Ione Ivete Carapia Santos AUMENTO - 11033-F","pedro.pantaleao@gaussenergia.com.br","2025-07-22T19:33:35.639Z","2025-10-17T17:36:51.859Z","","","","Overdue","3","20","88","Projeto FV"
"https://app.process.st/runs/tD0WA4KvmLE1KKaCIv1Czw","Virgilio A V B C G P de S C Machado - 13652-F","pedro.pantaleao@gaussenergia.com.br","2025-07-08T14:07:02.044Z","2025-10-17T17:36:36.323Z","","","","Overdue","2","19","88","Projeto FV"
"https://app.process.st/runs/itlt8nNkEJTETTEJoWdAew","Poppy Supermercado Ltda - 11687-F","pedro.pantaleao@gaussenergia.com.br group-aa595f0b-d840-4fcb-8407-a22a023e7e0d@process.st","2025-10-09T13:02:43.910Z","2025-10-15T12:00:26.105Z","","","","OnTrack","0","12","88","Projeto FV"
"https://app.process.st/runs/t5hRR8YpOa2peo9ox3ZFNA","Carlos Henrique Florentino de Arruda AUMENTO - 271-F","pedro.pantaleao@gaussenergia.com.br","2025-06-11T14:35:55.134Z","2025-10-14T12:10:11.301Z","","","","Overdue","3","20","88","Projeto FV"
"https://app.process.st/runs/nnvc5780ON0fDsnlsztHFw","Jaeldson Rosa Damasceno ADEQUAÇAO E AUMENTO - 11831-F","pedro.pantaleao@gaussenergia.com.br","2025-06-03T14:38:15.829Z","2025-10-14T12:10:03.518Z","","","","Overdue","2","19","88","Projeto FV"
"https://app.process.st/runs/tB5revWjGfq3kTctzmVOOg","Tania Maria Costa Machado - 13702-F","pedro.pantaleao@gaussenergia.com.br group-698ea497-ec60-4bde-b165-b8f9ccbb0cfe@process.st","2025-07-17T14:10:46.249Z","2025-10-13T17:14:59.318Z","","","","Overdue","3","21","88","Projeto FV"
"https://app.process.st/runs/rjOh52UyaFHEuQFclipNxQ","Jaeldson Rosa Damasceno 2 ADEQUAÇAO - 12088.1-F","pedro.pantaleao@gaussenergia.com.br","2025-07-22T13:25:13.459Z","2025-10-13T17:14:49.091Z","","","","Overdue","2","19","88","Projeto FV"
"https://app.process.st/runs/r3xd0AO_0KeF3iEWirlPTQ","Vivaldo Nascimento Almeida 1443-F","","2018-12-10T18:34:54.072Z","2025-10-10T19:21:30.755Z","","","","Overdue","5","21","88","Projeto FV"
"https://app.process.st/runs/m_J2SgDwH7A-cM9gBsxBrw","Ricardo Aurelio Oliveira de Figueiredo / RA1 Fitness AUMENTO - 9880-F","pedro.pantaleao@gaussenergia.com.br","2024-05-29T14:30:38.481Z","2025-10-10T18:59:31.491Z","","","","Overdue","3","21","88","Projeto FV"
"https://app.process.st/runs/pjmE8XppJHFlTKK2q2ZPbA","Royal Textil Ind e Com de Confec Ltda -> ARENILTON PAULO DOS SANTOS  4577-F","pedro.pantaleao@gaussenergia.com.br","2021-03-31T20:48:55.297Z","2025-10-10T12:32:16.826Z","","","","Overdue","3","23","88","Projeto FV"
"https://app.process.st/runs/ilcmzI1OTep0QJmohxtCOQ","Tiago Conceicao de Souza - 12094-F","pedro.pantaleao@gaussenergia.com.br group-698ea497-ec60-4bde-b165-b8f9ccbb0cfe@process.st","2025-01-08T18:34:03.510Z","2025-10-10T12:26:50.075Z","","","","Overdue","2","25","88","Projeto FV"
"https://app.process.st/runs/myNO9TzTMA8Vkv9AxLRDpg","Silvia Cristina Simplicio Dos Santos AUMENTO DE PROJETO TERCEIRO - 12929-F","pedro.pantaleao@gaussenergia.com.br","2025-06-13T14:29:57.859Z","2025-10-10T12:25:47.017Z","","","","Overdue","2","23","88","Projeto FV"
"https://app.process.st/runs/qjw1qmu6952FMTBWf0VCgg","Condominio Veredas do Sol Residencias 7374-F","pedro.pantaleao@gaussenergia.com.br","2022-09-01T14:41:12.880Z","2025-10-10T12:10:01.992Z","","","","Overdue","3","23","88","Projeto FV"
"https://app.process.st/runs/rJTZjGv1zF8ovqt2zqFHag","Antonio Lomes do Nascimento 10 / Pernambues 2 - 12733-F","pedro.pantaleao@gaussenergia.com.br group-698ea497-ec60-4bde-b165-b8f9ccbb0cfe@process.st group-aa595f0b-d840-4fcb-8407-a22a023e7e0d@process.st","2025-09-09T19:52:13.137Z","2025-10-10T12:06:46.863Z","","","","OnTrack","0","3","88","Projeto FV"
"https://app.process.st/runs/i90ZOzUMiKNjEzxpOyVIuw","Bruno Cesar Santos Oliveira - 13728-F","pedro.pantaleao@gaussenergia.com.br group-aa595f0b-d840-4fcb-8407-a22a023e7e0d@process.st","2025-08-01T14:09:33.131Z","2025-10-08T14:56:17.193Z","","","","Overdue","1","18","88","Projeto FV"
"https://app.process.st/runs/gb6NU4Xfng3Zs9yhBWFEWA","JMA Solar SPE LTDA 4 / Galpão C ADEQUAÇAO - 11620-F","pedro.pantaleao@gaussenergia.com.br","2025-07-07T18:27:28.907Z","2025-10-07T12:21:52.605Z","","","","Overdue","3","20","88","Projeto FV"
"https://app.process.st/runs/uWis8R8RY07zxRaK_gBOZw","Jorge Luiz Santos D Affonseca / Joao Batista Mac D Affonnseca 8159-F","pedro.pantaleao@gaussenergia.com.br group-698ea497-ec60-4bde-b165-b8f9ccbb0cfe@process.st","2022-05-13T17:17:58.007Z","2025-10-06T19:39:35.723Z","","","","Overdue","2","23","88","Projeto FV"
"https://app.process.st/runs/kE1X-C0nlJuxoWHdFtVKUA","Seone Regina Gomes ->   Eulália Patrícia Antunes de Andrade 11341-F","pedro.pantaleao@gaussenergia.com.br group-698ea497-ec60-4bde-b165-b8f9ccbb0cfe@process.st","2024-04-18T14:55:21.401Z","2025-10-06T18:30:00.483Z","","","","Overdue","3","21","88","Projeto FV"
"https://app.process.st/runs/iVLOTzJfUh_7RO8wghVANQ","Marineuza Silva Dourado ADEQUAÇAO - 5087-F","pedro.pantaleao@gaussenergia.com.br","2025-07-18T16:46:13.305Z","2025-10-06T12:53:58.972Z","","","","Overdue","2","19","88","Projeto FV"
"https://app.process.st/runs/jn-zEVn2-u1n4RF4UsVMnw","Andre Pereira de Souza - 12964-F","pedro.pantaleao@gaussenergia.com.br group-698ea497-ec60-4bde-b165-b8f9ccbb0cfe@process.st","2025-06-03T18:20:40.573Z","2025-10-05T11:56:39.250Z","","","","Overdue","3","21","88","Projeto FV"
"https://app.process.st/runs/rQQThtJZOdIzHqT0pJNP3w","Marcos Monteiro Graciano - 12362-F","pedro.pantaleao@gaussenergia.com.br","2025-01-15T18:55:35.724Z","2025-10-05T11:56:26.810Z","","","","Overdue","2","20","88","Projeto FV"
"https://app.process.st/runs/h6_N1Zww55_Me3k9JRpPvQ","Marcelo Dourado Loula / Fazenda Canada - 13043.2-F","pedro.pantaleao@gaussenergia.com.br","2025-03-31T14:32:50.338Z","2025-10-05T11:56:13.980Z","","","","Overdue","2","24","88","Projeto FV"
"https://app.process.st/runs/ozDebPpBkSY1Yn_ikV5KUg","Shopmed Brasil Comercio de Medicamentos 1 - 13036.1-F","pedro.pantaleao@gaussenergia.com.br","2025-05-20T19:45:41.167Z","2025-10-05T11:55:56.239Z","","","","Overdue","2","20","88","Projeto FV"
"https://app.process.st/runs/hu_L638xbmh53b9NgDFHOA","Shopmed Brasil Comercio de Medicamentos 2 - 13036.2-F","pedro.pantaleao@gaussenergia.com.br group-698ea497-ec60-4bde-b165-b8f9ccbb0cfe@process.st group-aa595f0b-d840-4fcb-8407-a22a023e7e0d@process.st","2025-05-21T12:19:09.465Z","2025-10-04T12:13:19.978Z","","","","Overdue","4","21","88","Projeto FV"
"https://app.process.st/runs/mq5lDqCIvu1H2MPSEBJJrQ","Cristiane Conceiçao Gouveia Couto Souza - 11246-F","pedro.pantaleao@gaussenergia.com.br group-698ea497-ec60-4bde-b165-b8f9ccbb0cfe@process.st","2025-05-26T12:44:10.192Z","2025-10-04T12:12:59.299Z","","","","Overdue","2","23","88","Projeto FV"
"https://app.process.st/runs/ifIvky0UnxOn-YEul0ZGFg","Edvaldo Calazans de Freitas - 11277-F","pedro.pantaleao@gaussenergia.com.br","2024-05-16T20:06:27.133Z","2025-10-03T19:13:32.579Z","","","","Overdue","3","21","88","Projeto FV"
"https://app.process.st/runs/nhD36QKyrjHlDcAPgrxMlw","Manoel Luiz Miguel Jeronimo - 12230-F","pedro.pantaleao@gaussenergia.com.br group-698ea497-ec60-4bde-b165-b8f9ccbb0cfe@process.st","2024-11-13T17:56:51.591Z","2025-10-03T19:01:53.900Z","","","","Overdue","3","21","88","Projeto FV"
"https://app.process.st/runs/oc0bIgu2aj4kVTKudVhKQA","Ivanilso Jose dos Santos - 13394-F","pedro.pantaleao@gaussenergia.com.br","2025-05-02T17:45:21.662Z","2025-10-03T17:37:26.061Z","","","","Overdue","3","21","88","Projeto FV"
"https://app.process.st/runs/qhOF5kEHocuczE4R_pNPhw","Marcela Santana Guimaraes - 12198-F","pedro.pantaleao@gaussenergia.com.br group-698ea497-ec60-4bde-b165-b8f9ccbb0cfe@process.st","2024-11-27T13:16:07.394Z","2025-10-03T14:07:20.767Z","","","","Overdue","3","21","88","Projeto FV"
"https://app.process.st/runs/t9oPPp5ebuU_cr4_0lBFmA","Jaciara de Santana Silva Santos SOMENTE HOMOLOGAÇAO - 13615-F","pedro.pantaleao@gaussenergia.com.br","2025-06-13T13:50:24.863Z","2025-10-03T13:42:24.770Z","","","","Overdue","2","19","88","Projeto FV"
"https://app.process.st/runs/kdFJPxJLLm-TvmW6RRlACA","Stoque Patrimonial LTDA - 11862-F","pedro.pantaleao@gaussenergia.com.br group-698ea497-ec60-4bde-b165-b8f9ccbb0cfe@process.st","2024-10-14T17:21:39.284Z","2025-10-02T12:33:42.350Z","","","","Overdue","3","21","88","Projeto FV"
"https://app.process.st/runs/pC9x5RbklidmYhO3EVVJvA","Soeli Gomes de Freitas Rocha / Iasmin Freiras Rocha 9405-F","pedro.pantaleao@gaussenergia.com.br group-698ea497-ec60-4bde-b165-b8f9ccbb0cfe@process.st","2022-12-29T17:13:06.560Z","2025-10-02T12:27:18.754Z","","","","Overdue","3","23","88","Projeto FV"
"https://app.process.st/runs/i6w5T6P0L3eix072YGBExw","Helder Tiago Costa Santos AUMENTO / Mauricio Almeida Coelho 8364-F","pedro.pantaleao@gaussenergia.com.br","2024-04-26T14:03:05.104Z","2025-10-01T18:42:31.418Z","","","","Overdue","3","21","88","Projeto FV"
"https://app.process.st/runs/qyoMxnfmVtqukTyZ7xZKzw","Patrimonial Sao Jose Empresarial Ltda / Antonio Paulo Monteiro Melo 5-> ASSOCIACAO CONEXAO SOLAR 9638.2-F","pedro.pantaleao@gaussenergia.com.br","2023-01-04T20:57:45.719Z","2025-09-30T18:40:02.873Z","","","","Overdue","3","26","88","Projeto FV"
"https://app.process.st/runs/nmUrzipa39JODoU5AkFHbg","Marcos Edilton Cintra Santos SOMENTE HOMOLOGAÇAO - 13277-F","pedro.pantaleao@gaussenergia.com.br","2025-04-15T14:49:49.590Z","2025-09-27T18:06:45.517Z","","","","Overdue","2","20","88","Projeto FV"
"https://app.process.st/runs/uTglFJTvCJE9XWzDJHZGXQ","Geisa de Oliveira Dourado - 13554-F","pedro.pantaleao@gaussenergia.com.br","2025-07-07T17:24:52.204Z","2025-09-27T12:14:46.168Z","","","","Overdue","2","19","88","Projeto FV"
"https://app.process.st/runs/jn8J5LfgRWAFU1AqrWNFXg","Ana Simoes de Lunas Neta AUMENTO 9665-F","pedro.pantaleao@gaussenergia.com.br","2025-06-05T17:18:47.556Z","2025-09-27T12:14:32.906Z","","","","Overdue","2","19","88","Projeto FV"
"https://app.process.st/runs/t2tU9Z3cLNkwjq1slSpHow","Ariobaldo Ferreira Barros / Novo Material de Construção Lider Ltda - 10013-F","pedro.pantaleao@gaussenergia.com.br group-698ea497-ec60-4bde-b165-b8f9ccbb0cfe@process.st","2023-07-26T16:59:12.280Z","2025-09-26T18:06:39.150Z","","","","Overdue","3","22","88","Projeto FV"
"https://app.process.st/runs/ho_mtV74biVEEVMMAC1HeQ","Judite Ferreira dos Santos AUMENTO - 10666-F","pedro.pantaleao@gaussenergia.com.br","2025-07-04T19:48:03.491Z","2025-09-26T16:55:24.252Z","","","","Overdue","3","20","88","Projeto FV"
"https://app.process.st/runs/qO43r4bP2GxNjSllPyBA1Q","Leonardo Barreto de Souza 9845-F","pedro.pantaleao@gaussenergia.com.br group-698ea497-ec60-4bde-b165-b8f9ccbb0cfe@process.st","2023-03-21T18:24:58.796Z","2025-09-26T14:45:21.068Z","","","","Overdue","3","25","88","Projeto FV"
"https://app.process.st/runs/geNXh8Z_ONOlBPwnd7NIGQ","Rossini Mendes de Carvalho 1 - 13787-F","pedro.pantaleao@gaussenergia.com.br group-aa595f0b-d840-4fcb-8407-a22a023e7e0d@process.st","2025-09-15T18:23:35.896Z","2025-09-26T13:16:28.441Z","","","","OnTrack","0","12","88","Projeto FV"
"https://app.process.st/runs/mJ9PDZrpchqGHjIYqZRDcg","Gilvan Barbosa - Comercial de Estivas 6 - Servilar - 2526.6-F","","2020-01-06T14:43:24.011Z","2025-09-25T17:55:18.071Z","","","","Overdue","5","20","88","Projeto FV"
"https://app.process.st/runs/vUlT-zBvnQsN37JGyRlCTA","Gilvan Barbosa - Comercial de Estivas 1 - Hiper Servilar - 2526.1-F","pedro.pantaleao@gaussenergia.com.br","2019-10-21T19:50:38.204Z","2025-09-25T17:55:13.356Z","","","","Overdue","4","17","88","Projeto FV"
"https://app.process.st/runs/uuFMh4YsLV7ITSZ3V81GOg","Julio Cesar de Andrade   10935-F","pedro.pantaleao@gaussenergia.com.br group-aa595f0b-d840-4fcb-8407-a22a023e7e0d@process.st","2024-06-14T20:00:31.880Z","2025-09-24T18:36:35.845Z","","","","Overdue","1","20","88","Projeto FV"
"https://app.process.st/runs/ur7F06brLx2xGMn4xTdDIQ","Roberio Oliveira da Silva 1939-F","pedro.pantaleao@gaussenergia.com.br group-698ea497-ec60-4bde-b165-b8f9ccbb0cfe@process.st","2021-06-01T17:47:04.776Z","2025-09-24T14:52:09.304Z","","","","Overdue","3","20","88","Projeto FV"
"https://app.process.st/runs/gW6hb8n3ZqxU8vZslo9A-Q","1216-F Jorge Edilson - Arena Central / Colegio cometa","pedro.pantaleao@gaussenergia.com.br","2020-03-17T20:42:18.013Z","2025-09-23T20:19:08.966Z","","","","Overdue","3","22","88","Projeto FV"
"https://app.process.st/runs/gFSOLd1LHGMcvGbSRtBH1w","José Clecio / Bar Dona Lita / Joselita 2199-F","raniel.garcia@gaussenergia.com.br","2019-08-29T13:48:46.636Z","2025-09-23T17:55:07.892Z","","","","Overdue","5","21","88","Projeto FV"
"https://app.process.st/runs/ky5SJjlx-cdGlthhIhZD5w","Elias Gomes Dourado - Pizzaria a Fornalha AUMENTO 2 2907-F","pedro.pantaleao@gaussenergia.com.br","2024-08-23T13:17:08.732Z","2025-09-23T17:09:04.713Z","","","","Overdue","2","20","88","Projeto FV"
"https://app.process.st/runs/vvedKJpK3xpwjpveFrRDNA","Bar do Leno / Heleno Izidio Silva AUMENTO NAO HOMOLOGADO - 1505-F","pedro.pantaleao@gaussenergia.com.br group-aa595f0b-d840-4fcb-8407-a22a023e7e0d@process.st","2023-08-24T14:07:04.881Z","2025-09-23T14:08:42.786Z","","","","OnTrack","0","2","88","Projeto FV"
"https://app.process.st/runs/jhzKCqDo2422-SqluRFNsQ","Clodoaldo de Santana Ramos 2 AUMENTO / Adevanilda / SOMAR ->   HGBR EMPREENDIMENTOS 8377-F","pedro.pantaleao@gaussenergia.com.br","2025-02-13T18:38:54.787Z","2025-09-22T19:30:21.099Z","","","","Overdue","2","27","88","Projeto FV"
"https://app.process.st/runs/hbGAWZcUo710aSpAt9VIag","Isabela Cirino Brandao Dourado 1 / Fazenda Vila Mariana - 13680.4-F","pedro.pantaleao@gaussenergia.com.br group-aa595f0b-d840-4fcb-8407-a22a023e7e0d@process.st","2025-07-29T14:46:20.820Z","2025-09-22T13:32:44.292Z","","","","OnTrack","0","12","88","Projeto FV"
"https://app.process.st/runs/qgkliTEZbFu90D5jbG5E5A","Ceramica Sao Tome / Marcelo Novaes Rocha ADEQUAÇAO - 7060-F","pedro.pantaleao@gaussenergia.com.br","2025-06-02T18:02:35.508Z","2025-09-22T12:16:40.760Z","","","","Overdue","2","23","88","Projeto FV"
"https://app.process.st/runs/mW9ZkrKbYRVZGpIxN4xPsg","Jorge Edilson Carvalho Brito 2 - 12812-F","pedro.pantaleao@gaussenergia.com.br","2025-03-12T16:41:04.333Z","2025-09-19T19:47:26.706Z","","","","Overdue","3","21","88","Projeto FV"
"https://app.process.st/runs/rRZHFBgH2pOxzvgXP3lCJQ","Luiz Carlos / AB Gráfica AUMENTO  2794-F","pedro.pantaleao@gaussenergia.com.br","2024-08-15T13:41:30.762Z","2025-09-19T18:20:35.571Z","","","","Overdue","3","21","88","Projeto FV"
"https://app.process.st/runs/p8eVWlNbugSoFZZs3DRCDA","1171-F COMETA EMPREENDIMENTOS EDUCACIONAIS LTDA","gabriel@gaussenergia.com.br","2018-12-10T18:34:41.641Z","2025-09-19T13:06:08.865Z","","","","Overdue","2","30","88","Projeto FV"
"https://app.process.st/runs/j4qIOP4-uwAZZ803zcdKKw","Nathaly Gama Oliveira Souza Moreira / Agnaldo Simoes Moreira Filho - 12482-F","pedro.pantaleao@gaussenergia.com.br group-698ea497-ec60-4bde-b165-b8f9ccbb0cfe@process.st group-aa595f0b-d840-4fcb-8407-a22a023e7e0d@process.st","2025-05-09T13:11:03.425Z","2025-09-19T12:41:04.544Z","","","","Overdue","3","19","88","Projeto FV"
"https://app.process.st/runs/uZt1W7s3MRlFrBjMHxJG3g","Lua Souza Cunha AUMENTO / Francinete Souza Cunha 8344-F","pedro.pantaleao@gaussenergia.com.br","2022-12-27T14:22:32.372Z","2025-09-18T19:08:37.689Z","","","","Overdue","3","20","88","Projeto FV"
"https://app.process.st/runs/sfLlJ6_KlrSorfV1o5dMtQ","Alexandre Dandas de Oliveira - 11902-F","pedro.pantaleao@gaussenergia.com.br","2024-09-10T17:51:55.575Z","2025-09-18T18:59:39.945Z","","","","Overdue","3","21","88","Projeto FV"
"https://app.process.st/runs/tUopsSTKymcZ2q0lbJZKRA","Carlos Roberto Prazeres Figueroa - 11999-F","pedro.pantaleao@gaussenergia.com.br","2024-10-15T17:22:12.680Z","2025-09-18T18:29:33.534Z","","","","Overdue","3","21","88","Projeto FV"
"https://app.process.st/runs/s1EpyixMxU7hqLuOgNpHwQ","Humberto Nunes Dourado 1 / Fazenda Rio Verde - 13680.1-F","pedro.pantaleao@gaussenergia.com.br group-aa595f0b-d840-4fcb-8407-a22a023e7e0d@process.st","2025-07-29T12:23:19.133Z","2025-09-18T12:26:54.811Z","","","","OnTrack","0","12","88","Projeto FV"
"https://app.process.st/runs/pU2aNvpIdf73oryuBeVHrA","Erenaldo Santana da Silva - 13113-F","pedro.pantaleao@gaussenergia.com.br group-698ea497-ec60-4bde-b165-b8f9ccbb0cfe@process.st","2025-04-02T14:09:52.445Z","2025-09-16T14:51:50.740Z","","","","Overdue","2","20","88","Projeto FV"
"https://app.process.st/runs/twoThPY__p38GpnXymVJ7g","Roberto Farias de Menezes Filho - 13106-F","pedro.pantaleao@gaussenergia.com.br","2025-04-24T14:20:08.955Z","2025-09-16T12:26:46.894Z","","","","Overdue","2","20","88","Projeto FV"
"https://app.process.st/runs/ptnldp74RlT3JpCtJgJIRA","Edu Cobaian Amorim - 13494-F","pedro.pantaleao@gaussenergia.com.br group-698ea497-ec60-4bde-b165-b8f9ccbb0cfe@process.st","2025-05-20T18:25:42.409Z","2025-09-16T12:26:33.688Z","","","","Overdue","3","22","88","Projeto FV"
"https://app.process.st/runs/sVBAZCaywpYzGleYmqFJLA","Selma Soares de Araujo - 12832-F","pedro.pantaleao@gaussenergia.com.br","2025-05-06T18:10:29.666Z","2025-09-16T12:25:11.105Z","","","","Overdue","2","19","88","Projeto FV"
"https://app.process.st/runs/iq04AwIeNvKwyy9yMZlAlQ","Lyus Confecçoes / Projeto Clario Energia AUMENTO NAO HOMOLOGADO - 1403-F","pedro.pantaleao@gaussenergia.com.br group-aa595f0b-d840-4fcb-8407-a22a023e7e0d@process.st","2023-09-25T13:07:55.817Z","2025-09-16T12:18:10.140Z","","","","OnTrack","0","1","88","Projeto FV"
"https://app.process.st/runs/jJvfFIjfIRicZCwapJ1LhA","Angelica Maria Nascimento da Costa - 13179-F","pedro.pantaleao@gaussenergia.com.br group-698ea497-ec60-4bde-b165-b8f9ccbb0cfe@process.st","2025-04-22T14:30:33.519Z","2025-09-15T13:33:34.806Z","","","","Overdue","3","22","88","Projeto FV"
"https://app.process.st/runs/ip7lFS5NeSRcRI6ktElKiA","Natal Cardoso Brito - 13334-F","pedro.pantaleao@gaussenergia.com.br group-698ea497-ec60-4bde-b165-b8f9ccbb0cfe@process.st","2025-05-05T14:18:38.808Z","2025-09-15T13:28:36.650Z","","","","Overdue","3","22","88","Projeto FV"
"https://app.process.st/runs/qLs4oFbD2zkYQd5U9cBN3Q","Erlon Ferreira de Oliveira AUMENTO - 2873-F","pedro.pantaleao@gaussenergia.com.br","2025-06-11T14:14:41.067Z","2025-09-15T13:27:34.650Z","","","","Overdue","2","19","88","Projeto FV"
"https://app.process.st/runs/gz_l1tiLG-ErKEdiHW5P_A","Condominio Residencial Recanto das Arvores AUMENTO 3770-F","pedro.pantaleao@gaussenergia.com.br","2025-06-05T14:44:30.804Z","2025-09-13T19:32:04.072Z","","","","Overdue","2","19","88","Projeto FV"
"https://app.process.st/runs/rDo9MrtbZGpAMY0O-cVARg","Heider Lisboa de Oliva - 13437-F","pedro.pantaleao@gaussenergia.com.br group-698ea497-ec60-4bde-b165-b8f9ccbb0cfe@process.st","2025-05-13T18:13:37.405Z","2025-09-13T11:26:21.120Z","","","","Overdue","3","20","88","Projeto FV"
"https://app.process.st/runs/mGairUmBk0cEn5fDPvtLdA","Supermercado Prakasa 1 2824.1-F","pedro.pantaleao@gaussenergia.com.br","2019-12-11T20:43:31.128Z","2025-09-12T18:00:01.248Z","","","","Overdue","5","16","88","Projeto FV"
"https://app.process.st/runs/pj2-xFjP2iqL_N9HSaJHzA","Daisy Milena Chaves Lopes Noventa / Leandro Araujo Noventa - 12124-F","pedro.pantaleao@gaussenergia.com.br group-698ea497-ec60-4bde-b165-b8f9ccbb0cfe@process.st","2025-01-23T13:09:35.350Z","2025-09-12T17:56:14.650Z","","","","Overdue","3","22","88","Projeto FV"
"https://app.process.st/runs/u76bC4khUez4JLAxv1tJgQ","Centro Medico Labimagem Subae AUMENTO - 4638-F","pedro.pantaleao@gaussenergia.com.br","2024-04-18T18:29:50.380Z","2025-09-11T18:02:04.522Z","","","","Overdue","2","20","88","Projeto FV"
"https://app.process.st/runs/jW9DcvTjYyMPYx2zMjpFJw","Aureslindo Pires Silvestre de Oliveira 3 REALOCAÇAO 728.3-F","pedro.pantaleao@gaussenergia.com.br","2022-07-19T19:51:26.273Z","2025-09-11T14:05:31.122Z","","","","Overdue","3","23","88","Projeto FV"
"https://app.process.st/runs/lk9LUfpwKiHtHRO5M0dBiQ","Izaias Batista da Rocha Junior - 11905-F","pedro.pantaleao@gaussenergia.com.br group-698ea497-ec60-4bde-b165-b8f9ccbb0cfe@process.st","2024-09-11T18:10:33.999Z","2025-09-11T13:30:02.875Z","","","","Overdue","3","21","88","Projeto FV"
"https://app.process.st/runs/vDtH0wGrXH_kI1pUSIJGyQ","Aleques Viana Oliveira - 12991-F","pedro.pantaleao@gaussenergia.com.br group-698ea497-ec60-4bde-b165-b8f9ccbb0cfe@process.st","2025-03-18T17:15:23.881Z","2025-09-09T13:04:29.683Z","","","","Overdue","2","21","88","Projeto FV"
"https://app.process.st/runs/kVr6bgwp4UVd39yuZTRD5w","Aurelio Pacheco Rios Duarte - 12081-F","pedro.pantaleao@gaussenergia.com.br","2024-10-30T13:07:58.678Z","2025-09-08T18:27:27.977Z","","","","Overdue","3","27","88","Projeto FV"
"https://app.process.st/runs/je353AmUb1Wmfj943NFJBQ","Ziraldo Novais Araujo AUMENTO / Daniel Arão - 10545-F","pedro.pantaleao@gaussenergia.com.br group-698ea497-ec60-4bde-b165-b8f9ccbb0cfe@process.st","2024-03-22T18:06:07.697Z","2025-09-08T17:47:28.911Z","","","","Overdue","3","21","88","Projeto FV"
"https://app.process.st/runs/sw9xvWUxd0hBdMRTrqxLpQ","Maria Augusta Batista Rodrigues AUMENTO 4348-F","pedro.pantaleao@gaussenergia.com.br group-aa595f0b-d840-4fcb-8407-a22a023e7e0d@process.st","2024-04-29T17:20:48.731Z","2025-09-08T15:06:47.859Z","","","","OnTrack","0","14","88","Projeto FV"
"https://app.process.st/runs/s7F1EMDj2mCuBX282uROsQ","Clay Santos Ferraz AUMENTO / Raimundo 2924-F","pedro.pantaleao@gaussenergia.com.br","2023-06-02T19:53:45.103Z","2025-09-08T14:57:06.352Z","","","","Overdue","3","21","88","Projeto FV"
"https://app.process.st/runs/nWtQhcSXZmGzBUWD2cBF8g","Jairo Monteiro de Gois Lima - 12535-F","pedro.pantaleao@gaussenergia.com.br group-698ea497-ec60-4bde-b165-b8f9ccbb0cfe@process.st","2025-01-20T14:21:15.528Z","2025-09-08T13:58:37.767Z","","","","Overdue","3","22","88","Projeto FV"
"https://app.process.st/runs/uS0vT_tZGaIFQ3iO5xtBpg","Elisandra Lopes de Carvalho - 13067-F","pedro.pantaleao@gaussenergia.com.br group-698ea497-ec60-4bde-b165-b8f9ccbb0cfe@process.st","2025-03-20T13:17:09.458Z","2025-09-08T11:52:24.870Z","","","","Overdue","3","21","88","Projeto FV"
"https://app.process.st/runs/pCxHm47Z2c3yQev4sllHjw","Elpidio Nunes Filho - 13195-F","pedro.pantaleao@gaussenergia.com.br","2025-04-30T14:12:19.532Z","2025-09-08T11:52:11.207Z","","","","Overdue","2","20","88","Projeto FV"
"https://app.process.st/runs/uhe02QswYCafa-LEbgFIxQ","Qualy Engenharia Ltda - 11294-F","pedro.pantaleao@gaussenergia.com.br group-698ea497-ec60-4bde-b165-b8f9ccbb0cfe@process.st","2025-04-15T12:47:13.801Z","2025-09-08T11:51:53.241Z","","","","Overdue","3","22","88","Projeto FV"
"https://app.process.st/runs/nB7VoUitfL7Oq2l5xVpPpQ","Mirla Modas - Leonardo Bezerra da Silva ADEQUAÇAO -  704-F","pedro.pantaleao@gaussenergia.com.br group-aa595f0b-d840-4fcb-8407-a22a023e7e0d@process.st","2025-05-30T18:41:03.706Z","2025-09-06T12:43:00.465Z","","","","Overdue","4","19","88","Projeto FV"
"https://app.process.st/runs/mMUZn2GbBd-au_kKck5JKg","Waldo Luiz Figueiredo Viterbo SOMENTE HOMOLOGAÇAO - 13271-F","pedro.pantaleao@gaussenergia.com.br","2025-04-25T13:03:27.162Z","2025-09-06T12:42:07.414Z","","","","Overdue","3","21","88","Projeto FV"
"https://app.process.st/runs/g_AiXihBt9pKqtKi_8lOZg","Francisco Pimentel Ferreira - 13966-F","pedro.pantaleao@gaussenergia.com.br group-698ea497-ec60-4bde-b165-b8f9ccbb0cfe@process.st group-aa595f0b-d840-4fcb-8407-a22a023e7e0d@process.st","2025-09-04T19:34:16.863Z","2025-09-05T13:12:48.442Z","","","","OnTrack","0","3","88","Projeto FV"
"https://app.process.st/runs/p5Uf5WX48L6XoK4YnvFF2A","Pablo Roberto Figueiredo Calado - 12433-F","pedro.pantaleao@gaussenergia.com.br group-aa595f0b-d840-4fcb-8407-a22a023e7e0d@process.st","2025-05-05T17:45:56.127Z","2025-09-05T12:31:18.574Z","","","","Overdue","3","19","88","Projeto FV"
"https://app.process.st/runs/pIDt4tYEIurFck6CBA9Bpw","Radio Serrana 2 / ao lado do Mega Posto Lider - 13582-F","pedro.pantaleao@gaussenergia.com.br","2025-06-02T13:56:40.667Z","2025-09-05T12:31:04.287Z","","","","Overdue","3","20","88","Projeto FV"
"https://app.process.st/runs/gZ6GZYU_CNB0fVmJT_ZJJg","Allan Batista de Oliveira - 13431-F","pedro.pantaleao@gaussenergia.com.br","2025-05-16T18:23:28.949Z","2025-09-05T12:30:54.465Z","","","","Overdue","3","21","88","Projeto FV"
"https://app.process.st/runs/kH87YCJRXifx8f0XoSZDLw","Aelcio Macedo Brandao 5092-F","group-698ea497-ec60-4bde-b165-b8f9ccbb0cfe@process.st","2021-07-22T19:35:08.698Z","2025-09-04T19:45:57.667Z","","","","Overdue","3","24","88","Projeto FV"
"https://app.process.st/runs/oFGc-iMkKK3SwYtHYdRBzg","Janete Ferreira 2567-F","raniel.garcia@gaussenergia.com.br","2019-11-14T17:21:24.364Z","2025-09-04T17:05:49.775Z","","","","Overdue","4","18","88","Projeto FV"
"https://app.process.st/runs/kXs2Uf4dbdBiDe8XKKhJCg","Vagner Souza Filho - 12758-F","pedro.pantaleao@gaussenergia.com.br","2025-02-27T12:17:10.511Z","2025-09-01T14:38:13.383Z","","","","Overdue","3","21","88","Projeto FV"
"https://app.process.st/runs/m0TWXhW6XVOBBIZ_unBOLg","Mauricio Gonçalves Fontes - 13270-F","pedro.pantaleao@gaussenergia.com.br group-698ea497-ec60-4bde-b165-b8f9ccbb0cfe@process.st","2025-04-23T14:18:01.022Z","2025-09-01T14:31:47.996Z","","","","Overdue","3","22","88","Projeto FV"
"https://app.process.st/runs/smCgWSJDFX3G80p6LNRGDQ","Aylane Barros Andrade Valente SOMENTE HOMOLOGAÇAO - 13593-F","pedro.pantaleao@gaussenergia.com.br","2025-06-06T17:15:46.418Z","2025-09-01T12:35:43.995Z","","","","Overdue","2","19","88","Projeto FV"
"https://app.process.st/runs/nMa209Y2KTf9chcdyg1Hgg","Wendel de Sousa Lima - 13263-F","pedro.pantaleao@gaussenergia.com.br","2025-05-07T19:24:45.697Z","2025-09-01T12:35:19.598Z","","","","Overdue","3","21","88","Projeto FV"
"https://app.process.st/runs/vlSh9czx1obGqr2RnclAuQ","Sertao Ferro / Edson Machado ADEQUAÇAO - 1977-F","pedro.pantaleao@gaussenergia.com.br","2025-06-02T17:46:29.976Z","2025-09-01T12:34:41.458Z","","","","Overdue","3","20","88","Projeto FV"
"https://app.process.st/runs/ussn5w72XicK54Uu-3pK4w","JMA Solar SPE Ltda / Hamburgueria / Serigado ADEQUAÇAO - 9361-F","pedro.pantaleao@gaussenergia.com.br","2025-05-30T13:15:03.610Z","2025-09-01T12:34:27.451Z","","","","Overdue","3","25","88","Projeto FV"
"https://app.process.st/runs/uDYHvZDV02KLcGKncMdNCA","Antonio Raimundo da Silva Gomes - 13013-F","pedro.pantaleao@gaussenergia.com.br","2025-04-15T14:15:36.381Z","2025-09-01T12:28:10.634Z","","","","Overdue","3","21","88","Projeto FV"
"https://app.process.st/runs/poOUhlEag2vswaRbzqBPyg","Heleno Izidio Silva Filho 2 - 13342-F","pedro.pantaleao@gaussenergia.com.br","2025-05-02T17:57:07.085Z","2025-09-01T12:27:57.458Z","","","","Overdue","3","21","88","Projeto FV"
"https://app.process.st/runs/hsLsT0ZFd3d87zti_5dEiQ","Salvador de Souza Verde / Adilio Marcos AUMENTO - 9753-F","pedro.pantaleao@gaussenergia.com.br group-698ea497-ec60-4bde-b165-b8f9ccbb0cfe@process.st","2025-04-03T18:13:33.483Z","2025-09-01T12:27:01.457Z","","","","Overdue","3","22","88","Projeto FV"
"https://app.process.st/runs/rgeE4edayfgQUNzUhcBPQA","Rafael Alicrim Vilarinho - 13462-F","pedro.pantaleao@gaussenergia.com.br","2025-06-04T14:21:08.942Z","2025-09-01T12:24:13.457Z","","","","Overdue","3","20","88","Projeto FV"
"https://app.process.st/runs/gGTXhjs_hTvf-N06MV1ITg","Fabiana Pires Machado ME ADEQUAÇAO - 1154-F","pedro.pantaleao@gaussenergia.com.br","2025-05-30T14:56:07.019Z","2025-09-01T12:21:41.458Z","","","","Overdue","3","21","88","Projeto FV"
"https://app.process.st/runs/o2ohXNs1SlDvN2yLmsRFYg","Urania de Oliveira Paiva - 11807-F","pedro.pantaleao@gaussenergia.com.br","2024-12-11T15:03:04.896Z","2025-09-01T12:17:16.712Z","","","","Overdue","2","20","88","Projeto FV"
"https://app.process.st/runs/tTMCprpnE4llSrLHhZBHmQ","Sebastiao Brito do Nascimento Junior - 13369-F","pedro.pantaleao@gaussenergia.com.br group-698ea497-ec60-4bde-b165-b8f9ccbb0cfe@process.st","2025-05-14T13:25:14.912Z","2025-09-01T12:16:06.599Z","","","","Overdue","2","21","88","Projeto FV"
"https://app.process.st/runs/ggdjZn6twUkBU9WL4wdArA","Airton Costa dos Santos / Canarana 8605-F","pedro.pantaleao@gaussenergia.com.br","2022-09-01T14:19:53.148Z","2025-08-29T14:47:57.923Z","","","","Overdue","3","21","88","Projeto FV"
"https://app.process.st/runs/si0_omjjPS7oSJJlD8lP3w","Rege Marcos Souza Santos 2 - 11625.2-F","pedro.pantaleao@gaussenergia.com.br group-698ea497-ec60-4bde-b165-b8f9ccbb0cfe@process.st","2024-12-05T13:13:08.279Z","2025-08-27T19:18:36.894Z","","","","Overdue","3","29","88","Projeto FV"
"https://app.process.st/runs/q0a92tVzW7V75e3aGXJBLw","Luiz Carlos Gozzini das Neves 6344-F","pedro.pantaleao@gaussenergia.com.br","2021-09-21T14:25:21.952Z","2025-08-27T12:35:38.288Z","","","","Overdue","2","22","88","Projeto FV"
"https://app.process.st/runs/opQzzAXNeg2o4D2OZQFGcQ","Bruno Nunes Dias / Fredy / Meu Cravo 6023-F","pedro.pantaleao@gaussenergia.com.br group-698ea497-ec60-4bde-b165-b8f9ccbb0cfe@process.st","2021-07-28T17:37:45.799Z","2025-08-26T19:15:09.573Z","","","","Overdue","3","22","88","Projeto FV"
"https://app.process.st/runs/kOWTL73mI2FHWsujwzpNJg","V Gomes Barreto Comercial de Alimentos e Bebidas Ltda - Valfredo Gomes Barreto AUMENTO - 7350-F","pedro.pantaleao@gaussenergia.com.br","2023-12-20T14:54:28.077Z","2025-08-21T18:12:46.335Z","","","","Overdue","3","21","88","Projeto FV"
"https://app.process.st/runs/kiN2Sujv321RuMI5DL9NGQ","Ricardo Bento de Carvalho Andrade - 11042-F","pedro.pantaleao@gaussenergia.com.br group-698ea497-ec60-4bde-b165-b8f9ccbb0cfe@process.st","2024-03-05T14:19:06.611Z","2025-08-21T17:10:55.112Z","","","","Overdue","3","21","88","Projeto FV"
"https://app.process.st/runs/jQIqegdFKxjfLtTNO1BCeg","Mauro Sergio Cruz 7425-F","pedro.pantaleao@gaussenergia.com.br","2022-02-21T20:42:03.355Z","2025-08-21T14:14:42.805Z","","","","Overdue","3","21","88","Projeto FV"
"https://app.process.st/runs/l1WE2BBMfomUYTiS-4NP8Q","Claudio Gonçalves Ferreira - 7770-F","pedro.pantaleao@gaussenergia.com.br","2022-06-02T20:05:40.573Z","2025-08-21T13:49:08.027Z","","","","Overdue","3","22","88","Projeto FV"
"https://app.process.st/runs/l2Aj3KHmrKcDim7IWgFFQQ","Fabio Rogerio Borges Lima - 13830-F","pedro.pantaleao@gaussenergia.com.br group-698ea497-ec60-4bde-b165-b8f9ccbb0cfe@process.st group-aa595f0b-d840-4fcb-8407-a22a023e7e0d@process.st","2025-08-20T12:52:27.973Z","2025-08-20T14:41:44.278Z","","","","OnTrack","0","4","88","Projeto FV"
"https://app.process.st/runs/pOE7ffdIlvfiVo02CrZJEA","PW Energia LTDA 2 Roça - 13433-F","pedro.pantaleao@gaussenergia.com.br group-698ea497-ec60-4bde-b165-b8f9ccbb0cfe@process.st","2025-05-16T17:07:58.978Z","2025-08-20T13:51:20.894Z","","","","Overdue","3","22","88","Projeto FV"
"https://app.process.st/runs/mo8X47B8bSHO2ILFontGYw","Maria Ivoni da Silva Cirino AUMENTO - 7313-F","pedro.pantaleao@gaussenergia.com.br","2024-05-22T13:48:14.670Z","2025-08-19T18:53:00.039Z","","","","Overdue","2","20","88","Projeto FV"
"https://app.process.st/runs/stZ2b6u52GHM_qK1M4BCBw","Gilvan Barbosa - Comercial de Estivas 5 - Atacado Servilar","pedro.pantaleao@gaussenergia.com.br","2019-10-21T14:17:27.082Z","2025-08-19T17:33:08.808Z","","","","Overdue","4","17","88","Projeto FV"
"https://app.process.st/runs/iDt0iGYDLWNNyFZVImhK9A","Marcel Mateus Cezar de Matos 2745-F","","2019-12-27T18:58:41.863Z","2025-08-19T13:10:30.004Z","","","","Overdue","5","19","88","Projeto FV"
"https://app.process.st/runs/rIgOMg8IOScIaVoIlDxP7w","Helcio Landim 2489-F","pedro.pantaleao@gaussenergia.com.br","2019-09-10T17:44:51.664Z","2025-08-18T17:36:12.673Z","","","","Overdue","4","18","88","Projeto FV"
"https://app.process.st/runs/nDXCHfII5tpYPQnF7S1Org","1672.1-F Magda Bastos de Oliveira ADEQUAÇAO","pedro.pantaleao@gaussenergia.com.br","2025-06-02T17:20:38.080Z","2025-08-16T12:11:51.695Z","","","","Overdue","3","20","88","Projeto FV"
"https://app.process.st/runs/uYSRgJ7fBoF2W1S-gABP3Q","Gleicy Ramos Rocha Lessa / Igor Lessa ADEQUAÇAO - 1017-F","pedro.pantaleao@gaussenergia.com.br","2025-06-03T13:23:37.062Z","2025-08-16T12:11:38.437Z","","","","Overdue","3","20","88","Projeto FV"
"https://app.process.st/runs/vTkoPU554MWt2PbGvopJRA","Sorveteria Chant Creme Ltda ME ADEQUAÇAO - 1404-F","pedro.pantaleao@gaussenergia.com.br","2025-05-30T12:58:49.523Z","2025-08-16T12:11:26.207Z","","","","Overdue","2","20","88","Projeto FV"
"https://app.process.st/runs/rlvEzITsOo6Id7Ac519N2w","Valteir Dantas da Silva Cirino AUMENTO sistema inicial outra empresa - 13374-F","pedro.pantaleao@gaussenergia.com.br","2025-05-08T12:31:54.484Z","2025-08-16T12:10:56.627Z","","","","Overdue","3","21","88","Projeto FV"
"https://app.process.st/runs/psA3b8MXcKFi218XlH1Eqw","Jaeldson Rosa Damasceno 2 - 12088.1-F","pedro.pantaleao@gaussenergia.com.br","2024-11-29T17:49:24.070Z","2025-08-16T12:10:40.303Z","","","","Overdue","2","20","88","Projeto FV"
"https://app.process.st/runs/tT8uDS0OU8WdPLjcMe5FSg","Deubivan Santos Matutino 2 - 13314-F","pedro.pantaleao@gaussenergia.com.br","2025-04-23T12:57:39.839Z","2025-08-16T12:10:26.667Z","","","","Overdue","2","20","88","Projeto FV"
"https://app.process.st/runs/hxBpcFVNU31f_K80vmFEqw","Marcondes Batista Dias de Oliveira AUMENTO NAO HOMOLOGADO - 8058-F","pedro.pantaleao@gaussenergia.com.br group-aa595f0b-d840-4fcb-8407-a22a023e7e0d@process.st","2024-07-09T19:11:15.454Z","2025-08-15T18:22:47.881Z","","","","OnTrack","0","2","88","Projeto FV"
"https://app.process.st/runs/u1Kpefg6sjmIN2U4mftERg","Bysbom Industria e Comercio 4628-F","group-698ea497-ec60-4bde-b165-b8f9ccbb0cfe@process.st","2021-06-18T13:59:35.325Z","2025-08-15T18:18:07.199Z","","","","Overdue","3","21","88","Projeto FV"
"https://app.process.st/runs/sXL3C3TMdvp550uRcw9CwA","Adelson Leal Liborio 6 - Aumento Galpão 1 de Janeiro 1339.6-F","pedro.pantaleao@gaussenergia.com.br","2022-01-14T14:19:35.772Z","2025-08-15T13:27:57.300Z","","","","Overdue","3","23","88","Projeto FV"
"https://app.process.st/runs/uaclGJaxBb3pzbFB07RJTQ","Agnaldo Simoes Moreira - 13653-F","pedro.pantaleao@gaussenergia.com.br group-aa595f0b-d840-4fcb-8407-a22a023e7e0d@process.st","2025-07-31T12:50:02.786Z","2025-08-15T13:10:12.350Z","","","","Overdue","1","6","88","Projeto FV"
"https://app.process.st/runs/sP-jLmpCu8V06c_ht3ZDVA","Condominio Edificio ITA - 12166-F","pedro.pantaleao@gaussenergia.com.br","2025-03-17T14:33:59.941Z","2025-08-15T12:34:13.102Z","","","","Overdue","2","24","88","Projeto FV"
"https://app.process.st/runs/rcN0eCF6yjKKLSkWMqhFgQ","Joao Daniel Passos / Leonor Miriam Sampaio Passos AUMENTO 9306-F","pedro.pantaleao@gaussenergia.com.br group-698ea497-ec60-4bde-b165-b8f9ccbb0cfe@process.st","2025-04-04T14:19:01.949Z","2025-08-15T12:33:55.760Z","","","","Overdue","3","22","88","Projeto FV"
"https://app.process.st/runs/rF6MyuRxnhfheIaiUN9K5Q","Vital Serviços Ltda / Supermercado Vida Nova LTDA - 11130-F","pedro.pantaleao@gaussenergia.com.br group-698ea497-ec60-4bde-b165-b8f9ccbb0cfe@process.st","2024-07-09T18:42:47.850Z","2025-08-15T12:29:35.676Z","","","","Overdue","2","21","88","Projeto FV"
"https://app.process.st/runs/tQ2vLaD2u-20RQ4SbUpPLg","Eliezer Izidoro dos Santos AUMENTO 8467-F","pedro.pantaleao@gaussenergia.com.br group-698ea497-ec60-4bde-b165-b8f9ccbb0cfe@process.st","2022-07-14T20:00:25.414Z","2025-08-14T18:17:36.883Z","","","","Overdue","3","23","88","Projeto FV"
"https://app.process.st/runs/u-xrzhvZUY9GeZLhFnFOnw","GMG Solar SPE Ltda 2 / Mocozeiro-Irece AUMENTO","pedro.pantaleao@gaussenergia.com.br","2022-11-10T19:18:48.880Z","2025-08-13T18:35:49.729Z","","","","Overdue","3","22","88","Projeto FV"
"https://app.process.st/runs/tKXvFKZM3Xr5D5I58KhN9A","JR Transportes Ltda 2 - 13054.2-F","pedro.pantaleao@gaussenergia.com.br group-698ea497-ec60-4bde-b165-b8f9ccbb0cfe@process.st group-aa595f0b-d840-4fcb-8407-a22a023e7e0d@process.st","2025-08-12T18:05:21.288Z","2025-08-12T19:00:24.465Z","","","","OnTrack","0","4","88","Projeto FV"
"https://app.process.st/runs/jokVwUXYb3VISbsyoeNDgw","Soma Patrimonial / Marco Cruz / Sonia Braga 4283-F","pedro.pantaleao@gaussenergia.com.br group-698ea497-ec60-4bde-b165-b8f9ccbb0cfe@process.st","2021-07-14T13:01:08.085Z","2025-08-12T16:59:23.873Z","","","","Overdue","3","19","88","Projeto FV"
"https://app.process.st/runs/i9ZO51m8KZ0W_AnG68pMEQ","Soma Patrimonial Mini 2 / Antiga GMG Solar SPE Ltda 12 / Usina Mocozeiro / Fazenda Figueiredo - 11096-F","pedro.pantaleao@gaussenergia.com.br","2022-10-27T14:03:54.848Z","2025-08-12T16:58:28.558Z","","","","Overdue","3","24","88","Projeto FV"
"https://app.process.st/runs/rTscfuDoHN7e7qObmJ9FTQ","Marcia Raquel Oliveira de Souza AUMENTO - 10649-F","pedro.pantaleao@gaussenergia.com.br group-698ea497-ec60-4bde-b165-b8f9ccbb0cfe@process.st","2025-02-19T13:28:34.903Z","2025-08-12T13:57:48.322Z","","","","Overdue","3","22","88","Projeto FV"
"https://app.process.st/runs/sVjdziKdpIz5xkgAS-9LQg","Laise Leal Farias Henriques - 12149-F","pedro.pantaleao@gaussenergia.com.br group-698ea497-ec60-4bde-b165-b8f9ccbb0cfe@process.st","2025-04-07T13:27:47.996Z","2025-08-12T12:45:16.142Z","","","","Overdue","3","22","88","Projeto FV"
"https://app.process.st/runs/rTljbXtIC1nDlV3to8JK5w","Maria Goretti Santos Mendes - 13037-F","pedro.pantaleao@gaussenergia.com.br group-698ea497-ec60-4bde-b165-b8f9ccbb0cfe@process.st","2025-05-05T15:02:54.510Z","2025-08-12T12:44:48.878Z","","","","Overdue","2","21","88","Projeto FV"
"https://app.process.st/runs/nVmbbuQWC_36RyqoW8NBSw","Angela Maria Ferreira 2568-F","pedro.pantaleao@gaussenergia.com.br","2019-09-20T13:07:25.101Z","2025-08-11T14:17:58.324Z","","","","Overdue","5","20","88","Projeto FV"
"https://app.process.st/runs/qxAmlJ4_kt2NGkoEWr1Gww","Edivaldo - Padaria Zabete 548-F","raniel.garcia@gaussenergia.com.br","2019-05-29T14:14:12.405Z","2025-08-11T13:49:50.976Z","","","","Overdue","5","20","88","Projeto FV"
"https://app.process.st/runs/slpdB1I_7RZtnYLkEiBEPQ","Sueli Costa Lima Silva - 13001-F","pedro.pantaleao@gaussenergia.com.br group-698ea497-ec60-4bde-b165-b8f9ccbb0cfe@process.st","2025-03-14T13:09:18.891Z","2025-08-09T18:55:46.548Z","","","","Overdue","2","21","88","Projeto FV"
"https://app.process.st/runs/jvy4wmE86RMR7Dnw0KJH7g","Supermercado Coração - Mercado Av. Caraíbas / Gessivaldo 4 ADEQUAÇAO - 3141.4-F","pedro.pantaleao@gaussenergia.com.br group-aa595f0b-d840-4fcb-8407-a22a023e7e0d@process.st","2025-06-03T19:00:25.780Z","2025-08-09T18:38:56.390Z","","","","Overdue","1","6","88","Projeto FV"
"https://app.process.st/runs/s_bNhyp_7qveZJQfw3VHRQ","Oberti dos Santos Almeida AUMENTO 10227-F","pedro.pantaleao@gaussenergia.com.br","2025-05-08T14:26:10.148Z","2025-08-09T12:50:25.009Z","","","","Overdue","2","20","88","Projeto FV"
"https://app.process.st/runs/kJi3j1ejrg2d8HctLr1NMQ","Werla Batista Barreto Carvalho - 13193-F","pedro.pantaleao@gaussenergia.com.br","2025-04-09T13:39:31.288Z","2025-08-09T12:50:09.990Z","","","","Overdue","2","20","88","Projeto FV"
"https://app.process.st/runs/nUlLvC8dpafr1EusatNN2g","Abs Serviços Medicos Ltda - 13082-F","pedro.pantaleao@gaussenergia.com.br","2025-04-29T14:49:41.106Z","2025-08-09T12:49:50.492Z","","","","Overdue","2","20","88","Projeto FV"
"https://app.process.st/runs/jkbS1DD8Nh2Clek3441Mcg","Erica Barbosa Noronha AUMENTO - 10296-F","pedro.pantaleao@gaussenergia.com.br group-698ea497-ec60-4bde-b165-b8f9ccbb0cfe@process.st","2025-03-24T17:00:51.937Z","2025-08-09T12:49:34.289Z","","","","Overdue","3","22","88","Projeto FV"
"https://app.process.st/runs/hGREEnSvepvm4jW8nh5P4w","Supermercado J Pereira AUMENTO MINIGERAÇAO - 3789-F","pedro.pantaleao@gaussenergia.com.br group-aa595f0b-d840-4fcb-8407-a22a023e7e0d@process.st","2025-07-10T12:09:08.757Z","2025-08-08T15:23:43.018Z","","","","Overdue","1","9","88","Projeto FV"
"https://app.process.st/runs/lsIqZ4TqFSUDBtPuaypHbQ","Mateus Lima de Almeida - 13295-F","pedro.pantaleao@gaussenergia.com.br group-698ea497-ec60-4bde-b165-b8f9ccbb0cfe@process.st","2025-05-02T18:31:34.253Z","2025-08-08T11:58:03.813Z","","","","Overdue","3","22","88","Projeto FV"
"https://app.process.st/runs/rLP_S5HA-oZ5qjg92ytPqA","Luciano Queiroz Magalhaes AUMENTO 8012-F","pedro.pantaleao@gaussenergia.com.br","2022-12-19T20:16:18.997Z","2025-08-07T14:54:09.473Z","","","","Overdue","3","21","88","Projeto FV"
"https://app.process.st/runs/hm9LTPZfJ9zS-hSy8fRBew","José Carlos Cruz de Oliveira Filho 3045-F","pedro.pantaleao@gaussenergia.com.br","2020-06-22T20:44:49.300Z","2025-08-06T18:29:58.402Z","","","","Overdue","1","24","88","Projeto FV"
"https://app.process.st/runs/jndrYTvqyY9WKRkIzEJOhg","Diego Dantas Goes - 12289-F","pedro.pantaleao@gaussenergia.com.br","2025-01-07T17:25:16.111Z","2025-08-06T17:31:54.957Z","","","","Overdue","3","21","88","Projeto FV"
"https://app.process.st/runs/hYjGeWicCrAA5fq9RFNBVw","RP Sucupira Patrimonial LTDA / Maria Cecilia - 11046.1-F","pedro.pantaleao@gaussenergia.com.br group-698ea497-ec60-4bde-b165-b8f9ccbb0cfe@process.st","2024-05-28T17:44:42.134Z","2025-08-06T17:21:56.037Z","","","","Overdue","3","25","88","Projeto FV"
"https://app.process.st/runs/m5idVMQWaS-iiyQbPahGwA","Marcondes Batista Dias de Oliveira - 8058-F","pedro.pantaleao@gaussenergia.com.br group-698ea497-ec60-4bde-b165-b8f9ccbb0cfe@process.st","2022-03-17T19:47:12.246Z","2025-08-06T17:14:25.603Z","","","","Overdue","3","22","88","Projeto FV"
"https://app.process.st/runs/iqQYu3_Wv94vOaP-kkxPLw","Nilza Torres de Moraes / Ildovan Valverde - 10721-F","pedro.pantaleao@gaussenergia.com.br group-698ea497-ec60-4bde-b165-b8f9ccbb0cfe@process.st","2024-01-10T18:45:31.106Z","2025-08-06T14:57:25.783Z","","","","Overdue","3","24","88","Projeto FV"
"https://app.process.st/runs/q8GVlvbVcN6FOO4DE8NEQA","Egle Raoni de Brito Montenegro 2 - 11869-F","pedro.pantaleao@gaussenergia.com.br group-698ea497-ec60-4bde-b165-b8f9ccbb0cfe@process.st","2024-09-16T16:56:57.780Z","2025-08-05T17:47:43.043Z","","","","Overdue","3","21","88","Projeto FV"
"https://app.process.st/runs/tloA_6rkkPWhPCp_3ptGYQ","Maria Auxiliadora Rocha Cavalcanti - 8015-F","pedro.pantaleao@gaussenergia.com.br","2022-03-15T16:34:04.401Z","2025-08-05T17:39:43.073Z","","","","Overdue","1","25","88","Projeto FV"
"https://app.process.st/runs/vooSmIHsk6mD7HzCzCRHQQ","Lucas Borges Braga de Aguiar 8882-F","pedro.pantaleao@gaussenergia.com.br group-698ea497-ec60-4bde-b165-b8f9ccbb0cfe@process.st","2022-08-30T14:30:30.231Z","2025-08-05T17:32:33.355Z","","","","Overdue","3","21","88","Projeto FV"
"https://app.process.st/runs/viWyGEc9oCg7F2hift5IKA","Carlos Andrade de Almeida / Daniela Almeida Araujo 9079-F","pedro.pantaleao@gaussenergia.com.br group-698ea497-ec60-4bde-b165-b8f9ccbb0cfe@process.st","2022-10-17T13:08:08.730Z","2025-08-05T17:26:23.143Z","","","","Overdue","3","21","88","Projeto FV"
"https://app.process.st/runs/rwqf2OH8fSaykAJoZbNBVg","Anelita de Souza Oliveira - 12214-F","pedro.pantaleao@gaussenergia.com.br","2025-01-21T13:27:25.332Z","2025-08-04T17:23:07.621Z","","","","Overdue","3","21","88","Projeto FV"
"https://app.process.st/runs/sRCm23HN7BIyNLvW6mhICA","Carla de Oliveira Brito AUMENTO - 8373-F","gabriel@gaussenergia.com.br","2025-01-28T17:22:37.209Z","2025-08-04T14:28:42.985Z","","","","Overdue","3","21","88","Projeto FV"
"https://app.process.st/runs/vgCoOXDLb5oBD_Y5XkVE-w","Andressa de Oliveira Mendonça - 12506-F","gabriel@gaussenergia.com.br group-698ea497-ec60-4bde-b165-b8f9ccbb0cfe@process.st","2025-01-27T18:15:13.340Z","2025-08-03T12:10:20.410Z","","","","Overdue","2","21","88","Projeto FV"
"https://app.process.st/runs/h9YcFDDPotssNCbjtZZOpQ","Suely Martins Sodre Farias - 11097-F","pedro.pantaleao@gaussenergia.com.br","2024-03-15T18:31:47.382Z","2025-08-01T17:47:59.891Z","","","","Overdue","3","21","88","Projeto FV"
"https://app.process.st/runs/n2myoou2NLkLjPd0D7pILQ","Ana Paula Dourado Magalhaes - 12411-F","pedro.pantaleao@gaussenergia.com.br","2024-12-11T20:14:23.855Z","2025-08-01T16:42:51.322Z","","","","Overdue","3","21","88","Projeto FV"
"https://app.process.st/runs/hJdwSCtcGK8CfxHhtkRJEw","Maria Marta Lucas de Carvalho - 11301-F","pedro.pantaleao@gaussenergia.com.br","2024-04-15T17:32:26.724Z","2025-08-01T14:48:42.370Z","","","","Overdue","3","21","88","Projeto FV"
"https://app.process.st/runs/iXeRBvybO8gQAv1x1CpPgQ","Mario Luiz de Souza Oliveira - 12634-F","gabriel@gaussenergia.com.br","2025-01-31T17:39:12.152Z","2025-08-01T14:36:32.337Z","","","","Overdue","3","21","88","Projeto FV"
"https://app.process.st/runs/g4IZF_AB4QYTltkqWMRAKQ","Maria Graciene Alves de Souza - 11272-F","pedro.pantaleao@gaussenergia.com.br group-698ea497-ec60-4bde-b165-b8f9ccbb0cfe@process.st","2024-04-09T13:18:44.944Z","2025-08-01T14:23:31.729Z","","","","Overdue","3","21","88","Projeto FV"
"https://app.process.st/runs/jErzh4DHY-bNmoBD5LZLfg","Iolita Araujo Guimaraes - 10660-F","pedro.pantaleao@gaussenergia.com.br group-698ea497-ec60-4bde-b165-b8f9ccbb0cfe@process.st","2023-12-06T13:06:09.957Z","2025-08-01T14:11:04.834Z","","","","Overdue","3","21","88","Projeto FV"
"https://app.process.st/runs/sv6LvQlk5lq2PeDP3O5ENw","Angelo Leal Liborio 10003-F","pedro.pantaleao@gaussenergia.com.br group-698ea497-ec60-4bde-b165-b8f9ccbb0cfe@process.st","2023-05-05T16:39:07.377Z","2025-08-01T12:32:54.760Z","","","","Overdue","3","21","88","Projeto FV"
"https://app.process.st/runs/jB277Ok7ZtCdT9W4THxDwg","M A S Calçados Eireli / Topada Calçados 2 / Galpao Ilheus 8906-F","pedro.pantaleao@gaussenergia.com.br group-698ea497-ec60-4bde-b165-b8f9ccbb0cfe@process.st","2022-11-10T14:34:55.752Z","2025-08-01T12:20:23.842Z","","","","Overdue","3","19","88","Projeto FV"
"https://app.process.st/runs/j8TK0PzgJsM0j8ANToFLZQ","Olimpia Academy Ltda - 11938-F","pedro.pantaleao@gaussenergia.com.br group-698ea497-ec60-4bde-b165-b8f9ccbb0cfe@process.st","2024-12-11T16:14:06.516Z","2025-07-30T02:02:42.340Z","","","","Overdue","2","24","88","Projeto FV"
"https://app.process.st/runs/o0wVE_y-ngYdrWwC0IlGkw","Parascos Dracoulakis Sobrinho AUMENTO JA HOMOLOGADO 8457-F","pedro.pantaleao@gaussenergia.com.br group-aa595f0b-d840-4fcb-8407-a22a023e7e0d@process.st","2023-12-19T14:33:08.581Z","2025-07-29T19:05:34.240Z","","","","OnTrack","0","2","88","Projeto FV"
"https://app.process.st/runs/j5CEj5GJCil9wnNQ3WBGLA","Zariedimo Figueiredo Alves / Nivea Goreth REALOCAÇAO -> ZN ORAL FACIL ORTODONTIA LTDA 9682-F","pedro.pantaleao@gaussenergia.com.br","2023-01-03T20:17:04.760Z","2025-07-29T17:07:49.119Z","","","","Overdue","2","26","88","Projeto FV"
"https://app.process.st/runs/rz_3OP6zoC3CQnPy04REIg","Marcos Flavio Costa Lopes - 077-F","pedro.pantaleao@gaussenergia.com.br group-aa595f0b-d840-4fcb-8407-a22a023e7e0d@process.st","2024-02-20T19:35:16.654Z","2025-07-29T17:05:09.039Z","","","","OnTrack","0","2","88","Projeto FV"
"https://app.process.st/runs/hHKV-FKKfd04dX-Gm2NA7w","Isabela Cirino Brandao Dourado / Fazenda Vila Mariana NAO FINALIZADO","pedro.pantaleao@gaussenergia.com.br group-aa595f0b-d840-4fcb-8407-a22a023e7e0d@process.st","2022-05-31T18:12:36.812Z","2025-07-29T14:46:34.389Z","","","","OnTrack","0","19","88","Projeto FV"
"https://app.process.st/runs/iXHUGh9KwRhfbH9l7mlKfA","Isabela Cirino Brandao Dourado / Fazenda Brandao NAO FINALIZADO","pedro.pantaleao@gaussenergia.com.br group-aa595f0b-d840-4fcb-8407-a22a023e7e0d@process.st","2022-05-31T14:46:08.077Z","2025-07-29T14:41:41.211Z","","","","OnTrack","0","15","88","Projeto FV"
"https://app.process.st/runs/hBr23vocCfG9vKSQ87RAWQ","Isabela Cirino Brandao Dourado / Faz Alto Bonito NAO FINALIZADO","pedro.pantaleao@gaussenergia.com.br group-aa595f0b-d840-4fcb-8407-a22a023e7e0d@process.st","2022-05-30T20:08:18.217Z","2025-07-29T14:41:26.592Z","","","","OnTrack","0","19","88","Projeto FV"
"https://app.process.st/runs/q0Y5mBSajb11y-WXbulKYg","Franck Junior Alves Ferreira - 12217-F","pedro.pantaleao@gaussenergia.com.br group-698ea497-ec60-4bde-b165-b8f9ccbb0cfe@process.st","2024-12-04T18:16:12.571Z","2025-07-29T14:23:02.133Z","","","","Overdue","3","21","88","Projeto FV"
"https://app.process.st/runs/k2MnZyUkHiAPWE8afaxKLw","Rubens Barbosa Novaes 1296-F","","2018-12-10T18:34:45.073Z","2025-07-29T14:20:10.728Z","","","","Overdue","5","16","88","Projeto FV"
"https://app.process.st/runs/kGnbpwEpzWRLFbiuwJRN5Q","Andrea Melo Fialho - 10595-F","pedro.pantaleao@gaussenergia.com.br group-aa595f0b-d840-4fcb-8407-a22a023e7e0d@process.st","2024-03-05T14:11:25.149Z","2025-07-29T13:56:23.494Z","","","","Overdue","3","19","88","Projeto FV"
"https://app.process.st/runs/pbVarwoprrc_CQDx4VRA1Q","Welma Jaqueline Oliveira de Souza - 12900-F","pedro.pantaleao@gaussenergia.com.br group-698ea497-ec60-4bde-b165-b8f9ccbb0cfe@process.st","2025-03-11T12:41:00.778Z","2025-07-29T13:56:08.713Z","","","","Overdue","3","22","88","Projeto FV"
"https://app.process.st/runs/kAGqN6d-n6KN1d3bITtEmg","1719-F Adilson de Jesus Silva","raniel.garcia@gaussenergia.com.br","2019-01-28T12:15:44.296Z","2025-07-29T13:02:38.041Z","","","","Overdue","4","18","88","Projeto FV"
"https://app.process.st/runs/mbA4wOXQQUG-FAI0uatF3Q","Humberto Nunes Dourado / Fazenda Norte NAO FINALIZADO","pedro.pantaleao@gaussenergia.com.br group-aa595f0b-d840-4fcb-8407-a22a023e7e0d@process.st","2022-06-01T18:05:30.821Z","2025-07-29T12:22:00.933Z","","","","OnTrack","0","14","88","Projeto FV"
"https://app.process.st/runs/hnl1_X_dHDteQSdKlZRCbw","Humberto Nunes Dourado / Fazenda Baixa da Pedra NAO FINALIZADO","pedro.pantaleao@gaussenergia.com.br group-aa595f0b-d840-4fcb-8407-a22a023e7e0d@process.st","2022-06-01T17:51:37.574Z","2025-07-29T12:21:57.827Z","","","","OnTrack","0","14","88","Projeto FV"
"https://app.process.st/runs/kUu6L-1-fciC6P1_oRJH7A","Humberto Nunes Dourado / Fazenda do Bendego NAO FINALIZADO","pedro.pantaleao@gaussenergia.com.br group-aa595f0b-d840-4fcb-8407-a22a023e7e0d@process.st","2022-06-01T14:31:38.789Z","2025-07-29T12:21:54.172Z","","","","Overdue","1","15","88","Projeto FV"
"https://app.process.st/runs/neE3WeudsK5d9dMfAgpN-A","Humberto Nunes Dourado / Fazenda Rio Verde NAO FINALIZADO","pedro.pantaleao@gaussenergia.com.br group-aa595f0b-d840-4fcb-8407-a22a023e7e0d@process.st","2022-06-01T18:18:21.727Z","2025-07-29T12:21:01.936Z","","","","OnTrack","0","16","88","Projeto FV"
"https://app.process.st/runs/prJbwF0dJQMkVP-BCsJOCA","Daniella Freire Ribeiro Bernardes AUMENTO NAO HOMOLOGADO / Luiz Bernardes 4988-F","pedro.pantaleao@gaussenergia.com.br group-aa595f0b-d840-4fcb-8407-a22a023e7e0d@process.st","2024-05-08T17:41:02.722Z","2025-07-28T17:46:01.415Z","","","","OnTrack","0","2","88","Projeto FV"
"https://app.process.st/runs/nzFu8w-san4T6_DQAYhPyA","Ilza Ione Novaes Araujo - 12078-F","pedro.pantaleao@gaussenergia.com.br group-698ea497-ec60-4bde-b165-b8f9ccbb0cfe@process.st","2025-02-19T12:30:39.547Z","2025-07-28T12:12:29.845Z","","","","Overdue","3","22","88","Projeto FV"
"https://app.process.st/runs/jLhM9ubCtb3paFI8jxVC_g","Thais Bickel Marent 2 / Elisio Medrado - 12070.2-F","gabriel@gaussenergia.com.br group-698ea497-ec60-4bde-b165-b8f9ccbb0cfe@process.st","2025-01-29T18:23:34.186Z","2025-07-28T11:59:31.888Z","","","","Overdue","3","22","88","Projeto FV"
"https://app.process.st/runs/rgUwxtkWCTDV5bjMdSBI-g","Fabio de Deus Sampaio - 13052-F","pedro.pantaleao@gaussenergia.com.br group-698ea497-ec60-4bde-b165-b8f9ccbb0cfe@process.st","2025-04-04T13:00:32.217Z","2025-07-27T19:16:34.315Z","","","","Overdue","3","22","88","Projeto FV"
"https://app.process.st/runs/ud6XE68jAv3p5JitT9VBiA","Heliofabio Cardoso Dourado BETA - MINI 300 kW - 13438.2-F","pedro.pantaleao@gaussenergia.com.br group-aa595f0b-d840-4fcb-8407-a22a023e7e0d@process.st","2025-05-13T19:32:42.944Z","2025-07-26T15:00:34.846Z","","","","Overdue","1","10","88","Projeto FV"
"https://app.process.st/runs/hWbKBLwvpKJ-xlWsb6JI4Q","Rio Vermelho Incorporação SPE Ltda - 11255-F","pedro.pantaleao@gaussenergia.com.br","2025-01-20T12:56:38.111Z","2025-07-26T13:41:11.225Z","","","","Overdue","2","20","88","Projeto FV"
"https://app.process.st/runs/tdqVR22IVZIcs40qTZlB3A","Paulo Sampaio Furtado AUMENTO 7050-F","pedro.pantaleao@gaussenergia.com.br group-698ea497-ec60-4bde-b165-b8f9ccbb0cfe@process.st","2025-04-15T17:42:41.168Z","2025-07-26T13:40:48.200Z","","","","Overdue","3","22","88","Projeto FV"
"https://app.process.st/runs/u5k14KHzN_N2BgnmDPxB7A","Renato Silva Filho AUMENTO 2 - 9309-F","pedro.pantaleao@gaussenergia.com.br","2025-04-23T18:26:16.642Z","2025-07-26T13:40:34.307Z","","","","Overdue","3","21","88","Projeto FV"
"https://app.process.st/runs/lb-TlqYoSviJ1fWTdH9MiQ","Mega Varejao Matutino Supermercado 7 / Solo Fazenda - 12813.1-F","pedro.pantaleao@gaussenergia.com.br","2025-03-28T13:53:58.736Z","2025-07-26T13:40:02.844Z","","","","Overdue","3","21","88","Projeto FV"
"https://app.process.st/runs/tXwLvx8xqyNeVZW6YqBKtw","Gustavo Leal de Lucena AUMENTO NAO HOMOLOGADO - 8866-F","pedro.pantaleao@gaussenergia.com.br group-aa595f0b-d840-4fcb-8407-a22a023e7e0d@process.st","2024-01-22T18:18:55.984Z","2025-07-25T19:45:44.150Z","","","","OnTrack","0","1","88","Projeto FV"
"https://app.process.st/runs/tHpaHisscjeWPhTbGk5I8g","Mega Varejao Matutino Supermercado 4 AUMENTO / Dijeane dos Santos 9630.2-F","pedro.pantaleao@gaussenergia.com.br","2024-05-08T17:07:50.220Z","2025-07-25T18:25:32.703Z","","","","Overdue","2","19","88","Projeto FV"
"https://app.process.st/runs/l4ZsEb_jeEkA2LHBUkBP4w","Bahia Oriental 2 / A M A dos Santos AUMENTO NAO HOMOLOGADO / Leanardo Nunes Silva 3025.2-F","pedro.pantaleao@gaussenergia.com.br group-aa595f0b-d840-4fcb-8407-a22a023e7e0d@process.st","2024-06-06T13:44:56.255Z","2025-07-25T17:39:19.215Z","","","","OnTrack","0","2","88","Projeto FV"
"https://app.process.st/runs/vhWjUtCQpqWOswb5uPpFOg","Willian Franklin Machado / Praia do Forte 8697-F","pedro.pantaleao@gaussenergia.com.br","2022-07-18T13:22:31.549Z","2025-07-23T12:24:01.118Z","","","","Overdue","3","25","88","Projeto FV"
"https://app.process.st/runs/qGJqdRN1UnaqBai8A6BF6w","Ramon Nunes da Cruz - 6268-F","pedro.pantaleao@gaussenergia.com.br group-698ea497-ec60-4bde-b165-b8f9ccbb0cfe@process.st","2021-08-23T22:37:07.175Z","2025-07-22T16:46:11.619Z","","","","Overdue","3","20","88","Projeto FV"
"https://app.process.st/runs/iy1-COpcMUaQLdY0sKdOwg","Umberto Reinan de Andrade - 10129-F","pedro.pantaleao@gaussenergia.com.br group-698ea497-ec60-4bde-b165-b8f9ccbb0cfe@process.st","2023-07-06T17:51:26.646Z","2025-07-22T16:37:52.951Z","","","","Overdue","3","21","88","Projeto FV"
"https://app.process.st/runs/gR-bFKDZLV1UIFX11stEDw","Fernanda Pereira de Azevedo / Ricardo Mesquita Guedes 2 / Galpao Ze Delivery - 8249-F","pedro.pantaleao@gaussenergia.com.br","2022-04-14T19:01:26.744Z","2025-07-22T14:55:04.620Z","","","","Overdue","3","22","88","Projeto FV"
"https://app.process.st/runs/uNWcesG2eBktoRwoupFGGQ","Valdira Cardosos de Matos / Valdira Cardoso 8113-F","pedro.pantaleao@gaussenergia.com.br","2022-03-22T14:56:44.802Z","2025-07-22T14:50:54.086Z","","","","OnTrack","0","26","88","Projeto FV"
"https://app.process.st/runs/rz8HYaix41zRlEgzqPRBCg","Book Agencia de Viagens e Turismo Ltda / Tio de Flavio - 12721-F","pedro.pantaleao@gaussenergia.com.br group-698ea497-ec60-4bde-b165-b8f9ccbb0cfe@process.st group-aa595f0b-d840-4fcb-8407-a22a023e7e0d@process.st","2025-04-09T12:27:01.277Z","2025-07-21T12:17:07.216Z","","","","Overdue","4","21","88","Projeto FV"
"https://app.process.st/runs/kKv6FGneL_2Qc1F4SodMiQ","Fabiola Rabelo Ferreira Bessa - 13029-F","pedro.pantaleao@gaussenergia.com.br group-698ea497-ec60-4bde-b165-b8f9ccbb0cfe@process.st","2025-04-03T12:57:53.612Z","2025-07-20T21:27:25.137Z","","","","Overdue","3","26","88","Projeto FV"
"https://app.process.st/runs/v23-raghGzCT8nQGLBBH9g","Edi Carlos Paiva 2 - 13305-F","pedro.pantaleao@gaussenergia.com.br","2025-04-28T19:08:26.228Z","2025-07-20T21:27:11.138Z","","","","Overdue","3","21","88","Projeto FV"
"https://app.process.st/runs/rioLk7VCJ9BxSIIsAVhAbw","Jose Roberto de Oliveira Barreto AUMENTO - 164-F","pedro.pantaleao@gaussenergia.com.br","2025-04-23T19:03:50.016Z","2025-07-20T21:26:56.775Z","","","","Overdue","2","20","88","Projeto FV"
"https://app.process.st/runs/onKywCusllKtItbJW4dKng","Jonata Batista Machado - 13286-F","pedro.pantaleao@gaussenergia.com.br group-698ea497-ec60-4bde-b165-b8f9ccbb0cfe@process.st","2025-04-17T18:17:48.670Z","2025-07-20T21:26:40.362Z","","","","Overdue","3","22","88","Projeto FV"
"https://app.process.st/runs/qMFzSYffPNZiCUuDKIpCOg","Vinicius Maia Barreto de Oliveira - 12772-F","pedro.pantaleao@gaussenergia.com.br group-698ea497-ec60-4bde-b165-b8f9ccbb0cfe@process.st","2025-03-31T17:05:11.023Z","2025-07-20T17:58:37.596Z","","","","Overdue","3","22","88","Projeto FV"
"https://app.process.st/runs/i1NgZ2nZdG0CHpN91S1EjA","Carlos Rene Rios Ferreira - 13172-F","pedro.pantaleao@gaussenergia.com.br group-698ea497-ec60-4bde-b165-b8f9ccbb0cfe@process.st","2025-04-07T17:23:51.977Z","2025-07-19T22:17:56.916Z","","","","Overdue","3","22","88","Projeto FV"
"https://app.process.st/runs/h7q-eM4F_nxkmW2VdR5DcA","Maria da Conceicao dos Santos Teixeira - 4237-F","pedro.pantaleao@gaussenergia.com.br","2024-02-02T14:48:05.860Z","2025-07-18T14:34:46.683Z","","","","Overdue","3","21","88","Projeto FV"
"https://app.process.st/runs/j4tmIhv24h-MtXdkKMpCHg","Gerly Torres da Silva - 12415-F","pedro.pantaleao@gaussenergia.com.br","2025-02-18T13:20:09.562Z","2025-07-18T14:26:04.160Z","","","","Overdue","3","21","88","Projeto FV"
"https://app.process.st/runs/gzRcKD2qIUCHFU1Pqk9E5Q","Mega Center / PetroMetal 2 2599.1-F","group-698ea497-ec60-4bde-b165-b8f9ccbb0cfe@process.st","2019-08-22T00:19:40.860Z","2025-07-18T14:23:18.237Z","","","","Overdue","5","18","88","Projeto FV"
"https://app.process.st/runs/qgCjcxtrgXReB1yrd6RL3w","Joana da Silva Cerqueira - 11536-F","pedro.pantaleao@gaussenergia.com.br group-698ea497-ec60-4bde-b165-b8f9ccbb0cfe@process.st","2024-07-05T17:17:09.962Z","2025-07-18T14:01:37.187Z","","","","Overdue","3","21","88","Projeto FV"
"https://app.process.st/runs/v-m-3RtV_uL03NaAsqFLvQ","Maria Clara Barbosa de Freitas / Roberto de Freitas - 8140-F","pedro.pantaleao@gaussenergia.com.br","2022-03-25T18:14:55.157Z","2025-07-18T13:59:06.639Z","","","","OnTrack","0","25","88","Projeto FV"
"https://app.process.st/runs/uZQI6OEM7Sui-MZIx-ZAkQ","Genicleudo Gualberto da Silva / Agdailsa - 10498-F","pedro.pantaleao@gaussenergia.com.br group-698ea497-ec60-4bde-b165-b8f9ccbb0cfe@process.st","2023-11-07T13:26:49.507Z","2025-07-18T13:46:50.651Z","","","","Overdue","3","21","88","Projeto FV"
"https://app.process.st/runs/taelR5kiXfXpGXt-_QxGqA","Supermercado Coração - Mercado 1 de Janeiro Fundo / Gessivaldo 5 3141.5-F","pedro.pantaleao@gaussenergia.com.br group-698ea497-ec60-4bde-b165-b8f9ccbb0cfe@process.st group-aa595f0b-d840-4fcb-8407-a22a023e7e0d@process.st","2020-11-20T14:22:54.145Z","2025-07-18T13:31:51.986Z","","","","Overdue","3","37","88","Projeto FV"
"https://app.process.st/runs/m3sudLkUudcxeGDiAb1D3Q","Gildasio Mendes Lopes 7924-F","pedro.pantaleao@gaussenergia.com.br group-698ea497-ec60-4bde-b165-b8f9ccbb0cfe@process.st","2022-12-28T17:04:59.189Z","2025-07-18T13:04:35.612Z","","","","Overdue","3","21","88","Projeto FV"
"https://app.process.st/runs/kHvcAr_osCTj7C0VqaRHKw","Almir Pereira Filho  ->ADENICE QUEIROZ MIRANDA 1501-F","pedro.pantaleao@gaussenergia.com.br group-aa595f0b-d840-4fcb-8407-a22a023e7e0d@process.st","2019-01-22T17:24:17.873Z","2025-07-17T18:33:13.727Z","","","","Overdue","5","17","88","Projeto FV"
"https://app.process.st/runs/ju6SbGRs4B9bA3GFeTNONQ","Portomar Patrimonial Ltda / Galpao Gauss Piraja 10178-F","pedro.pantaleao@gaussenergia.com.br group-698ea497-ec60-4bde-b165-b8f9ccbb0cfe@process.st","2023-07-25T17:58:01.938Z","2025-07-16T22:39:46.488Z","","","","Overdue","2","30","88","Projeto FV"
"https://app.process.st/runs/mo-6qbXY7pLdZ2RKoXZHcA","Cesar Augusto Leao Barretto de Araujo SOMENTE HOMOLOGAÇAO - 13384-F","pedro.pantaleao@gaussenergia.com.br group-aa595f0b-d840-4fcb-8407-a22a023e7e0d@process.st","2025-04-30T17:41:25.363Z","2025-07-15T15:01:37.741Z","","","","Overdue","1","17","88","Projeto FV"
"https://app.process.st/runs/sx6Yy0bh15KjIBIYZVBORw","Top Engenharia - ETAPA 1 2056-F","","2019-08-02T20:37:04.895Z","2025-07-15T14:05:52.147Z","","","","Overdue","5","25","88","Projeto FV"
"https://app.process.st/runs/ubgGN8J37n8kb1ZvkaNCeQ","Paulo Milhomens Queiroz / Comercial Queiroz Buritirama 4425-F","pedro.pantaleao@gaussenergia.com.br","2021-03-18T17:44:36.760Z","2025-07-14T17:01:46.880Z","","","","Overdue","3","23","88","Projeto FV"
"https://app.process.st/runs/hlcVIC0LMXDBHl6PkbBI8A","Damião Antônio da Silva 2379-F","raniel.garcia@gaussenergia.com.br","2019-07-17T14:21:07.799Z","2025-07-14T14:53:22.314Z","","","","Overdue","5","21","88","Projeto FV"
"https://app.process.st/runs/vnEU05_cNz3oJgpNZKdE4Q","Pedro Araujo Castro AUMENTO - 7658-F","pedro.pantaleao@gaussenergia.com.br","2025-04-07T18:13:10.933Z","2025-07-14T12:29:44.111Z","","","","Overdue","3","21","88","Projeto FV"
"https://app.process.st/runs/mikOxlEE4wF9ADYB6NdPvQ","Pamela Souza Alves - 12562-F","gabriel@gaussenergia.com.br group-698ea497-ec60-4bde-b165-b8f9ccbb0cfe@process.st","2025-01-24T18:11:36.651Z","2025-07-12T14:02:47.107Z","","","","Overdue","3","26","88","Projeto FV"
"https://app.process.st/runs/nw1I9BoclhYbl1Kz9fxE7w","Wagner Chastinet Lima - 12760-F","pedro.pantaleao@gaussenergia.com.br","2025-03-14T12:34:26.921Z","2025-07-11T12:57:47.199Z","","","","Overdue","3","21","88","Projeto FV"
"https://app.process.st/runs/tpRm6-NnbJsFuEOz3QxO4Q","Ronaldo Guilherme dos Santos Castro ME - Pousada Alto Cajueiro - 5666-F","","2021-06-21T13:46:03.613Z","2025-07-10T19:25:07.857Z","","","","Overdue","2","22","88","Projeto FV"
"https://app.process.st/runs/tFZKAIPAxPiv016XsVJGAQ","Supermercado EFCE Pereira Ltda AUMENTO MINIGERAÇAO - 6208-F","pedro.pantaleao@gaussenergia.com.br group-aa595f0b-d840-4fcb-8407-a22a023e7e0d@process.st","2025-07-09T19:23:56.573Z","2025-07-10T18:34:01.865Z","","","","OnTrack","0","3","88","Projeto FV"
"https://app.process.st/runs/tBt1FLLu-85rTI3e2thELA","Supermercado J Pereira - 3789-F","gabriel@gaussenergia.com.br group-aa595f0b-d840-4fcb-8407-a22a023e7e0d@process.st","2020-09-25T18:39:14.077Z","2025-07-10T12:15:38.052Z","","","","Overdue","1","25","88","Projeto FV"
"https://app.process.st/runs/vJgcjTm5VjKHJMWHeWBLiA","Supermercado EFCE Pereira Ltda 6208-F","pedro.pantaleao@gaussenergia.com.br","2021-09-10T18:17:51.389Z","2025-07-09T19:55:17.407Z","","","","Overdue","2","22","88","Projeto FV"
"https://app.process.st/runs/kaSJR0GJ8bkYHolPpUlB8Q","Helenito Barreto Pinto Neto - 11737-F","pedro.pantaleao@gaussenergia.com.br group-698ea497-ec60-4bde-b165-b8f9ccbb0cfe@process.st","2024-09-13T14:04:02.399Z","2025-07-09T13:14:06.407Z","","","","Overdue","3","21","88","Projeto FV"
"https://app.process.st/runs/gS5D28g7KEbeWaLiupRB1w","Magda Bastos de Oliveira 4 / Ibitita - 11002-F","pedro.pantaleao@gaussenergia.com.br","2024-02-28T18:34:44.085Z","2025-07-09T12:49:47.915Z","","","","Overdue","3","25","88","Projeto FV"
"https://app.process.st/runs/iP9R4kT66RBKEz8lUx9GpQ","Angelo Dourado / Jani 1986-F","pedro.pantaleao@gaussenergia.com.br","2019-03-22T18:19:50.494Z","2025-07-09T12:07:56.842Z","","","","Overdue","5","20","88","Projeto FV"
"https://app.process.st/runs/vfof7Hws5qFyq0f3XmZI8Q","D2 Empreendimentos e Participaçoes Ltda 8401-F","pedro.pantaleao@gaussenergia.com.br group-698ea497-ec60-4bde-b165-b8f9ccbb0cfe@process.st","2022-12-20T12:56:26.618Z","2025-07-09T12:00:00.135Z","","","","Overdue","3","27","88","Projeto FV"
"https://app.process.st/runs/toQf0IUbMcDQMlKKExxATw","Jessica Soares Luquine - 12469-F","pedro.pantaleao@gaussenergia.com.br group-698ea497-ec60-4bde-b165-b8f9ccbb0cfe@process.st","2025-03-28T17:55:34.795Z","2025-07-08T14:46:32.771Z","","","","Overdue","3","22","88","Projeto FV"
"https://app.process.st/runs/u8Iw03svZZTYkIhjMO5EoA","Roberto Crispim de Jesus - 12683-F","pedro.pantaleao@gaussenergia.com.br group-698ea497-ec60-4bde-b165-b8f9ccbb0cfe@process.st","2025-02-05T11:54:59.872Z","2025-07-08T14:46:16.713Z","","","","Overdue","3","29","88","Projeto FV"
"https://app.process.st/runs/q94vNaEpGtKaBItZ3TJDgQ","Marcus Vinicius Teixeira Navarro AUMENTO NAO HOMOLOGADO - 6047-F","pedro.pantaleao@gaussenergia.com.br group-698ea497-ec60-4bde-b165-b8f9ccbb0cfe@process.st group-aa595f0b-d840-4fcb-8407-a22a023e7e0d@process.st","2025-06-11T17:23:29.651Z","2025-07-08T12:47:47.834Z","","","","Overdue","1","12","88","Projeto FV"
"https://app.process.st/runs/u_x1uf3treCJAtwiB5tHQw","Maiara da Cunha Lacerda - 13038-F","pedro.pantaleao@gaussenergia.com.br","2025-03-28T18:12:25.062Z","2025-07-07T12:25:21.311Z","","","","Overdue","3","21","88","Projeto FV"
"https://app.process.st/runs/gXFrgHbf3jnn8KeDZT9LaA","Marcelo Dourado Loula - 13043.1-F","pedro.pantaleao@gaussenergia.com.br","2025-03-24T14:27:49.810Z","2025-07-07T12:25:08.630Z","","","","Overdue","3","21","88","Projeto FV"
"https://app.process.st/runs/qyyejg6Aw5nprNQ5JVlJfg","Priscilla Oliveira Gonçalves SOMENTE HOMOLOGAÇAO - 13049-F","pedro.pantaleao@gaussenergia.com.br","2025-03-19T13:30:38.438Z","2025-07-05T19:26:37.035Z","","","","Overdue","2","23","88","Projeto FV"
"https://app.process.st/runs/i3MItxvZQE-jqbhbbGZBdw","Washington Alves de Souza - 13026-F","pedro.pantaleao@gaussenergia.com.br group-698ea497-ec60-4bde-b165-b8f9ccbb0cfe@process.st","2025-03-27T14:02:36.112Z","2025-07-05T14:44:54.713Z","","","","Overdue","2","20","88","Projeto FV"
"https://app.process.st/runs/lWAJtL92Wgm4xaJEL6xDOw","Adair Paulino Silva - 12925-F","pedro.pantaleao@gaussenergia.com.br group-698ea497-ec60-4bde-b165-b8f9ccbb0cfe@process.st","2025-03-12T19:21:39.511Z","2025-07-05T14:44:33.294Z","","","","Overdue","3","22","88","Projeto FV"
"https://app.process.st/runs/ou29xVDTJrU08pqWyMFNvg","Lion Fitness Ltda 2 - 12498-F","gabriel@gaussenergia.com.br group-698ea497-ec60-4bde-b165-b8f9ccbb0cfe@process.st","2025-02-10T14:30:07.007Z","2025-07-05T14:43:52.300Z","","","","Overdue","3","22","88","Projeto FV"
"https://app.process.st/runs/g46rGbiIog1C71KoIqJAxw","Rui Santos Brandao - 13033-F","pedro.pantaleao@gaussenergia.com.br group-698ea497-ec60-4bde-b165-b8f9ccbb0cfe@process.st","2025-03-26T13:40:09.280Z","2025-07-05T14:25:53.819Z","","","","Overdue","3","22","88","Projeto FV"
"https://app.process.st/runs/kPemLHJD0lUCHVIDnDdG7A","Clisman Cley Rosa Boaventura 2 - 12843-F","pedro.pantaleao@gaussenergia.com.br","2025-03-14T13:49:56.917Z","2025-07-04T19:49:01.335Z","","","","Overdue","3","21","88","Projeto FV"
"https://app.process.st/runs/sIi3_hF5Z8xvAqRkMgpNKQ","Noaci Madalena Cunha Loula - 12853-F","pedro.pantaleao@gaussenergia.com.br group-698ea497-ec60-4bde-b165-b8f9ccbb0cfe@process.st","2025-03-10T17:20:19.919Z","2025-07-04T19:47:08.335Z","","","","Overdue","3","22","88","Projeto FV"
"https://app.process.st/runs/ikzHmIvLoLeoOG3O0tlJDA","Joelson Arcanjo de Souza - 13059-F","pedro.pantaleao@gaussenergia.com.br group-aa595f0b-d840-4fcb-8407-a22a023e7e0d@process.st","2025-03-31T18:45:04.984Z","2025-07-04T19:44:23.297Z","","","","Overdue","3","19","88","Projeto FV"
"https://app.process.st/runs/h259jX0uAUQXZOx7dTxKjg","Jose Virgulino de Rezende /  Maria Rita 4469-F","pedro.pantaleao@gaussenergia.com.br","2021-02-25T14:10:14.836Z","2025-07-04T17:25:40.340Z","","","","Overdue","2","22","88","Projeto FV"
"https://app.process.st/runs/oujDh4RvzA9e8Dkl1WlG8w","Jean Louis Kerckhof Reina 2 - 11701.2-F","pedro.pantaleao@gaussenergia.com.br group-698ea497-ec60-4bde-b165-b8f9ccbb0cfe@process.st","2024-08-22T17:19:59.802Z","2025-07-03T17:43:07.809Z","","","","Overdue","3","21","88","Projeto FV"
"https://app.process.st/runs/tKE70aXLq_JieaT1RT9NdQ","Jean Louis Kerckhof Reina 1 - 11701.1-F","pedro.pantaleao@gaussenergia.com.br group-698ea497-ec60-4bde-b165-b8f9ccbb0cfe@process.st","2024-08-22T17:11:38.300Z","2025-07-03T17:42:56.829Z","","","","Overdue","3","21","88","Projeto FV"
"https://app.process.st/runs/oWtdd9ZcPSr9vm3QctVM7w","Everton Pereira Lordelo Leal 4998-F","pedro.pantaleao@gaussenergia.com.br","2021-05-04T13:59:01.365Z","2025-07-03T13:10:41.374Z","","","","OnTrack","0","24","88","Projeto FV"
"https://app.process.st/runs/maAnVBoV8WQ2CtTRTgFNaA","Carlos Roberto Garofalo - 11510-F","pedro.pantaleao@gaussenergia.com.br group-698ea497-ec60-4bde-b165-b8f9ccbb0cfe@process.st","2025-02-14T13:17:25.447Z","2025-06-28T17:22:02.366Z","","","","Overdue","3","22","88","Projeto FV"
"https://app.process.st/runs/rbpubhykkN5lCOB6voVCaw","Thais Bickel Marent 1 / Entre Rios - 12070.1-F","gabriel@gaussenergia.com.br","2025-01-29T18:17:28.454Z","2025-06-28T17:21:45.154Z","","","","Overdue","3","21","88","Projeto FV"
"https://app.process.st/runs/l8NbZ0_RLomlCByYaCdFeA","Gilvania Gloria de Oliveira Santos Gama - 12967-F","pedro.pantaleao@gaussenergia.com.br","2025-03-24T13:30:58.558Z","2025-06-27T14:20:38.082Z","","","","Overdue","2","20","88","Projeto FV"
"https://app.process.st/runs/lmQCFEYkcXN7gCTsSoxPlw","Morais de Castro 2 436.2-F","gabriel@gaussenergia.com.br","2018-12-20T18:05:56.509Z","2025-06-25T10:29:14.519Z","","","","Overdue","5","18","88","Projeto FV"
"https://app.process.st/runs/sAph3qgzlpl3PHBHj5ZD4g","Francisco Rivaldo de Oliveira Júnior - 12795-F","pedro.pantaleao@gaussenergia.com.br","2025-02-27T12:43:08.299Z","2025-06-23T15:28:24.239Z","","","","Overdue","3","21","88","Projeto FV"
"https://app.process.st/runs/qaRiAjjCHrZ_sCpk-E5K9g","Jose Francolino Ferreira Santos - 12463-F","pedro.pantaleao@gaussenergia.com.br group-698ea497-ec60-4bde-b165-b8f9ccbb0cfe@process.st","2025-02-03T18:41:33.875Z","2025-06-23T15:26:35.681Z","","","","Overdue","3","22","88","Projeto FV"
"https://app.process.st/runs/kvRjrW9AYKoFSGFKymVCzw","Guttos Industria e Comercio de Gelados 2 / Augusto M de Figueiredo Junior Eireli / Guto Sorvetes AUMENTO - 7434.2-F","pedro.pantaleao@gaussenergia.com.br","2025-03-19T13:53:34.149Z","2025-06-22T13:18:45.169Z","","","","Overdue","3","21","88","Projeto FV"
"https://app.process.st/runs/nsk9fxmnrOjYkuON5whI3w","Ueliton Alves Barreto AUMENTO 2 - 7838-F","pedro.pantaleao@gaussenergia.com.br","2025-03-14T18:37:28.711Z","2025-06-22T13:16:25.481Z","","","","Overdue","3","21","88","Projeto FV"
"https://app.process.st/runs/kVpojKalN0OAox-P7SNGeQ","Denise da Silva Araujo - 12975-F","pedro.pantaleao@gaussenergia.com.br","2025-03-13T13:48:27.919Z","2025-06-22T13:14:43.187Z","","","","Overdue","3","21","88","Projeto FV"
"https://app.process.st/runs/hwocgBwlvHp068tmvGJPlQ","Fabio Deziderio Ferreira - 12982-F","pedro.pantaleao@gaussenergia.com.br group-698ea497-ec60-4bde-b165-b8f9ccbb0cfe@process.st","2025-03-11T13:33:11.690Z","2025-06-22T13:14:16.235Z","","","","Overdue","3","22","88","Projeto FV"
"https://app.process.st/runs/q7E7XR3bR1xsrB6SUr9MBw","Andrea Souza Santos - 12709-F","pedro.pantaleao@gaussenergia.com.br group-698ea497-ec60-4bde-b165-b8f9ccbb0cfe@process.st","2025-02-14T12:50:01.520Z","2025-06-22T12:57:52.358Z","","","","Overdue","3","22","88","Projeto FV"
"https://app.process.st/runs/k60k6UkqhawOmzH1tRlLcA","Carlos Roberto Alves de Carvalho AUMENTO 3076-F","pedro.pantaleao@gaussenergia.com.br","2024-11-22T17:45:09.834Z","2025-06-22T12:57:37.590Z","","","","Overdue","3","21","88","Projeto FV"
"https://app.process.st/runs/oHlCG-IUnp7sD0TnB_BMJQ","Jose Mario Lima Baltazar da Silveira - 12008-F","gabriel@gaussenergia.com.br group-698ea497-ec60-4bde-b165-b8f9ccbb0cfe@process.st","2025-01-30T16:54:26.871Z","2025-06-22T12:57:23.815Z","","","","Overdue","3","22","88","Projeto FV"
"https://app.process.st/runs/m9w9MZ6hYAjyg9L79WtNfQ","Tony Mauricio Oliveira Lopes AUMENTO - 8414-F","pedro.pantaleao@gaussenergia.com.br","2025-03-11T14:41:19.575Z","2025-06-22T12:57:10.555Z","","","","Overdue","3","21","88","Projeto FV"
"https://app.process.st/runs/okvH2Mu5NU8tatMY0zdLzg","Marcos Barreto Regis AUMENTO - 828-F","pedro.pantaleao@gaussenergia.com.br","2025-02-26T18:58:52.672Z","2025-06-22T12:56:56.796Z","","","","Overdue","3","24","88","Projeto FV"
"https://app.process.st/runs/ntZqVecTREiklhk4wnVNiQ","Mega Varejao Matutino Supermercado Eireli 6 - 12913-F","pedro.pantaleao@gaussenergia.com.br","2025-02-24T19:57:01.162Z","2025-06-22T12:56:43.230Z","","","","Overdue","3","21","88","Projeto FV"
"https://app.process.st/runs/th0GGkZNq2mHCv_RRuZIPQ","Leonardo Oliveira de Carvalho - 11222-F","pedro.pantaleao@gaussenergia.com.br group-698ea497-ec60-4bde-b165-b8f9ccbb0cfe@process.st","2024-04-23T12:34:06.624Z","2025-06-16T14:14:58.009Z","","","","Overdue","3","21","88","Projeto FV"
"https://app.process.st/runs/siZdMcnoC6NdPBAEnq1PRg","Vera Lucia Lima Pimentel 2 - 13578-F","pedro.pantaleao@gaussenergia.com.br group-aa595f0b-d840-4fcb-8407-a22a023e7e0d@process.st","2025-06-09T18:48:46.995Z","2025-06-16T12:31:48.777Z","","","","OnTrack","0","15","88","Projeto FV"
"https://app.process.st/runs/qyNb42QJda-TDB71k5VLyg","Nilton Martins dos Anjos - 12388-F","pedro.pantaleao@gaussenergia.com.br","2025-01-23T14:44:21.281Z","2025-06-14T18:44:04.360Z","","","","Overdue","3","25","88","Projeto FV"
"https://app.process.st/runs/pzepwTkFjcGv5IPlpv5OAQ","Adonias Nunes Dourado 2 / Irece - 12822-F","pedro.pantaleao@gaussenergia.com.br","2025-02-25T13:17:30.867Z","2025-06-14T18:43:23.203Z","","","","Overdue","3","21","88","Projeto FV"
"https://app.process.st/runs/s7niWvkEX1eLKDAy5xZDWw","Genelice Neves do Nascimento - 12238-F","pedro.pantaleao@gaussenergia.com.br group-698ea497-ec60-4bde-b165-b8f9ccbb0cfe@process.st","2025-03-17T14:20:47.859Z","2025-06-14T17:18:51.980Z","","","","Overdue","3","22","88","Projeto FV"
"https://app.process.st/runs/r2UZvsQJLWqz14wv4DdO6A","Giuliano Cardoso Rodrigues MUDANÇA DE SISTEMA 9147-F","pedro.pantaleao@gaussenergia.com.br","2022-10-07T13:46:08.809Z","2025-06-13T18:34:48.946Z","","","","Overdue","3","21","88","Projeto FV"
"https://app.process.st/runs/vutPqx-YPDmwbIH1evVDXQ","Luiz Fernando Casbur Ruas -> Maria Teresa Fontes Casbur  1742-F","pedro.pantaleao@gaussenergia.com.br raniel.garcia@gaussenergia.com.br gabriel@gaussenergia.com.br","2019-07-15T17:14:28.497Z","2025-06-13T14:59:47.461Z","","","","Overdue","5","22","88","Projeto FV"
"https://app.process.st/runs/uRTCFmdS9PSO6QF4bppNow","Jorge Jose Cardoso Almeida / Anne Braga 7789-F","pedro.pantaleao@gaussenergia.com.br group-698ea497-ec60-4bde-b165-b8f9ccbb0cfe@process.st","2022-07-28T17:52:31.782Z","2025-06-13T14:24:37.266Z","","","","Overdue","3","24","88","Projeto FV"
"https://app.process.st/runs/tE0hPKtMU21wZtIhEApOkQ","Lucicleia Araujo Pires / Hipermercado Pires 7882-F","pedro.pantaleao@gaussenergia.com.br","2022-02-07T14:15:24.788Z","2025-06-13T14:09:49.956Z","","","","OnTrack","0","26","88","Projeto FV"
"https://app.process.st/runs/jlyERKooPIggvdrG0BNIsA","Marcus Vinicius Teixeira Navarro 6047-F","pedro.pantaleao@gaussenergia.com.br group-aa595f0b-d840-4fcb-8407-a22a023e7e0d@process.st","2021-08-11T22:23:56.137Z","2025-06-11T17:34:44.205Z","","","","Overdue","1","17","88","Projeto FV"
"https://app.process.st/runs/qvV3flrodeTRR5nY_RxDaQ","Erlon Ferreira de Oliveira - 2873-F","","2019-12-09T22:34:10.228Z","2025-06-11T14:14:28.812Z","","","","Overdue","3","22","88","Projeto FV"
"https://app.process.st/runs/rrpuDCP4i2vjc30ZuXlMHA","Pedro Wenceslao Cardoso Rodrigues 8728-F","pedro.pantaleao@gaussenergia.com.br group-698ea497-ec60-4bde-b165-b8f9ccbb0cfe@process.st","2022-08-09T14:52:03.513Z","2025-06-10T17:57:22.761Z","","","","Overdue","3","21","88","Projeto FV"
"https://app.process.st/runs/gsbDVYpKWW7jR2X7WOdMPQ","Suely Soares Leite de Senna SOMENTE HOMOLOGAÇAO - 12934-F","pedro.pantaleao@gaussenergia.com.br","2025-03-07T17:23:07.450Z","2025-06-09T18:18:13.380Z","","","","Overdue","3","21","88","Projeto FV"
"https://app.process.st/runs/iao1YLkgxRE1Nzm1xGpLhQ","Ires Maia Muller SOMENTE HOMOLOGAÇAO - 13046-F","pedro.pantaleao@gaussenergia.com.br","2025-03-14T13:36:26.409Z","2025-06-09T18:17:33.547Z","","","","Overdue","3","21","88","Projeto FV"
"https://app.process.st/runs/ow7eiksuVhVz6o1PPvtGGw","Carlos Miler da Silva AUMENTO 2 - 10507-F","pedro.pantaleao@gaussenergia.com.br","2025-02-18T17:14:35.093Z","2025-06-09T18:15:02.548Z","","","","Overdue","3","21","88","Projeto FV"
"https://app.process.st/runs/poR2-Rl69oixGDeDIjZJPw","Joelson Vaz Bastos de Matos - 12833-F","pedro.pantaleao@gaussenergia.com.br","2025-02-27T12:10:26.277Z","2025-06-09T18:14:26.576Z","","","","Overdue","3","21","88","Projeto FV"
"https://app.process.st/runs/iSSJiujDkFVcIeYQrnRFXw","Giancarla Liborio Di Credico SOMENTE HOMOLOGAÇAO - 12438-F","pedro.pantaleao@gaussenergia.com.br","2024-12-16T13:38:44.663Z","2025-06-09T17:23:13.206Z","","","","Overdue","3","28","88","Projeto FV"
"https://app.process.st/runs/vBQU0GvKGcDMVGYNm1RKrg","Jussicleide Bernardo dos Reis - 12831-F","pedro.pantaleao@gaussenergia.com.br","2025-02-27T11:51:25.522Z","2025-06-07T18:38:02.355Z","","","","Overdue","3","21","88","Projeto FV"
"https://app.process.st/runs/qnkntb0e__b7VSAUCPxJsw","Rildo Vieira da Silva 2682-F","pedro.pantaleao@gaussenergia.com.br","2019-10-01T15:14:48.147Z","2025-06-06T19:02:46.709Z","","","","Overdue","5","21","88","Projeto FV"
"https://app.process.st/runs/kKWZZnDZOw6foprFDttDJQ","Luiz Eduardo Sacchi de Carvalho / Delta Participaçoes Ltda 8345-F","pedro.pantaleao@gaussenergia.com.br group-698ea497-ec60-4bde-b165-b8f9ccbb0cfe@process.st","2022-06-01T19:56:49.150Z","2025-06-06T18:59:52.981Z","","","","Overdue","3","22","88","Projeto FV"
"https://app.process.st/runs/v64uzBxBFg_zHF84aTlJTQ","Caroline Guerra Moraes 9417-F","pedro.pantaleao@gaussenergia.com.br group-698ea497-ec60-4bde-b165-b8f9ccbb0cfe@process.st","2022-12-19T13:59:47.164Z","2025-06-06T18:59:28.124Z","","","","Overdue","3","25","88","Projeto FV"
"https://app.process.st/runs/gE2rsqLNXu28lWtx8PxMng","Gabriela Silva Salvador Dourado 3220-F","pedro.pantaleao@gaussenergia.com.br","2020-02-28T14:24:51.012Z","2025-06-06T17:40:57.221Z","","","","Overdue","5","17","88","Projeto FV"
"https://app.process.st/runs/pzyx_-6KJb0vRHwUUoRCFA","Condominio Residencial Recanto das Arvores 3770-F","pedro.pantaleao@gaussenergia.com.br","2020-09-28T19:51:28.660Z","2025-06-05T14:44:21.460Z","","","","OnTrack","0","20","88","Projeto FV"
"https://app.process.st/runs/pnqTQscIhBMaTBPL-AtKIw","Manuel Benjamin de Carvalho Miranda - 12485-F","pedro.pantaleao@gaussenergia.com.br","2025-01-07T17:16:06.702Z","2025-06-04T19:41:43.203Z","","","","Overdue","3","21","88","Projeto FV"
"https://app.process.st/runs/iHkkAC48KbtFRylrHfVD5w","Lidiane Carvalho de Souza Torres - 10766-F","pedro.pantaleao@gaussenergia.com.br group-698ea497-ec60-4bde-b165-b8f9ccbb0cfe@process.st","2024-01-15T18:46:39.042Z","2025-06-04T14:03:12.565Z","","","","Overdue","3","22","88","Projeto FV"
"https://app.process.st/runs/qwxxfh3nN-30tzs0hohO6w","Mainara da Silva Oliveira - 10461-F","pedro.pantaleao@gaussenergia.com.br group-698ea497-ec60-4bde-b165-b8f9ccbb0cfe@process.st","2023-10-20T11:36:10.124Z","2025-06-04T13:27:26.435Z","","","","Overdue","3","21","88","Projeto FV"
"https://app.process.st/runs/mSGZnTo5zpJD7pu2_dJE4Q","Ana Karine Loula Torres Rocha 8166-F","pedro.pantaleao@gaussenergia.com.br group-aa595f0b-d840-4fcb-8407-a22a023e7e0d@process.st","2022-04-18T14:08:07.458Z","2025-06-04T12:48:06.638Z","","","","Overdue","2","22","88","Projeto FV"
"https://app.process.st/runs/j6GYKI-bfzA2QqBvxi5E2g","Lenice da Silva Marinho Rufino - 13449-F","pedro.pantaleao@gaussenergia.com.br group-aa595f0b-d840-4fcb-8407-a22a023e7e0d@process.st","2025-05-21T13:18:42.295Z","2025-06-04T12:11:59.331Z","","","","OnTrack","0","13","88","Projeto FV"
"https://app.process.st/runs/lwRxf7a-dmzgWdEHO6JFyQ","Supermercado Coração - Mercado Av. Caraíbas / Gessivaldo 4 - 3141.4-F","pedro.pantaleao@gaussenergia.com.br group-698ea497-ec60-4bde-b165-b8f9ccbb0cfe@process.st","2020-11-19T20:19:27.541Z","2025-06-03T19:07:35.108Z","","","","Overdue","2","26","88","Projeto FV"
"https://app.process.st/runs/m_LRss5HwSRo2837sZlDKw","Tiago Silva Seixas LTDA ADEQUAÇAO - 11478-F","pedro.pantaleao@gaussenergia.com.br group-aa595f0b-d840-4fcb-8407-a22a023e7e0d@process.st","2025-06-02T19:04:02.526Z","2025-06-02T19:28:33.114Z","","","","OnTrack","0","3","88","Projeto FV"
"https://app.process.st/runs/rvoFUxtSzILnRf6ba01GpA","1672.1-F Magda Bastos de Oliveira","pedro.pantaleao@gaussenergia.com.br","2019-01-16T16:59:19.896Z","2025-06-02T17:34:09.167Z","","","","Overdue","5","21","88","Projeto FV"
"https://app.process.st/runs/mZNDn9UAt0cw_OpjiqdK4w","Radio Serrana 3877-F","pedro.pantaleao@gaussenergia.com.br group-698ea497-ec60-4bde-b165-b8f9ccbb0cfe@process.st","2020-09-18T19:56:32.168Z","2025-06-02T13:58:54.047Z","","","","Overdue","3","18","88","Projeto FV"
"https://app.process.st/runs/oWkDkgxyziBN_XrI_AhCBg","Moacir Cedro Pimenta 2 7055.2-F","pedro.pantaleao@gaussenergia.com.br","2021-10-27T20:39:10.907Z","2025-05-30T14:19:34.963Z","","","","Overdue","2","20","88","Projeto FV"
"https://app.process.st/runs/r-lUuaVZFURGgzVbbkNMlQ","Mercantil Souza 3 - Fazenda / Antonio Carlos Pereira de Souza 2879.3-F","gabriel@gaussenergia.com.br group-aa595f0b-d840-4fcb-8407-a22a023e7e0d@process.st","2020-01-13T14:57:47.078Z","2025-05-30T13:38:27.091Z","","","","Overdue","5","17","88","Projeto FV"
"https://app.process.st/runs/lJGJtvRQwTxLOT3z1TFEPg","Sorveteria Chant 1404-F","gabriel@gaussenergia.com.br group-aa595f0b-d840-4fcb-8407-a22a023e7e0d@process.st","2018-12-10T18:34:53.372Z","2025-05-29T19:26:48.202Z","","","","Overdue","4","20","88","Projeto FV"
"https://app.process.st/runs/v_rsxQYje80c2KMQkXZJZQ","Jose Emanuel Abreu Aguiar - 11139-F","pedro.pantaleao@gaussenergia.com.br group-698ea497-ec60-4bde-b165-b8f9ccbb0cfe@process.st","2024-04-25T17:25:28.461Z","2025-05-29T14:17:45.709Z","","","","Overdue","3","20","88","Projeto FV"
"https://app.process.st/runs/oFgMQGxUamabS0NPFlNPnw","JGE Patrimonial 1 / Galpao 02 / Drillgeo 8700.1-F","pedro.pantaleao@gaussenergia.com.br group-698ea497-ec60-4bde-b165-b8f9ccbb0cfe@process.st","2022-09-21T20:21:50.567Z","2025-05-29T14:10:24.436Z","","","","Overdue","3","25","88","Projeto FV"
"https://app.process.st/runs/jQn81nIi4k24fjcj7NxF6A","Marcos Mamede Harbibe / Portal do Reconcavo 5219-F","pedro.pantaleao@gaussenergia.com.br group-698ea497-ec60-4bde-b165-b8f9ccbb0cfe@process.st","2021-05-21T17:32:22.549Z","2025-05-29T13:56:15.457Z","","","","Overdue","3","25","88","Projeto FV"
"https://app.process.st/runs/id5PqIigQ5zAmfGXrXBNwg","Julio da Silva Barreto 4143-F","pedro.pantaleao@gaussenergia.com.br","2020-11-30T19:14:06.824Z","2025-05-29T12:59:23.827Z","","","","Overdue","1","22","88","Projeto FV"
"https://app.process.st/runs/pE19LrQIxlfD1Q2ff5JGFg","Radio Monte Jaraguar 2684-F","pedro.pantaleao@gaussenergia.com.br group-698ea497-ec60-4bde-b165-b8f9ccbb0cfe@process.st","2020-08-13T13:37:47.964Z","2025-05-29T12:16:49.218Z","","","","Overdue","2","29","88","Projeto FV"
"https://app.process.st/runs/ltqaeJaoo56hwLchaQVAog","Lauro Ernesto Schneider 6200-F","pedro.pantaleao@gaussenergia.com.br","2021-08-17T20:07:47.225Z","2025-05-28T12:42:06.545Z","","","","Overdue","2","20","88","Projeto FV"
"https://app.process.st/runs/qtx35NCeuew7JCsoVL9I2g","Super Adega 1 / Artur Felipe 2735.1-F","raniel.garcia@gaussenergia.com.br","2019-12-02T17:33:43.747Z","2025-05-27T19:25:04.915Z","","","","Overdue","5","22","88","Projeto FV"
"https://app.process.st/runs/m-R6rjuXfZvU1TlegvNGgQ","Condominio Residencial Bosque Italia - 6006","pedro.pantaleao@gaussenergia.com.br","2021-08-29T01:09:07.688Z","2025-05-27T13:45:58.065Z","","","","OnTrack","0","32","88","Projeto FV"
"https://app.process.st/runs/ip6SKqlZPGxS2KFxoENDbw","1950-F Edesinalvo Lopes Bispo","raniel.garcia@gaussenergia.com.br","2019-06-12T15:07:24.745Z","2025-05-27T11:43:10.487Z","","","","Overdue","5","17","88","Projeto FV"
"https://app.process.st/runs/lJLr2sJHIVVy62MC2zJOPw","Maria Rosangela Figueiredo Santos 2 - 12331-F","pedro.pantaleao@gaussenergia.com.br group-698ea497-ec60-4bde-b165-b8f9ccbb0cfe@process.st","2025-01-20T18:46:03.436Z","2025-05-26T12:26:37.230Z","","","","Overdue","3","26","88","Projeto FV"
"https://app.process.st/runs/qekN7ArGkWKhjthZyb5PsA","Manoel Serapiao Filho - 12703-F","pedro.pantaleao@gaussenergia.com.br","2025-02-14T14:33:06.282Z","2025-05-26T12:26:23.973Z","","","","Overdue","3","21","88","Projeto FV"
"https://app.process.st/runs/tdbpJqaXuWs4TsbpxnlBAg","Jose Rodrigues Dias de Xiq Xique ME AUMENTO - 867-F","pedro.pantaleao@gaussenergia.com.br","2025-02-18T18:00:14.796Z","2025-05-26T12:26:11.731Z","","","","Overdue","2","20","88","Projeto FV"
"https://app.process.st/runs/obKhQb-C2gCVxmPS9YtPnw","Carmen Celia Batista Cerqueira SOMENTE HOMOLOGAÇAO - 12779-F","gabriel@gaussenergia.com.br","2025-02-11T18:49:46.175Z","2025-05-26T12:25:51.330Z","","","","Overdue","2","20","88","Projeto FV"
"https://app.process.st/runs/h6xcZfc3kaPAMdjQs59D0g","Telma Regina Milhomens Queiroz / Francisco Galvão 4617-F","pedro.pantaleao@gaussenergia.com.br group-698ea497-ec60-4bde-b165-b8f9ccbb0cfe@process.st group-aa595f0b-d840-4fcb-8407-a22a023e7e0d@process.st","2021-04-08T13:42:58.799Z","2025-05-26T12:16:35.939Z","","","","Overdue","4","18","88","Projeto FV"
"https://app.process.st/runs/opAQnSbcW6V7Xy46whFJiw","Eronildes Miguel da Silva - 11770-F","pedro.pantaleao@gaussenergia.com.br","2024-08-14T18:57:42.544Z","2025-05-26T12:13:19.865Z","","","","Overdue","3","21","88","Projeto FV"
"https://app.process.st/runs/mWlKuVVVcuX5rWVbiJFC6Q","Clauber Carvalho Cunha - 11672-F","pedro.pantaleao@gaussenergia.com.br group-698ea497-ec60-4bde-b165-b8f9ccbb0cfe@process.st","2024-08-01T13:52:19.544Z","2025-05-26T12:10:38.755Z","","","","Overdue","3","21","88","Projeto FV"
"https://app.process.st/runs/gVlmvKtKP7vyA_Xf9vtDOQ","Fábio Calmon de Amorim - 12452-F","pedro.pantaleao@gaussenergia.com.br group-698ea497-ec60-4bde-b165-b8f9ccbb0cfe@process.st","2025-01-23T18:31:33.609Z","2025-05-25T19:36:21.974Z","","","","Overdue","3","22","88","Projeto FV"
"https://app.process.st/runs/onMJEkviNGAPkZa0YMVImA","André Luiz Sodré de Araújo - 12502-F","pedro.pantaleao@gaussenergia.com.br","2025-01-15T18:06:04.626Z","2025-05-25T19:23:03.316Z","","","","Overdue","2","20","88","Projeto FV"
"https://app.process.st/runs/mmJfTQ6LdGiPQ6ZLrchI8A","Rita de Cassia Villa Oliveira - 12473-F","pedro.pantaleao@gaussenergia.com.br","2025-02-27T13:40:56.726Z","2025-05-25T13:45:50.620Z","","","","Overdue","2","20","88","Projeto FV"
"https://app.process.st/runs/i9ySUVNC4kn4gPMz7IpC5Q","Selmo Ferreira Santos 5007-F","pedro.pantaleao@gaussenergia.com.br","2021-10-15T20:37:39.105Z","2025-05-23T14:53:20.750Z","","","","Overdue","2","20","88","Projeto FV"
"https://app.process.st/runs/s9T1KEImJ839fnSkq3BGrg","Henniel Noronha / DIAMANTINA HOTEIS 2069-F","pedro.pantaleao@gaussenergia.com.br group-698ea497-ec60-4bde-b165-b8f9ccbb0cfe@process.st","2019-10-30T18:53:15.825Z","2025-05-22T12:40:18.569Z","","","","Overdue","5","21","88","Projeto FV"
"https://app.process.st/runs/svgODhPEu_Wh10zqtRxFpQ","Hamilton de Sousa Bonfim / Tatiane Silva Rodrigues / Hsete Pra Vestir Ltda - 10143-F","pedro.pantaleao@gaussenergia.com.br group-698ea497-ec60-4bde-b165-b8f9ccbb0cfe@process.st","2023-07-31T13:44:02.252Z","2025-05-22T12:29:47.206Z","","","","Overdue","3","21","88","Projeto FV"
"https://app.process.st/runs/jye_W5_DMVx8b_2gtJtILA","Luciano Alves Rocha 2 - 12441-F","pedro.pantaleao@gaussenergia.com.br","2025-01-09T14:11:22.755Z","2025-05-22T12:14:29.429Z","","","","Overdue","3","28","88","Projeto FV"
"https://app.process.st/runs/vmKOs8jlelHQ-VMlUNFIeg","Wilker / Suelen Januário 2704-F","raniel.garcia@gaussenergia.com.br","2019-10-04T15:45:23.523Z","2025-05-21T12:46:42.852Z","","","","Overdue","4","21","88","Projeto FV"
"https://app.process.st/runs/m_b3YyX5vMErm0EvN41Hxg","Cosme Roberto Sampaio Silva / Usina e SE 75 Dimi - ECONSOL LOCAÇÃO 9664-F","pedro.pantaleao@gaussenergia.com.br","2022-12-20T19:48:46.910Z","2025-05-20T14:54:11.251Z","","","","Overdue","2","20","88","Projeto FV"
"https://app.process.st/runs/nUDX056XVuRlDpgiJBpOWg","Paula Almeida Alves SOMENTE HOMOLOGAÇAO - 12561-F","pedro.pantaleao@gaussenergia.com.br","2025-01-17T19:20:40.723Z","2025-05-19T13:47:22.094Z","","","","Overdue","3","21","88","Projeto FV"
"https://app.process.st/runs/iJzHbVMgDw4I2zcNs2dLrg","Pedro Raimundo Santana da Cruz 2 - 12542.2-F","gabriel@gaussenergia.com.br","2025-01-29T18:40:43.689Z","2025-05-19T13:47:06.554Z","","","","Overdue","2","20","88","Projeto FV"
"https://app.process.st/runs/mtePMU-3vF9vvoptoQFDIg","Pedro Raimundo Santana da Cruz 1 - 12542.1-F","gabriel@gaussenergia.com.br","2025-01-29T18:31:15.194Z","2025-05-19T13:46:51.722Z","","","","Overdue","2","20","88","Projeto FV"
"https://app.process.st/runs/sAeRa-LPSUPgrCIC-MFCAQ","Ubiratan de Assis Casciano Santos SOMENTE HOMOLOGAÇAO - 12849-F","pedro.pantaleao@gaussenergia.com.br","2025-02-19T18:34:11.290Z","2025-05-19T13:46:08.420Z","","","","Overdue","2","20","88","Projeto FV"
"https://app.process.st/runs/kscL6gPYKMGOFbbfzHlGFg","Richard Mendes Braunstein - 12435-F","gabriel@gaussenergia.com.br group-698ea497-ec60-4bde-b165-b8f9ccbb0cfe@process.st","2025-01-24T18:20:33.051Z","2025-05-18T18:42:02.040Z","","","","Overdue","2","21","88","Projeto FV"
"https://app.process.st/runs/lm0Bd8waH3-jMwZCHGJOqw","Kacto Solar SPE Ltda 1 - 12306.1-F","pedro.pantaleao@gaussenergia.com.br group-698ea497-ec60-4bde-b165-b8f9ccbb0cfe@process.st group-aa595f0b-d840-4fcb-8407-a22a023e7e0d@process.st","2024-11-27T17:58:45.332Z","2025-05-17T18:25:42.194Z","","","","Overdue","1","20","88","Projeto FV"
"https://app.process.st/runs/u3L7e5VH4TB4eZ9QI1RLfg","Maucenir Francisca da Silva Santos - 12705-F","gabriel@gaussenergia.com.br group-698ea497-ec60-4bde-b165-b8f9ccbb0cfe@process.st","2025-02-10T18:16:24.867Z","2025-05-16T12:07:15.753Z","","","","Overdue","2","21","88","Projeto FV"
"https://app.process.st/runs/hqtc8jN92e9lL8ZTEPxICw","Ivaneide Francisca da Silva - 10105-F","pedro.pantaleao@gaussenergia.com.br group-698ea497-ec60-4bde-b165-b8f9ccbb0cfe@process.st","2023-08-21T17:14:04.166Z","2025-05-14T12:32:29.224Z","","","","Overdue","3","22","88","Projeto FV"
"https://app.process.st/runs/gAybnDQxWTPJDhjyJ4xLfQ","Gleicy Ramos Lessa / Igor Lessa 1017-F","pedro.pantaleao@gaussenergia.com.br","2020-01-31T18:14:41.224Z","2025-05-14T12:23:29.786Z","","","","Overdue","5","19","88","Projeto FV"
"https://app.process.st/runs/jZWUoTKijILmXjS0hDZPeg","Vitor Lins Rosa SOMENTE HOMOLOGAÇAO - 13385-F","pedro.pantaleao@gaussenergia.com.br group-aa595f0b-d840-4fcb-8407-a22a023e7e0d@process.st","2025-04-30T18:01:17.300Z","2025-05-12T17:40:35.019Z","","","","Overdue","1","16","88","Projeto FV"
"https://app.process.st/runs/nsF9ACxAeVYPhMy_4gFIrA","Daniela Assis Ponciano Martins AUMENTO -10502-F","pedro.pantaleao@gaussenergia.com.br","2024-11-04T13:10:08.564Z","2025-05-11T12:12:48.185Z","","","","Overdue","3","27","88","Projeto FV"
"https://app.process.st/runs/twnZT8M3Vh-OiNOV7Z1KnQ","Anselmo Cedro Pimenta 3 / Fazenda Angical 2 10080.2-F","pedro.pantaleao@gaussenergia.com.br group-aa595f0b-d840-4fcb-8407-a22a023e7e0d@process.st","2023-06-15T19:52:30.052Z","2025-05-09T17:34:55.322Z","","","","OnTrack","0","13","88","Projeto FV"
"https://app.process.st/runs/trz1ihrKGwbDsAQXxmBKsA","Anselmo Cedro Pimenta 2 / Fazenda Angical 1 10080.1-F","pedro.pantaleao@gaussenergia.com.br group-aa595f0b-d840-4fcb-8407-a22a023e7e0d@process.st","2023-06-15T19:46:10.734Z","2025-05-09T17:34:48.139Z","","","","OnTrack","0","13","88","Projeto FV"
"https://app.process.st/runs/u_GxWrXJPgeI3_U2cqpJ6Q","Robelia Oliveira Barreto - 12398-F","pedro.pantaleao@gaussenergia.com.br group-698ea497-ec60-4bde-b165-b8f9ccbb0cfe@process.st","2024-12-11T14:46:34.011Z","2025-05-09T12:48:14.310Z","","","","Overdue","3","29","88","Projeto FV"
"https://app.process.st/runs/hedq4_KAEHvWOr0gEqxHsg","Dolphint Fit Ltda - 12310-F","pedro.pantaleao@gaussenergia.com.br","2024-12-09T14:51:21.420Z","2025-05-09T12:47:50.455Z","","","","Overdue","2","20","88","Projeto FV"
"https://app.process.st/runs/u4yg2pvcV0U2CdCUAXNEXA","Adelicia Maria de Oliveira 5143-F","pedro.pantaleao@gaussenergia.com.br group-698ea497-ec60-4bde-b165-b8f9ccbb0cfe@process.st","2021-05-14T17:50:02.019Z","2025-05-09T12:46:35.171Z","","","","OnTrack","0","31","88","Projeto FV"
"https://app.process.st/runs/pAtOb6BpfvXcYze56VRK9w","Lourival Oliveira Barreto SOMENTE HOMOLOGAÇAO - 12449-F","pedro.pantaleao@gaussenergia.com.br","2024-12-17T14:13:07.226Z","2025-05-08T13:03:17.811Z","","","","Overdue","3","21","88","Projeto FV"
"https://app.process.st/runs/oyODcDd6AQTVdDAh2g5K1w","PW Energia LTDA 2 - 13433-F","pedro.pantaleao@gaussenergia.com.br","2025-05-06T19:10:58.745Z","2025-05-06T19:38:40.788Z","","","","OnTrack","0","0","88","Projeto FV"
"https://app.process.st/runs/i7jMDXb9q1no5k4az9BIDA","Mega Varejao Matutino AUMENTO 2 / Mercadinho Santa Rita 4477-F","pedro.pantaleao@gaussenergia.com.br group-aa595f0b-d840-4fcb-8407-a22a023e7e0d@process.st","2024-05-08T17:30:04.097Z","2025-05-06T13:55:43.007Z","","","","OnTrack","0","14","88","Projeto FV"
"https://app.process.st/runs/jgP9-JfTdKgzhq6C2XBEJQ","Jose Muniz Rebouças / Felippe Bittencourt 1 AUMENTO 3716.1-F","pedro.pantaleao@gaussenergia.com.br group-698ea497-ec60-4bde-b165-b8f9ccbb0cfe@process.st","2024-09-09T19:26:39.889Z","2025-05-05T14:11:24.838Z","","","","Overdue","3","21","88","Projeto FV"
"https://app.process.st/runs/vB1VLI8xzd2zydLto5lEOw","Alan Silva Santos - 12286-F","gabriel@gaussenergia.com.br","2025-01-10T19:04:57.890Z","2025-05-05T13:21:46.454Z","","","","Overdue","2","20","88","Projeto FV"
"https://app.process.st/runs/riX1aTSsIpsmauhnj9tOVg","Cristina Ferreira Matos 5677-F","group-698ea497-ec60-4bde-b165-b8f9ccbb0cfe@process.st","2021-08-05T14:08:42.974Z","2025-05-05T12:53:22.310Z","","","","Overdue","3","22","88","Projeto FV"
"https://app.process.st/runs/q9stb85mijH4RgCvlBhNuw","Luiz Vladimir Vialva Negreiros Falcão 12404-F","pedro.pantaleao@gaussenergia.com.br group-698ea497-ec60-4bde-b165-b8f9ccbb0cfe@process.st","2024-12-16T14:32:12.433Z","2025-05-05T11:53:44.575Z","","","","Overdue","3","22","88","Projeto FV"
"https://app.process.st/runs/ik-7HDFU7ThB5ud6fcNE5A","Aliana Carvalho da Cruz - 12347-F","pedro.pantaleao@gaussenergia.com.br group-698ea497-ec60-4bde-b165-b8f9ccbb0cfe@process.st","2024-12-09T12:52:57.970Z","2025-05-05T11:53:29.731Z","","","","Overdue","3","22","88","Projeto FV"
"https://app.process.st/runs/kCmvJOmdRdgr3TQP0F1Ldg","Eliane Cerqueira Lima - 11702-F","pedro.pantaleao@gaussenergia.com.br group-698ea497-ec60-4bde-b165-b8f9ccbb0cfe@process.st","2025-01-06T18:38:26.566Z","2025-05-05T11:52:54.233Z","","","","Overdue","4","25","88","Projeto FV"
"https://app.process.st/runs/sCkDtJ8tDqeHWDX1RNpHxQ","Anderson Nogueira da Silva SOMENTE PARA O BANCO - 11849.2-F","pedro.pantaleao@gaussenergia.com.br group-aa595f0b-d840-4fcb-8407-a22a023e7e0d@process.st","2025-04-11T13:49:33.292Z","2025-04-30T13:10:05.855Z","","","","OnTrack","0","13","88","Projeto FV"
"https://app.process.st/runs/sfFEQT1p3a00p_bUwLhCEQ","Kacto Solar SPE Ltda 2 - 12306.2-F","pedro.pantaleao@gaussenergia.com.br group-698ea497-ec60-4bde-b165-b8f9ccbb0cfe@process.st group-aa595f0b-d840-4fcb-8407-a22a023e7e0d@process.st","2024-11-27T18:13:06.150Z","2025-04-30T13:05:27.707Z","","","","OnTrack","0","16","88","Projeto FV"
"https://app.process.st/runs/ly3c2x8Q7-IALaZhXC9NZA","Lucas Mendes Martins - 12783-F","pedro.pantaleao@gaussenergia.com.br group-aa595f0b-d840-4fcb-8407-a22a023e7e0d@process.st","2025-04-17T18:25:23.508Z","2025-04-30T13:03:14.466Z","","","","Overdue","1","12","88","Projeto FV"
"https://app.process.st/runs/orgVEl5XKGb7QYhoeV9GWg","Arquivaldo Cardoso Pimenta / Iago Novaes - 8758-F","pedro.pantaleao@gaussenergia.com.br group-698ea497-ec60-4bde-b165-b8f9ccbb0cfe@process.st","2022-10-07T13:19:12.398Z","2025-04-29T13:47:07.574Z","","","","Overdue","3","25","88","Projeto FV"
"https://app.process.st/runs/i5QbqHyQA2-smhxzTmlMng","Marcos Alexandre Santos Queiroga 7736-F","pedro.pantaleao@gaussenergia.com.br group-698ea497-ec60-4bde-b165-b8f9ccbb0cfe@process.st","2022-01-17T14:23:26.621Z","2025-04-29T13:09:07.253Z","","","","Overdue","3","22","88","Projeto FV"
"https://app.process.st/runs/iePhIBK8kZ9DNp4-FhhAkg","Pollyana de Lima Dias / Di Tudo 2 AUMENTO  855.2-F","pedro.pantaleao@gaussenergia.com.br","2022-10-06T13:24:04.700Z","2025-04-29T13:03:22.286Z","","","","Overdue","3","21","88","Projeto FV"
"https://app.process.st/runs/i3pFcJi-H_aYofvClbJP0g","Eliane Neres de Araujo Bispo ME - 12175-F","pedro.pantaleao@gaussenergia.com.br","2024-11-04T14:48:50.754Z","2025-04-29T12:50:42.755Z","","","","Overdue","3","21","88","Projeto FV"
"https://app.process.st/runs/r3yuaDMAnbC0NKqpTEJOUg","Matheus Santos Sena - 12367-F","gabriel@gaussenergia.com.br group-698ea497-ec60-4bde-b165-b8f9ccbb0cfe@process.st","2025-02-06T14:09:41.277Z","2025-04-28T15:32:36.983Z","","","","Overdue","3","22","88","Projeto FV"
"https://app.process.st/runs/hraqiPqLwY1cHZxHtZRGaw","Carvalho Carvalho Industria e Comercial de Confecçoes Ltda - 12423-F","gabriel@gaussenergia.com.br","2025-01-16T17:21:47.374Z","2025-04-28T12:08:13.573Z","","","","Overdue","2","20","88","Projeto FV"
"https://app.process.st/runs/rhZUoGhBIfAc5pIKsOpCtQ","Raniell Cordeiro da Silva Soglia Bastos - 12617-F","gabriel@gaussenergia.com.br group-698ea497-ec60-4bde-b165-b8f9ccbb0cfe@process.st","2025-01-27T17:47:47.726Z","2025-04-27T16:38:32.145Z","","","","Overdue","3","21","88","Projeto FV"
"https://app.process.st/runs/uOcftk6fWZ7AJvOUAuZAUg","Joao Pedro Paiva Cerqueira SOMENTE HOMOLOGAÇAO - 12428-F","pedro.pantaleao@gaussenergia.com.br","2024-12-16T13:58:56.011Z","2025-04-27T12:24:08.357Z","","","","Overdue","3","21","88","Projeto FV"
"https://app.process.st/runs/pJffxe-Ceovpjfo5yclOlg","Jaime Santiago de Lima SOMENTE HOMOLOGAÇAO - 12701-F","gabriel@gaussenergia.com.br","2025-02-06T18:17:13.134Z","2025-04-27T12:23:47.956Z","","","","Overdue","2","20","88","Projeto FV"
"https://app.process.st/runs/pQ8OdbNrhvqviN0UFR1JmA","Tarcisio Malaquias Barreto - 11690-F","pedro.pantaleao@gaussenergia.com.br","2024-10-29T17:14:24.874Z","2025-04-27T12:23:32.655Z","","","","Overdue","3","21","88","Projeto FV"
"https://app.process.st/runs/u92HiEufBQ4B8Kv20xNDWw","Arlete Caetano De Souza - 12514-F","pedro.pantaleao@gaussenergia.com.br","2025-01-15T18:27:45.674Z","2025-04-27T12:23:00.483Z","","","","Overdue","2","20","88","Projeto FV"
"https://app.process.st/runs/oSHwMIUcixAy6CLDmMFDvg","Rita Maria Soares Dourado - 12497-F","pedro.pantaleao@gaussenergia.com.br","2025-01-15T14:21:14.659Z","2025-04-27T12:20:20.334Z","","","","Overdue","2","20","88","Projeto FV"
"https://app.process.st/runs/md5619vL0nkPxhpAbz1Lww","Mayana Nascimento dos Santos Barros - 12528-F","pedro.pantaleao@gaussenergia.com.br","2025-01-20T17:32:40.018Z","2025-04-27T12:20:06.057Z","","","","Overdue","2","20","88","Projeto FV"
"https://app.process.st/runs/qrQOpx0GG7BK1gK4qDZIZQ","Francisco Ricardo Tavares - 12287-F","pedro.pantaleao@gaussenergia.com.br","2024-12-13T18:13:20.379Z","2025-04-27T12:19:53.821Z","","","","Overdue","2","20","88","Projeto FV"
"https://app.process.st/runs/q2Is2K22DhSeaFr-mt5Lng","Maria do Carmo Miranda - 12763-F","pedro.pantaleao@gaussenergia.com.br group-aa595f0b-d840-4fcb-8407-a22a023e7e0d@process.st","2025-03-11T12:58:56.467Z","2025-04-24T15:16:39.080Z","","","","OnTrack","0","14","88","Projeto FV"
"https://app.process.st/runs/gHvVYg8WxUvW-zjc37pJgQ","Romulo Gomes 2808-F","pedro.pantaleao@gaussenergia.com.br","2019-10-28T18:34:10.064Z","2025-04-23T12:17:10.415Z","","","","Overdue","4","20","88","Projeto FV"
"https://app.process.st/runs/o32bUXTq21sAOXBb3W1GFw","Farmacia Sao Cristovao / Cleidson - 7677-F","pedro.pantaleao@gaussenergia.com.br","2022-01-17T13:34:10.053Z","2025-04-22T17:43:17.567Z","","","","Overdue","3","23","88","Projeto FV"
"https://app.process.st/runs/ijNmbAXw5B2UgeTjWTtDkw","Moacir Cedro Pimenta 4 / Fazenda Aroeira 8824-F","pedro.pantaleao@gaussenergia.com.br","2022-07-29T14:35:45.493Z","2025-04-22T16:58:45.208Z","","","","Overdue","2","24","88","Projeto FV"
"https://app.process.st/runs/sYoJG6Fg8zzd8wXrly9P4w","Supermercado Coração - Rua Taquari / Gessivaldo 7 - 11832-F","pedro.pantaleao@gaussenergia.com.br","2024-12-10T13:34:55.735Z","2025-04-22T12:40:23.747Z","","","","Overdue","2","20","88","Projeto FV"
"https://app.process.st/runs/lMjxaX70SoV24avCibJGtg","Francisco Jose do Nascimento / Clara Maria do Nascimento - 12127-F","gabriel@gaussenergia.com.br","2025-01-17T12:52:28.130Z","2025-04-22T12:15:30.042Z","","","","Overdue","2","19","88","Projeto FV"
"https://app.process.st/runs/tiz503npptHO9FIFG89K7A","Antonio Jorge Lima Carneiro - 10930-F","pedro.pantaleao@gaussenergia.com.br group-698ea497-ec60-4bde-b165-b8f9ccbb0cfe@process.st","2025-01-20T12:31:54.255Z","2025-04-20T14:09:24.727Z","","","","Overdue","3","22","88","Projeto FV"
"https://app.process.st/runs/j3lmSngX7OHMhSHnql1ENQ","Vania Pimentel Melo - 12491-F","pedro.pantaleao@gaussenergia.com.br group-698ea497-ec60-4bde-b165-b8f9ccbb0cfe@process.st","2025-01-20T18:24:21.824Z","2025-04-20T13:32:47.726Z","","","","Overdue","3","22","88","Projeto FV"
"https://app.process.st/runs/sS1f-cQ50wCuwoVzCOBECA","Deborah Gama De Oliveira - 12130-F","pedro.pantaleao@gaussenergia.com.br","2025-01-06T17:07:15.097Z","2025-04-20T13:32:02.766Z","","","","Overdue","2","20","88","Projeto FV"
"https://app.process.st/runs/q8smFjdqwq6BeGj5A-ZCgQ","Ezequiel Fabiane Spanholi AUMENTO DE PROJETO TERCEIRO - 11812-F","pedro.pantaleao@gaussenergia.com.br","2025-01-21T14:21:32.293Z","2025-04-18T14:38:54.556Z","","","","Overdue","3","21","88","Projeto FV"
"https://app.process.st/runs/gm6hT16NOK4yvNQrknhCeg","Vagner Lima da Silva - 12455-F","pedro.pantaleao@gaussenergia.com.br","2025-01-09T14:32:50.428Z","2025-04-18T14:38:23.069Z","","","","Overdue","2","20","88","Projeto FV"
"https://app.process.st/runs/gUUQuyq52lqW5TAIHG5Ixg","Edson Silva Marques Filho 8247-F","pedro.pantaleao@gaussenergia.com.br group-698ea497-ec60-4bde-b165-b8f9ccbb0cfe@process.st","2022-04-28T18:11:22.419Z","2025-04-17T14:01:14.894Z","","","","Overdue","3","23","88","Projeto FV"
"https://app.process.st/runs/nP_hx0aBha2ZwQbK9CBGKA","Jean Almeida Santana 2  9084-F","pedro.pantaleao@gaussenergia.com.br","2022-11-09T18:27:40.887Z","2025-04-17T13:14:27.163Z","","","","Overdue","3","21","88","Projeto FV"
"https://app.process.st/runs/p3C_s23vxMhRb4lEryREZg","Erla Thalita Pimenta de Novaes 2 -> Joao Vitor Guerra / Fazenda Barauna 7920-F","pedro.pantaleao@gaussenergia.com.br","2022-05-16T17:57:47.552Z","2025-04-16T17:24:28.340Z","","","","Overdue","2","29","88","Projeto FV"
"https://app.process.st/runs/pL7HZPoBEki-X8oBhMFA0w","Paulo Sampaio Furtado 7050-F","pedro.pantaleao@gaussenergia.com.br group-698ea497-ec60-4bde-b165-b8f9ccbb0cfe@process.st","2021-12-06T20:27:59.048Z","2025-04-15T17:43:33.542Z","","","","Overdue","3","22","88","Projeto FV"
"https://app.process.st/runs/koKCATwoQeB88BalCbVDWw","Claudio Dias da Silva 10567-F","pedro.pantaleao@gaussenergia.com.br group-698ea497-ec60-4bde-b165-b8f9ccbb0cfe@process.st","2023-11-14T14:30:12.356Z","2025-04-15T15:06:30.155Z","","","","Overdue","3","21","88","Projeto FV"
"https://app.process.st/runs/mwBZ8iEYYNK3a5roWg5OEA","Jardel Sodre dos Santos 2 - 11607-F","pedro.pantaleao@gaussenergia.com.br","2024-07-12T18:42:30.598Z","2025-04-15T12:56:35.930Z","","","","Overdue","3","21","88","Projeto FV"
"https://app.process.st/runs/hSCVXaqTrc_asaMQBcJIAg","Luiz Otavio Costa Tourinho Tosta - 9014-F","","2022-10-04T10:59:03.549Z","2025-04-15T12:53:35.141Z","","","","Overdue","3","22","88","Projeto FV"
"https://app.process.st/runs/mFgsn-l3o8uSR2jyCFlOsw","Luiz Brito de Santana 8535-F","pedro.pantaleao@gaussenergia.com.br","2022-07-07T18:47:46.871Z","2025-04-15T12:52:06.202Z","","","","Overdue","3","23","88","Projeto FV"
"https://app.process.st/runs/kDsraWtjZjRsSUTHUr9IOw","Nailda Maria 3077-F","pedro.pantaleao@gaussenergia.com.br","2020-09-02T18:02:10.125Z","2025-04-15T12:44:16.738Z","","","","Overdue","3","20","88","Projeto FV"
"https://app.process.st/runs/q_dXu5PbboQF-r5ESg5LWw","Joao Vitor Guerra / Fazenda Barauna AUMENTO NAO HOMOLOGADO 7920-F","pedro.pantaleao@gaussenergia.com.br group-aa595f0b-d840-4fcb-8407-a22a023e7e0d@process.st","2025-04-14T18:25:30.633Z","2025-04-14T18:38:01.585Z","","","","OnTrack","0","2","88","Projeto FV"
"https://app.process.st/runs/pDGbc_O7xZ8cybDy3hBCZw","Neuma Maria Carneiro Figueredo - 12496-F","pedro.pantaleao@gaussenergia.com.br","2025-01-15T13:59:47.356Z","2025-04-14T12:18:41.029Z","","","","Overdue","3","21","88","Projeto FV"
"https://app.process.st/runs/mChtCafuJqhXwAJgXFhNww","Maria Selma Pinheiro De Oliveira Almeida - 12494-F","gabriel@gaussenergia.com.br group-698ea497-ec60-4bde-b165-b8f9ccbb0cfe@process.st","2025-01-13T13:11:20.500Z","2025-04-14T12:18:03.064Z","","","","Overdue","2","21","88","Projeto FV"
"https://app.process.st/runs/vPcbOg3FBHvMxng83F1PKA","Cleidione Lopes Bispo Ltda - 12340-F","gabriel@gaussenergia.com.br group-698ea497-ec60-4bde-b165-b8f9ccbb0cfe@process.st","2025-01-10T19:38:02.504Z","2025-04-13T14:02:13.832Z","","","","Overdue","3","22","88","Projeto FV"
"https://app.process.st/runs/poSjVY0pb6RM-pv5p_5IAw","GMG Solar SPE Ltda Joao / Fazenda Joao Marlon -> JMA Solar SPE Ltda AUMENTO NAO HOMOLOGADO 8797-F","pedro.pantaleao@gaussenergia.com.br group-aa595f0b-d840-4fcb-8407-a22a023e7e0d@process.st","2025-04-11T14:21:05.770Z","2025-04-11T14:31:43.609Z","","","","OnTrack","0","2","88","Projeto FV"
"https://app.process.st/runs/kC4u6ZQcR9g_oDuzJERM-A","Sarah Nalygia Matos Viana AUMENTO NAO HOMOLOGADO - 12196-F","pedro.pantaleao@gaussenergia.com.br group-aa595f0b-d840-4fcb-8407-a22a023e7e0d@process.st","2025-04-09T18:31:36.852Z","2025-04-09T18:38:27.488Z","","","","OnTrack","0","2","88","Projeto FV"
"https://app.process.st/runs/gAK73gyABySohV0BGvtGUw","Arthur Lavigne Gesteira Slaibi 8009-F","pedro.pantaleao@gaussenergia.com.br group-698ea497-ec60-4bde-b165-b8f9ccbb0cfe@process.st","2022-03-09T18:50:53.392Z","2025-04-09T17:08:25.004Z","","","","Overdue","3","23","88","Projeto FV"
"https://app.process.st/runs/g6QSKQF156zqFh11VBFDZw","Cleuza Cardoso Vilela Silva / Ademario Pereira - 10822-F","pedro.pantaleao@gaussenergia.com.br group-698ea497-ec60-4bde-b165-b8f9ccbb0cfe@process.st","2024-01-11T17:19:37.286Z","2025-04-09T16:51:12.529Z","","","","Overdue","3","25","88","Projeto FV"
"https://app.process.st/runs/nVw0KjYbLUUuKKnjrxlLbQ","Francisco Candido da Silva - 11977-F","pedro.pantaleao@gaussenergia.com.br","2024-09-23T18:40:50.147Z","2025-04-09T16:29:06.374Z","","","","Overdue","3","21","88","Projeto FV"
"https://app.process.st/runs/qRLOgYVXzA5k6GdZeDZAHg","Jose Eduardo Teixeira 3195-F","gabriel@gaussenergia.com.br","2020-02-13T20:59:18.705Z","2025-04-09T14:48:05.230Z","","","","Overdue","3","23","88","Projeto FV"
"https://app.process.st/runs/g93i8SFU6Ifp_-3xuZBKtw","Heliofabio Cardoso Dourado MINIGERAÇAO 0,9MW 10692-F","pedro.pantaleao@gaussenergia.com.br group-aa595f0b-d840-4fcb-8407-a22a023e7e0d@process.st","2024-05-14T19:44:58.690Z","2025-04-09T12:42:11.417Z","","","","OnTrack","0","4","88","Projeto FV"
"https://app.process.st/runs/j-offlLEWisqXi_1zVdBLw","Fernanda Martins da Silva 9483-F","pedro.pantaleao@gaussenergia.com.br","2022-12-27T17:05:16.342Z","2025-04-08T17:07:02.050Z","","","","Overdue","2","23","88","Projeto FV"
"https://app.process.st/runs/pPOzxUzEPBKe8YDqwVxJVg","Vinicius Morais Santos Abreu - 11291-F","pedro.pantaleao@gaussenergia.com.br group-698ea497-ec60-4bde-b165-b8f9ccbb0cfe@process.st","2024-12-18T13:52:47.971Z","2025-04-08T16:33:05.890Z","","","","Overdue","3","22","88","Projeto FV"
"https://app.process.st/runs/gYEXUJK45Dt45ekNuKdOOg","Condominio Edificio America Residencial - 11682-F","pedro.pantaleao@gaussenergia.com.br group-aa595f0b-d840-4fcb-8407-a22a023e7e0d@process.st","2024-10-21T18:13:25.916Z","2025-04-08T16:32:44.466Z","","","","Overdue","3","23","88","Projeto FV"
"https://app.process.st/runs/jJFSHEOWZQrHgEuLPf5A9g","Pedro Araujo Castro 7658-F","pedro.pantaleao@gaussenergia.com.br","2022-02-24T14:48:44.848Z","2025-04-07T18:14:22.059Z","","","","OnTrack","0","25","88","Projeto FV"
"https://app.process.st/runs/rjmszFTDoemlnN5mutRCBA","Fagner Lopes da Gama - 12495-F","gabriel@gaussenergia.com.br","2025-01-13T18:22:47.964Z","2025-04-06T13:34:53.397Z","","","","Overdue","2","20","88","Projeto FV"
"https://app.process.st/runs/uXAWAzOZWNvcPJes4PBN5w","Claudio Carlos dos Santos Costa SOMENTE HOMOLOGAÇAO - 12440-F","pedro.pantaleao@gaussenergia.com.br","2025-01-06T16:46:32.773Z","2025-04-06T13:34:32.398Z","","","","Overdue","3","21","88","Projeto FV"
"https://app.process.st/runs/tqykQOzAtsfMpZ2t7pFNhg","Joao Daniel Passos / Leonor Miriam Sampaio Passos 9306-F","pedro.pantaleao@gaussenergia.com.br group-698ea497-ec60-4bde-b165-b8f9ccbb0cfe@process.st","2022-10-26T19:03:30.091Z","2025-04-04T14:20:22.132Z","","","","Overdue","2","21","88","Projeto FV"
"https://app.process.st/runs/kPLmRLKZYlgtcP_e9edJiw","Karen de Carvalho Barbosa - 12360-F","pedro.pantaleao@gaussenergia.com.br group-698ea497-ec60-4bde-b165-b8f9ccbb0cfe@process.st","2024-12-17T18:14:32.377Z","2025-04-04T13:16:58.781Z","","","","Overdue","3","22","88","Projeto FV"
"https://app.process.st/runs/v2GkFxlRo5VluzIASJlARg","Gumercindo Souza de Araujo 3 / Canarana 2811.3-F","pedro.pantaleao@gaussenergia.com.br group-698ea497-ec60-4bde-b165-b8f9ccbb0cfe@process.st","2022-12-06T14:44:07.035Z","2025-04-04T12:46:14.780Z","","","","Overdue","3","21","88","Projeto FV"
"https://app.process.st/runs/myHUFAxyk1zO28PumYlBjg","Salvador de Souza Verde / Adilio Marcos - 9753-F","pedro.pantaleao@gaussenergia.com.br group-698ea497-ec60-4bde-b165-b8f9ccbb0cfe@process.st","2023-08-23T14:08:43.689Z","2025-04-03T18:13:52.739Z","","","","Overdue","3","21","88","Projeto FV"
"https://app.process.st/runs/ufqeCORn-JvPzuO3akVEXg","Antonio Marco Silva Santana 4629-F","pedro.pantaleao@gaussenergia.com.br group-698ea497-ec60-4bde-b165-b8f9ccbb0cfe@process.st","2021-04-12T20:20:49.652Z","2025-04-03T11:30:22.898Z","","","","Overdue","3","23","88","Projeto FV"
"https://app.process.st/runs/tpvgl0HdInVv11TEaUJKOg","1109-F Jair Horto - Maristela Carneiro Ornellas","gabriel@gaussenergia.com.br","2019-03-30T21:02:53.277Z","2025-04-02T12:03:32.690Z","","","","Overdue","5","15","88","Projeto FV"
"https://app.process.st/runs/rAdtq38dUtJCHEPQYN5JXw","Ivonete Pereira Barreto - 10282-F","pedro.pantaleao@gaussenergia.com.br group-698ea497-ec60-4bde-b165-b8f9ccbb0cfe@process.st","2023-11-08T18:08:57.219Z","2025-04-01T14:02:20.376Z","","","","Overdue","3","21","88","Projeto FV"
"https://app.process.st/runs/pD0yhj8DH1p37SFUiqRMpA","Victor Soares de Andrade - 12425-F","gabriel@gaussenergia.com.br group-698ea497-ec60-4bde-b165-b8f9ccbb0cfe@process.st","2025-01-10T18:54:05.178Z","2025-04-01T13:31:38.351Z","","","","Overdue","3","22","88","Projeto FV"
"https://app.process.st/runs/kGGenZl9Dlv4eZQCYFVBHA","Lucimar Modesto Gonzaga - 12445-F","pedro.pantaleao@gaussenergia.com.br","2025-01-06T16:36:43.791Z","2025-04-01T13:30:50.449Z","","","","Overdue","2","20","88","Projeto FV"
"https://app.process.st/runs/rambkXGUAEEt6l1eMbpBeA","Cairo Ferreira Mendonça - 12137-F","pedro.pantaleao@gaussenergia.com.br group-698ea497-ec60-4bde-b165-b8f9ccbb0cfe@process.st","2024-11-26T15:03:08.485Z","2025-04-01T13:30:34.208Z","","","","Overdue","3","21","88","Projeto FV"
"https://app.process.st/runs/nudUKbRu4UflnvnBvk1Ctg","Tatiana Sena de Miranda Carvalho - 12397-F","pedro.pantaleao@gaussenergia.com.br","2024-12-18T13:47:38.984Z","2025-04-01T13:30:21.722Z","","","","Overdue","3","20","88","Projeto FV"
"https://app.process.st/runs/rGUPqxYMHosepJhAe-xMxA","Luiz Rizzaro Neto - 8786-F","pedro.pantaleao@gaussenergia.com.br","2024-12-16T14:19:48.005Z","2025-04-01T13:30:18.858Z","","","","Overdue","3","21","88","Projeto FV"
"https://app.process.st/runs/lPJ7Gqnim348IRPJm61NkQ","Claudia Oliveira Silva Figueiredo - 12386-F","pedro.pantaleao@gaussenergia.com.br","2024-12-11T14:32:39.865Z","2025-04-01T13:29:53.501Z","","","","Overdue","2","19","88","Projeto FV"
"https://app.process.st/runs/rY3kIGH9LZh3QtSuW2JCsA","Gidivan Cruz de Oliveira - 12245-F","pedro.pantaleao@gaussenergia.com.br group-698ea497-ec60-4bde-b165-b8f9ccbb0cfe@process.st","2024-12-05T14:37:26.804Z","2025-04-01T13:29:34.982Z","","","","Overdue","3","21","88","Projeto FV"
"https://app.process.st/runs/hVKzDRGbUvyYlwOjBX5BFQ","Maria Conceição Colavolpe Nogueira - 12332-F","pedro.pantaleao@gaussenergia.com.br group-698ea497-ec60-4bde-b165-b8f9ccbb0cfe@process.st","2024-12-18T14:01:20.883Z","2025-04-01T13:22:43.738Z","","","","Overdue","2","25","88","Projeto FV"
"https://app.process.st/runs/oTMEzbQwx5dvH8wA5FtChA","Condomínio Edifício Residencial Villa de Angelis - 11287-F","pedro.pantaleao@gaussenergia.com.br group-aa595f0b-d840-4fcb-8407-a22a023e7e0d@process.st","2024-09-13T13:25:13.166Z","2025-03-29T17:14:33.477Z","","","","Overdue","3","19","88","Projeto FV"
"https://app.process.st/runs/mclAfYLkTvj8ry6bsTFAHA","Elis Cairo Araújo Dourado Filho Ltda - 12272-F","pedro.pantaleao@gaussenergia.com.br group-698ea497-ec60-4bde-b165-b8f9ccbb0cfe@process.st","2024-12-18T13:41:31.756Z","2025-03-29T17:14:07.620Z","","","","Overdue","2","21","88","Projeto FV"
"https://app.process.st/runs/uZiwf8M0fnO_Fe8P5NxOgA","Luana Novais Guimaraes SOMENTE HOMOLOGAÇAO - 12432-F","pedro.pantaleao@gaussenergia.com.br","2024-12-11T14:07:48.112Z","2025-03-29T17:13:40.493Z","","","","Overdue","3","21","88","Projeto FV"
"https://app.process.st/runs/rPqGScstfZ57I8076OhPGw","Odacy José Alves de Santana - 12295-F","pedro.pantaleao@gaussenergia.com.br","2024-12-04T13:52:28.136Z","2025-03-29T17:13:27.446Z","","","","Overdue","2","20","88","Projeto FV"
"https://app.process.st/runs/s0xzXclizBGnPviC4X1KmA","Andrea Maria Oliveira Lucas - 12171-F","pedro.pantaleao@gaussenergia.com.br","2024-11-26T16:53:43.027Z","2025-03-29T17:13:12.770Z","","","","Overdue","3","21","88","Projeto FV"
"https://app.process.st/runs/jx4ojerB1dLQeaUq-D9AoQ","Tuanny Andrade dos Anjos - 12366-F","pedro.pantaleao@gaussenergia.com.br group-698ea497-ec60-4bde-b165-b8f9ccbb0cfe@process.st","2024-12-19T18:46:17.788Z","2025-03-29T17:03:30.491Z","","","","Overdue","3","22","88","Projeto FV"
"https://app.process.st/runs/mgrsViIL-7ZjoKw6WuJErA","Djailton Magalhaes Barreto - 12389-F","pedro.pantaleao@gaussenergia.com.br","2025-01-07T18:57:39.226Z","2025-03-29T12:39:15.161Z","","","","Overdue","3","21","88","Projeto FV"
"https://app.process.st/runs/mShyAOiNsK6Dp2UtVDNNaw","Carlos A M Oliveira 3941-F","pedro.pantaleao@gaussenergia.com.br group-698ea497-ec60-4bde-b165-b8f9ccbb0cfe@process.st","2020-10-30T20:18:02.639Z","2025-03-28T15:07:01.869Z","","","","Overdue","2","23","88","Projeto FV"
"https://app.process.st/runs/pIMrBeiMClNuQHKCyFNCDw","Agnaldo de Almeida Vitor - 11736-F","pedro.pantaleao@gaussenergia.com.br group-698ea497-ec60-4bde-b165-b8f9ccbb0cfe@process.st","2024-08-07T12:40:02.756Z","2025-03-28T14:16:22.939Z","","","","Overdue","3","21","88","Projeto FV"
"https://app.process.st/runs/qtC50vU1P3vde6OxWRZLdQ","Mega Varejao Matutino Supermercado 3 / Dijeane dos Santos 9630.1-F","pedro.pantaleao@gaussenergia.com.br","2022-12-29T19:15:58.958Z","2025-03-28T14:15:34.694Z","","","","Overdue","2","26","88","Projeto FV"
"https://app.process.st/runs/tw3zoBmQwuUW8R2x_pFLqQ","Bahia Oriental 2 / A M A dos Santos / Leanardo Nunes Silva 3025.2-F","pedro.pantaleao@gaussenergia.com.br group-698ea497-ec60-4bde-b165-b8f9ccbb0cfe@process.st","2022-02-10T14:29:50.594Z","2025-03-28T13:56:51.229Z","","","","OnTrack","0","25","88","Projeto FV"
"https://app.process.st/runs/l-aWLGHdbWR1zhCorbxFdg","Marsio Pereira Paz - 3359-F","pedro.pantaleao@gaussenergia.com.br group-698ea497-ec60-4bde-b165-b8f9ccbb0cfe@process.st","2021-03-30T21:48:08.424Z","2025-03-27T17:48:19.543Z","","","","Overdue","3","26","88","Projeto FV"
"https://app.process.st/runs/nd_D_NhSLUb8UTLryshOvg","Augusto Nonato da Cruz Azevedo -> Emanoel Messias Santiago dos santos 7660-F","pedro.pantaleao@gaussenergia.com.br group-698ea497-ec60-4bde-b165-b8f9ccbb0cfe@process.st","2021-11-25T17:53:15.210Z","2025-03-26T19:06:47.404Z","","","","Overdue","3","27","88","Projeto FV"
"https://app.process.st/runs/r76sOI6efh1F11VSXklIGA","Ernani da Silva Garcia Rosa AUMENTO NAO HOMOLOGADO 8715-F","pedro.pantaleao@gaussenergia.com.br group-aa595f0b-d840-4fcb-8407-a22a023e7e0d@process.st","2025-03-26T14:42:54.511Z","2025-03-26T14:46:38.662Z","","","","OnTrack","0","2","88","Projeto FV"
"https://app.process.st/runs/ilZa3sVHBdcGla4pPQNOWQ","Ernani da Silva Garcia Rosa 8715-F","pedro.pantaleao@gaussenergia.com.br","2022-07-26T14:54:26.489Z","2025-03-26T14:43:51.905Z","","","","Overdue","2","21","88","Projeto FV"
"https://app.process.st/runs/nPQMiFy2_wjGjQO40bRNGQ","Helivan Gomes da Silva - 10921-F","pedro.pantaleao@gaussenergia.com.br","2024-01-26T18:43:19.555Z","2025-03-26T13:23:39.309Z","","","","Overdue","3","21","88","Projeto FV"
"https://app.process.st/runs/lr_WEZ55CucvaD2ZEq9B7Q","Condominio Residencial Villa Ferrara - 10554-F","pedro.pantaleao@gaussenergia.com.br","2024-07-26T14:47:12.811Z","2025-03-25T19:06:42.786Z","","","","Overdue","3","21","88","Projeto FV"
"https://app.process.st/runs/suxiPh9B-t23qWPZcopD8Q","Daniela Mercuri de Almeida Vercosa - Malu Sá AUMENTO 7447-F","pedro.pantaleao@gaussenergia.com.br","2024-08-28T13:47:10.326Z","2025-03-25T19:06:27.463Z","","","","Overdue","3","21","88","Projeto FV"
"https://app.process.st/runs/pOKRzUXn8o36E6roRwNI6A","8152-F M C Carvalho Ltda ME / Maria Campos Carvalho","pedro.pantaleao@gaussenergia.com.br group-698ea497-ec60-4bde-b165-b8f9ccbb0cfe@process.st","2022-06-02T19:24:09.274Z","2025-03-24T12:54:40.393Z","","","","Overdue","3","25","88","Projeto FV"
"https://app.process.st/runs/oroqZMyczgYkCVYIn51NdQ","Ivan Oliveira Alves - 12380-F","pedro.pantaleao@gaussenergia.com.br","2024-12-10T18:03:20.559Z","2025-03-22T16:14:40.080Z","","","","Overdue","3","21","88","Projeto FV"
"https://app.process.st/runs/v4etVoj458nqq5zq55lLgg","Juscelino de Souza Bagano - 12193-F","pedro.pantaleao@gaussenergia.com.br group-698ea497-ec60-4bde-b165-b8f9ccbb0cfe@process.st","2024-11-22T16:29:12.805Z","2025-03-22T16:14:25.535Z","","","","Overdue","3","21","88","Projeto FV"
"https://app.process.st/runs/kTn3AXretjB1WgWbsxRHXg","Vinicius Tarouquella da Silva Rocha - 11924-F","pedro.pantaleao@gaussenergia.com.br group-698ea497-ec60-4bde-b165-b8f9ccbb0cfe@process.st","2024-09-25T12:57:50.502Z","2025-03-22T16:02:02.373Z","","","","Overdue","2","25","88","Projeto FV"
"https://app.process.st/runs/mPCrof2Vp3waZ0HDZ0ZDPw","Antonio Lopes da Silva - 11393-F","pedro.pantaleao@gaussenergia.com.br","2024-05-06T14:55:23.065Z","2025-03-20T17:53:30.217Z","","","","Overdue","3","21","88","Projeto FV"
"https://app.process.st/runs/vv2d_SGc6uQJJvsBHmxCAg","Rosana Soares Garcia - 7875-F","pedro.pantaleao@gaussenergia.com.br group-698ea497-ec60-4bde-b165-b8f9ccbb0cfe@process.st","2024-10-10T17:29:37.786Z","2025-03-20T14:41:28.159Z","","","","Overdue","3","21","88","Projeto FV"
"https://app.process.st/runs/jQKV0jLYp6a-8oY81XZDgQ","Holistica Provedor Internet Ltda 3 / Mocozeiro 2 - 13071-F","pedro.pantaleao@gaussenergia.com.br group-aa595f0b-d840-4fcb-8407-a22a023e7e0d@process.st","2025-03-19T18:41:41.034Z","2025-03-19T18:58:54.957Z","","","","OnTrack","0","2","88","Projeto FV"
"https://app.process.st/runs/r_NkpThFZQ6mnZCHX0BEUg","Joel Peixoto dos Santos Filho 2369-F","pedro.pantaleao@gaussenergia.com.br","2020-10-16T15:06:56.979Z","2025-03-18T19:38:23.241Z","","","","Overdue","2","26","88","Projeto FV"
"https://app.process.st/runs/rAuyaFnlHhv97T87rEZE0g","Maria Aparecida Ribeiro de V. C. Andrade 9085-F","pedro.pantaleao@gaussenergia.com.br group-698ea497-ec60-4bde-b165-b8f9ccbb0cfe@process.st","2023-01-03T19:32:15.113Z","2025-03-18T13:22:18.484Z","","","","Overdue","3","21","88","Projeto FV"
"https://app.process.st/runs/migrZ9GtkB-uQCdnZEhD-Q","Condominio R. C. C. R. Cavalcanti / Condominio Residencial Di Cavalcanti - 11996-F","pedro.pantaleao@gaussenergia.com.br group-aa595f0b-d840-4fcb-8407-a22a023e7e0d@process.st","2024-10-31T18:29:14.802Z","2025-03-17T19:23:01.353Z","","","","Overdue","3","29","88","Projeto FV"
"https://app.process.st/runs/uoCNClF6_CLfOPEUQV1CEw","Francisco Ricardo Tavares AUMENTO NAO HOMOLOGADO - 12287-F","pedro.pantaleao@gaussenergia.com.br group-aa595f0b-d840-4fcb-8407-a22a023e7e0d@process.st","2025-03-17T18:24:23.859Z","2025-03-17T18:29:45.423Z","","","","OnTrack","0","2","88","Projeto FV"
"https://app.process.st/runs/pAgXEd21q2DMZMj4-zdBhw","Augusto Sergio Vasconcelos de Oliveira AUMENTO NAO HOMOLOGADO - 9987-F","pedro.pantaleao@gaussenergia.com.br group-aa595f0b-d840-4fcb-8407-a22a023e7e0d@process.st","2025-03-17T12:43:21.785Z","2025-03-17T12:50:05.582Z","","","","OnTrack","0","2","88","Projeto FV"
"https://app.process.st/runs/mzM6v2A-LqRRCqBBhbRDQQ","Velma Factum Dutra / Almir Dutra REALOCAÇAO - 9914-F","pedro.pantaleao@gaussenergia.com.br","2024-12-10T18:09:43.577Z","2025-03-16T19:08:09.785Z","","","","Overdue","2","20","88","Projeto FV"
"https://app.process.st/runs/qy9CSLUzl7xpr-wWhQtIPA","Rege Marcos Souza Santos 1 - 11625.1-F","pedro.pantaleao@gaussenergia.com.br group-698ea497-ec60-4bde-b165-b8f9ccbb0cfe@process.st","2024-12-05T12:53:10.309Z","2025-03-15T19:00:48.755Z","","","","Overdue","3","21","88","Projeto FV"
"https://app.process.st/runs/gwdbEqHZ0Gg887t6Z-JLew","Comercial Tamarineiro Ltda SOMENTE HOMOLOGAÇAO - 12402-F","pedro.pantaleao@gaussenergia.com.br","2024-12-11T14:23:33.443Z","2025-03-15T19:00:33.460Z","","","","Overdue","2","19","88","Projeto FV"
"https://app.process.st/runs/kSryFevJtmOF-gxzt1FJcg","Raquel Soares Silva - 12324-F","pedro.pantaleao@gaussenergia.com.br group-698ea497-ec60-4bde-b165-b8f9ccbb0cfe@process.st","2024-11-28T13:16:01.914Z","2025-03-15T19:00:19.197Z","","","","Overdue","3","24","88","Projeto FV"
"https://app.process.st/runs/iC7viW-jXB0HhtNSZ_ND7A","Novo Posto Irece Ltda / Jose Henrique Mendonça - 12179-F","pedro.pantaleao@gaussenergia.com.br","2024-11-22T17:11:24.910Z","2025-03-15T19:00:10.816Z","","","","Overdue","2","20","88","Projeto FV"
"https://app.process.st/runs/nQnTIanRtyAUgDGNiSRBJw","Ueliton Alves Barreto AUMENTO - 7838-F","pedro.pantaleao@gaussenergia.com.br","2022-03-09T17:14:59.121Z","2025-03-14T18:37:17.908Z","","","","Overdue","3","24","88","Projeto FV"
"https://app.process.st/runs/mEgkepOhbUi3WYOeShFFxg","Condominio Residencial Toulon - 11338-F","pedro.pantaleao@gaussenergia.com.br","2024-05-07T19:14:03.102Z","2025-03-14T18:20:39.750Z","","","","Overdue","2","20","88","Projeto FV"
"https://app.process.st/runs/uC4bJPHjLPLOUfW1zt9Gqg","Lucas Mendes Martins ->  Bruno Batista Castro  10802-F","pedro.pantaleao@gaussenergia.com.br group-698ea497-ec60-4bde-b165-b8f9ccbb0cfe@process.st","2024-01-15T17:13:32.407Z","2025-03-14T16:48:57.095Z","","","","Overdue","3","21","88","Projeto FV"
"https://app.process.st/runs/nv_QdQCFW3C-i96PoIRB0g","Lucas Tadeu Rosa Almeida -> Paulo Henrique dos Santos Argolo 7641-F","pedro.pantaleao@gaussenergia.com.br","2022-07-08T13:24:47.896Z","2025-03-14T16:45:52.016Z","","","","Overdue","3","21","88","Projeto FV"
"https://app.process.st/runs/hAvBI3XiOwtGsd-RA4BNcA","Jarivaldo Nascimento Sacramento 6298-F","pedro.pantaleao@gaussenergia.com.br group-698ea497-ec60-4bde-b165-b8f9ccbb0cfe@process.st","2022-04-01T19:25:26.658Z","2025-03-14T16:36:19.930Z","","","","OnTrack","0","26","88","Projeto FV"
"https://app.process.st/runs/oB-fHVQHKihCCrL1pllHHw","Deilson Pereira / Clisman 2270-F","raniel.garcia@gaussenergia.com.br","2019-10-14T17:46:48.497Z","2025-03-14T13:48:23.248Z","","","","Overdue","5","22","88","Projeto FV"
"https://app.process.st/runs/nUVk83FcctjW9JCetehN6A","Valter Ney Barboza do Nascimento 8810-F","pedro.pantaleao@gaussenergia.com.br group-698ea497-ec60-4bde-b165-b8f9ccbb0cfe@process.st","2022-12-26T17:25:57.963Z","2025-03-14T13:29:51.160Z","","","","Overdue","3","24","88","Projeto FV"
"https://app.process.st/runs/h5gzyNacZ2rOyIJACTZAfw","Micaela Oliveira Lima - 11883-F","pedro.pantaleao@gaussenergia.com.br","2024-10-02T12:33:50.427Z","2025-03-14T13:16:54.060Z","","","","Overdue","3","24","88","Projeto FV"
"https://app.process.st/runs/uczpZxJE8XkerSXO_BVChA","Arnaldo Saback Lavigne de Lemos - 12926-F","pedro.pantaleao@gaussenergia.com.br group-aa595f0b-d840-4fcb-8407-a22a023e7e0d@process.st","2025-03-12T18:59:00.722Z","2025-03-12T19:15:56.467Z","","","","OnTrack","0","3","88","Projeto FV"
"https://app.process.st/runs/mU8-M6rvAhuw0SsFQGpGbw","Tatiana Moreira Rossini de Oliveira / Andre Rossini 6300-F","group-698ea497-ec60-4bde-b165-b8f9ccbb0cfe@process.st","2021-10-08T18:59:08.116Z","2025-03-12T13:27:00.265Z","","","","Overdue","3","23","88","Projeto FV"
"https://app.process.st/runs/j74pL-HQsBbSArQ-q4xGwQ","Tony Mauricio Oliveira Lopes - 8414-F","pedro.pantaleao@gaussenergia.com.br","2022-06-02T13:04:15.100Z","2025-03-11T14:43:40.620Z","","","","Overdue","2","24","88","Projeto FV"
"https://app.process.st/runs/sGRKwgw46FTZH_sJrOdLUQ","Rodrigo Barreto de Souza 9447-F","","2023-02-06T12:10:18.342Z","2025-03-11T14:01:51.131Z","","","","Overdue","3","21","88","Projeto FV"
"https://app.process.st/runs/hlBFZTURqIzbrFQVyvdGRA","Fernando Brito Coelho AUMENTO 9329-F","pedro.pantaleao@gaussenergia.com.br group-698ea497-ec60-4bde-b165-b8f9ccbb0cfe@process.st","2024-06-03T18:38:41.459Z","2025-03-11T13:26:32.085Z","","","","Overdue","3","25","88","Projeto FV"
"https://app.process.st/runs/t1buLMEDYRCEExIRItlHng","Edemar Barreto Seibel - 10998-F","pedro.pantaleao@gaussenergia.com.br","2024-11-18T17:10:54.633Z","2025-03-11T13:10:59.406Z","","","","Overdue","3","20","88","Projeto FV"
"https://app.process.st/runs/pDsqFcVU9weG1pZcnsBAVg","Lyus Confecçoes / Projeto Clario Energia - 1403-F","","2018-12-10T18:34:52.653Z","2025-03-11T12:55:18.553Z","","","","Overdue","5","20","88","Projeto FV"
"https://app.process.st/runs/hXKOm59ZIQUqNXuFCGpCZw","Carlos Emanoel de Queiroz Portugal / Diogo Vasconcelos 3893-F","pedro.pantaleao@gaussenergia.com.br group-698ea497-ec60-4bde-b165-b8f9ccbb0cfe@process.st","2020-11-03T16:16:20.839Z","2025-03-11T12:31:19.253Z","","","","Overdue","2","22","88","Projeto FV"
"https://app.process.st/runs/lGJxccRmzCgCFPmeHSdF0A","Rogério Henrique / Coobrasil 1168-F","raniel.garcia@gaussenergia.com.br","2019-03-16T22:57:40.747Z","2025-03-10T16:57:19.495Z","","","","Overdue","5","20","88","Projeto FV"
"https://app.process.st/runs/jb55mu1N-2wdAzqP8-BKIQ","Coobrasil 615-F","","2018-12-10T18:34:38.313Z","2025-03-10T16:54:52.983Z","","","","Overdue","5","18","88","Projeto FV"
"https://app.process.st/runs/i_WXWw-vXsCYdtWKmcFNFA","Maria Lene de Andrade - 12341-F","pedro.pantaleao@gaussenergia.com.br group-698ea497-ec60-4bde-b165-b8f9ccbb0cfe@process.st","2024-12-06T12:26:42.785Z","2025-03-10T12:14:57.485Z","","","","Overdue","3","21","88","Projeto FV"
"https://app.process.st/runs/t2in2O2yUWU5hzADiINJ2w","Julicleia Silva Santos - 12339-F","pedro.pantaleao@gaussenergia.com.br group-698ea497-ec60-4bde-b165-b8f9ccbb0cfe@process.st","2024-12-03T14:03:13.353Z","2025-03-10T12:14:46.475Z","","","","Overdue","3","20","88","Projeto FV"
"https://app.process.st/runs/mAJC8G0AOG_t9pcD6J5PSA","Marlucia da Silva Batista Gomes - 11044-F","pedro.pantaleao@gaussenergia.com.br group-698ea497-ec60-4bde-b165-b8f9ccbb0cfe@process.st group-aa595f0b-d840-4fcb-8407-a22a023e7e0d@process.st","2024-03-26T13:00:53.722Z","2025-03-10T12:09:12.650Z","","","","Overdue","4","20","88","Projeto FV"
"https://app.process.st/runs/nw_ApeQRWgCJwWRw8zdNDA","Patricia Boreau Alves Da Silva - 12157-F","pedro.pantaleao@gaussenergia.com.br group-698ea497-ec60-4bde-b165-b8f9ccbb0cfe@process.st","2024-12-04T13:20:46.528Z","2025-03-07T13:34:20.447Z","","","","Overdue","2","20","88","Projeto FV"
"https://app.process.st/runs/r-K-cDtNiSe-sZ7KSARNIA","Condominio Residencial Domum Costa Azul - 11377-F","pedro.pantaleao@gaussenergia.com.br group-698ea497-ec60-4bde-b165-b8f9ccbb0cfe@process.st group-aa595f0b-d840-4fcb-8407-a22a023e7e0d@process.st","2024-07-10T18:42:00.216Z","2025-03-07T13:34:01.061Z","","","","Overdue","3","19","88","Projeto FV"
"https://app.process.st/runs/r2F7nUqpYxTCgxfJIBZFLw","Tiago Silva Seixas 2 - 11549-F","pedro.pantaleao@gaussenergia.com.br group-698ea497-ec60-4bde-b165-b8f9ccbb0cfe@process.st","2024-10-01T12:48:34.795Z","2025-03-07T13:17:41.490Z","","","","Overdue","3","21","88","Projeto FV"
"https://app.process.st/runs/m8TGyS0tIZiaKc7Zml5BTg","Ijailton Santiago Pimenta - 11944-F","pedro.pantaleao@gaussenergia.com.br group-698ea497-ec60-4bde-b165-b8f9ccbb0cfe@process.st","2024-10-17T14:28:55.000Z","2025-03-07T13:16:15.490Z","","","","Overdue","3","21","88","Projeto FV"
"https://app.process.st/runs/ouNcWvTddqcgUJdR9clIHQ","Clecio Alves Matos - 11870-F","pedro.pantaleao@gaussenergia.com.br group-698ea497-ec60-4bde-b165-b8f9ccbb0cfe@process.st","2024-11-19T18:14:04.148Z","2025-03-07T13:15:56.021Z","","","","Overdue","3","21","88","Projeto FV"
"https://app.process.st/runs/nkZhJdIX9cQtSPnGqctNDQ","Diego de Araujo Sousa - 12190-F","pedro.pantaleao@gaussenergia.com.br","2024-11-22T13:36:15.317Z","2025-03-07T13:15:37.406Z","","","","Overdue","2","20","88","Projeto FV"
"https://app.process.st/runs/r45pqrVvIXzQB1ASNj9DJA","Oscarino Batista de Oliveira 2 - 12276-F","pedro.pantaleao@gaussenergia.com.br","2024-11-22T13:05:43.240Z","2025-03-07T13:15:19.309Z","","","","Overdue","2","20","88","Projeto FV"
"https://app.process.st/runs/mUUFdGaHZsCzjust6lhIPg","Daiane Rodrigues Ramos - 12183-F","pedro.pantaleao@gaussenergia.com.br","2024-11-06T17:45:56.497Z","2025-03-07T13:14:16.823Z","","","","Overdue","2","20","88","Projeto FV"
"https://app.process.st/runs/qKZDzvvpqeQGdO8ayfNJrQ","TOP Engenharia LTDA 2 / Praia do Forte - 10481-F","pedro.pantaleao@gaussenergia.com.br group-aa595f0b-d840-4fcb-8407-a22a023e7e0d@process.st","2024-10-21T17:09:22.418Z","2025-03-07T13:13:56.693Z","","","","Overdue","4","23","88","Projeto FV"
"https://app.process.st/runs/kZZy-ZvwQzWUScWOnhxI9Q","Andrea Alves de Carvalho - 11003-F","pedro.pantaleao@gaussenergia.com.br group-aa595f0b-d840-4fcb-8407-a22a023e7e0d@process.st","2024-07-25T18:10:54.537Z","2025-03-07T12:37:06.678Z","","","","Overdue","4","20","88","Projeto FV"
"https://app.process.st/runs/gSYGyg2GIfj5Rw2DwG1DiA","Noeme Alves de Carvalho dos Santos - 12309-F","pedro.pantaleao@gaussenergia.com.br group-698ea497-ec60-4bde-b165-b8f9ccbb0cfe@process.st","2024-11-28T21:15:12.384Z","2025-03-07T12:36:52.490Z","","","","Overdue","3","21","88","Projeto FV"
"https://app.process.st/runs/poBrVmByADLv6Z30m59BjQ","Fernando Macario de Oliveira AUMENTO - 10658-F","pedro.pantaleao@gaussenergia.com.br","2024-09-12T18:06:45.727Z","2025-03-07T12:36:42.632Z","","","","Overdue","2","20","88","Projeto FV"
"https://app.process.st/runs/q2O7pxluT3fwzktekFJH4Q","Debora Lopes de Medeiros Cavalcante - 12038-F","pedro.pantaleao@gaussenergia.com.br group-698ea497-ec60-4bde-b165-b8f9ccbb0cfe@process.st","2024-11-13T18:07:34.092Z","2025-03-07T12:36:24.527Z","","","","Overdue","3","21","88","Projeto FV"
"https://app.process.st/runs/juSDHZoiKn_pEBncFr9NDg","Francisco Inacio Rocha -12273-F","pedro.pantaleao@gaussenergia.com.br group-698ea497-ec60-4bde-b165-b8f9ccbb0cfe@process.st","2024-11-25T17:54:08.486Z","2025-03-07T12:33:39.677Z","","","","Overdue","3","21","88","Projeto FV"
"https://app.process.st/runs/rUKu3DPo82UU9mqZ8itCPQ","Oscar Machado de Souza - 11867-F","pedro.pantaleao@gaussenergia.com.br","2024-11-27T13:40:19.519Z","2025-03-07T12:33:17.782Z","","","","Overdue","2","20","88","Projeto FV"
"https://app.process.st/runs/r-UUdPO3KuqoMb8ARbpLEg","Helio Nunes Muniz - 12817-F","pedro.pantaleao@gaussenergia.com.br group-aa595f0b-d840-4fcb-8407-a22a023e7e0d@process.st","2025-02-25T13:37:53.861Z","2025-03-07T12:26:32.195Z","","","","OnTrack","0","14","88","Projeto FV"
"https://app.process.st/runs/nSl077SuIHUl_CvT8EpF1g","Jessica Rocha de Jesus AUMENTO 2 NAO HOMOLOGADO 7549-F","gabriel@gaussenergia.com.br group-aa595f0b-d840-4fcb-8407-a22a023e7e0d@process.st","2025-02-07T17:39:44.481Z","2025-03-06T14:19:48.053Z","","","","Overdue","1","8","88","Projeto FV"
"https://app.process.st/runs/ueKj6vufJRMrI7Vz54hGkQ","Tiago Alves Ferreira - 10527-F","pedro.pantaleao@gaussenergia.com.br group-698ea497-ec60-4bde-b165-b8f9ccbb0cfe@process.st","2024-01-25T17:14:45.430Z","2025-03-06T12:22:20.139Z","","","","Overdue","3","21","88","Projeto FV"
"https://app.process.st/runs/v0XATqWGG0CDvyL2u7JF_A","Railda Lima Silva de Almeida / Rafael Lima 7248-F","pedro.pantaleao@gaussenergia.com.br group-698ea497-ec60-4bde-b165-b8f9ccbb0cfe@process.st","2021-10-27T18:31:42.653Z","2025-02-27T13:43:33.375Z","","","","Overdue","2","20","88","Projeto FV"
"https://app.process.st/runs/vzwBvf0T9mVr6NAhMqFG8g","Edite Lucas / Jose Heberte 1894-F","raniel.garcia@gaussenergia.com.br","2019-03-16T21:31:05.726Z","2025-02-26T14:01:23.641Z","2019-04-29T23:20:00.000Z","","","Overdue","5","18","88","Projeto FV"
"https://app.process.st/runs/uj1r-jIYsVYetGDptphD5w","Restaurante e Lanchonete Araujo / Camile Vieira Gomes Pimenta / Marcos Pimenta 1 / Usina Angelim 9047.1-F","pedro.pantaleao@gaussenergia.com.br group-698ea497-ec60-4bde-b165-b8f9ccbb0cfe@process.st group-aa595f0b-d840-4fcb-8407-a22a023e7e0d@process.st","2022-11-02T13:31:27.354Z","2025-02-26T13:40:09.142Z","","","","Overdue","3","19","88","Projeto FV"
"https://app.process.st/runs/qqyFbAjbE0B9GPmGq0tG6w","Anselmo Alves Boa Sorte Junior -> JOSELIA CORDEIRO DOS SANTOS OLIVEIRA 7646-F","pedro.pantaleao@gaussenergia.com.br","2022-04-08T18:32:07.721Z","2025-02-25T17:56:54.122Z","","","","Overdue","1","23","88","Projeto FV"
"https://app.process.st/runs/rMhzF8yRTSRASKX9OrBMQw","Reinaldo Rodrigues da Silva 3485-F","pedro.pantaleao@gaussenergia.com.br group-aa595f0b-d840-4fcb-8407-a22a023e7e0d@process.st","2020-07-13T17:34:37.799Z","2025-02-19T17:04:51.740Z","","","","OnTrack","0","13","88","Projeto FV"
"https://app.process.st/runs/sZS7sEdomJSh9gWHnxdOAg","Suelen Oliveira Antunes Nogueira - 10322-F","pedro.pantaleao@gaussenergia.com.br","2023-09-29T12:54:14.081Z","2025-02-19T13:30:45.521Z","","","","Overdue","3","21","88","Projeto FV"
"https://app.process.st/runs/mvAHpLo2lSJguafdZRJMTg","Jose Luiz Miguel Ferrao Teixeira - 10325-F","pedro.pantaleao@gaussenergia.com.br group-698ea497-ec60-4bde-b165-b8f9ccbb0cfe@process.st","2023-09-22T18:30:55.381Z","2025-02-19T13:26:42.460Z","","","","Overdue","3","21","88","Projeto FV"
"https://app.process.st/runs/oIyFNojOjPH_F4p1vOROug","Marinalva de Oliveira Pereira - 10640-F","pedro.pantaleao@gaussenergia.com.br group-698ea497-ec60-4bde-b165-b8f9ccbb0cfe@process.st","2024-02-02T17:36:59.450Z","2025-02-19T12:49:18.443Z","","","","Overdue","3","21","88","Projeto FV"
"https://app.process.st/runs/hKzV41D3Heq3Wc4HCAJDZA","Denise Maria de Almeida 11339-F","pedro.pantaleao@gaussenergia.com.br group-698ea497-ec60-4bde-b165-b8f9ccbb0cfe@process.st","2024-05-23T18:11:37.824Z","2025-02-19T12:34:30.186Z","","","","Overdue","3","21","88","Projeto FV"
"https://app.process.st/runs/hoZXiv1jh9Avus08tOBJJg","Elizabeth Regina Loiola da Cruz Souza 9379-F","pedro.pantaleao@gaussenergia.com.br","2022-11-16T14:23:30.947Z","2025-02-18T19:12:16.130Z","","","","Overdue","3","22","88","Projeto FV"
"https://app.process.st/runs/mJ2YGDB9dXavse4Rk29HrA","Jose Rodrigues Dias - 867-F","pedro.pantaleao@gaussenergia.com.br","2019-01-24T22:02:24.322Z","2025-02-18T17:44:18.408Z","","","","Overdue","4","16","88","Projeto FV"
"https://app.process.st/runs/kzWtBBnXCSUxCODvyvpPiQ","Thiago de Moura Araujo - 7397-F","pedro.pantaleao@gaussenergia.com.br group-698ea497-ec60-4bde-b165-b8f9ccbb0cfe@process.st","2021-11-04T18:27:30.148Z","2025-02-18T14:59:25.887Z","","","","Overdue","3","25","88","Projeto FV"
"https://app.process.st/runs/iYn-6Ss6fqvLDlWtm49DNA","Eduardo Mazzaroppi Barao Pereira 3 - Casa 8 AUMENTO 2 - 5081.3-F","pedro.pantaleao@gaussenergia.com.br group-698ea497-ec60-4bde-b165-b8f9ccbb0cfe@process.st","2024-06-07T12:09:06.892Z","2025-02-17T14:14:06.129Z","","","","Overdue","3","21","88","Projeto FV"
"https://app.process.st/runs/m3UKwixmT8cvCakepc1GAA","Gilsimar Souza e Silva Pereira 2 / Aumento do projeto 1 - 541.2-F","pedro.pantaleao@gaussenergia.com.br group-698ea497-ec60-4bde-b165-b8f9ccbb0cfe@process.st","2022-01-27T18:57:05.588Z","2025-02-17T13:57:44.460Z","","","","Overdue","3","22","88","Projeto FV"
"https://app.process.st/runs/su4ncJSpOlB45CahzUFPxg","Ivan Quirino de Queiroz 9705-F","","2023-01-16T12:47:05.645Z","2025-02-17T13:30:32.290Z","","","","Overdue","3","20","88","Projeto FV"
"https://app.process.st/runs/hpkGRpywvrEh0OgJVzZLhg","Roberio Hiran Coelho de Almeida 6109-F","pedro.pantaleao@gaussenergia.com.br","2021-10-15T14:15:18.939Z","2025-02-17T13:12:25.504Z","","","","Overdue","3","22","88","Projeto FV"
"https://app.process.st/runs/mAXLIm0GbEENCI3m93pLLA","Emilly Ravenna Nunes dos Santos / Mauricio Macaubas - 11212-F","pedro.pantaleao@gaussenergia.com.br","2024-04-02T18:46:13.468Z","2025-02-17T12:58:06.282Z","","","","Overdue","3","25","88","Projeto FV"
"https://app.process.st/runs/udPCachrXhr2XdMklRdPhw","Clodoaldo de Santana Ramos 2 / Adevanilda / SOMAR 8377-F","pedro.pantaleao@gaussenergia.com.br","2022-05-16T16:41:46.937Z","2025-02-13T18:42:57.235Z","","","","Overdue","1","28","88","Projeto FV"
"https://app.process.st/runs/hsy4WYjnvbzr3jrnWdhA6A","Luiz Macedo Tavora de Castro SOMENTE HOMOLOGAÇAO - 12087-F","pedro.pantaleao@gaussenergia.com.br","2024-10-29T14:31:15.459Z","2025-02-11T19:11:20.030Z","","","","Overdue","2","23","88","Projeto FV"
"https://app.process.st/runs/nTnSQFGCiBamxxu-QHxFfg","Clovis Anastacio de Lima - 11886-F","pedro.pantaleao@gaussenergia.com.br group-698ea497-ec60-4bde-b165-b8f9ccbb0cfe@process.st","2024-10-24T11:53:56.837Z","2025-02-11T19:10:47.029Z","","","","Overdue","3","21","88","Projeto FV"
"https://app.process.st/runs/oft3r4QkLKNdMh_1HFdMfw","3314-F Jorge Luis da Silva","group-aa595f0b-d840-4fcb-8407-a22a023e7e0d@process.st","2020-04-22T18:57:26.034Z","2025-02-11T13:24:54.501Z","","","","Overdue","1","18","88","Projeto FV"
"https://app.process.st/runs/mJ1pNelYjloOspNHJfZOlg","Jackson Seixas Cardoso AUMENTO - 10308-F","gabriel@gaussenergia.com.br group-aa595f0b-d840-4fcb-8407-a22a023e7e0d@process.st","2025-01-28T18:19:09.957Z","2025-02-10T12:47:45.313Z","","","","OnTrack","0","14","88","Projeto FV"
"https://app.process.st/runs/ldq6B94pl9VUjT7gEIZAnA","Izabel Silva Bomfim SOMENTE HOMOLOGAÇAO - 12204-F","pedro.pantaleao@gaussenergia.com.br","2024-11-07T14:19:41.033Z","2025-02-09T14:21:13.416Z","","","","Overdue","2","20","88","Projeto FV"
"https://app.process.st/runs/v9LUPxBbRqWR9ktJRbpDpw","Reginaldo de Oliveira - 12001-F","pedro.pantaleao@gaussenergia.com.br group-698ea497-ec60-4bde-b165-b8f9ccbb0cfe@process.st","2024-10-24T19:19:17.555Z","2025-02-09T14:09:20.314Z","","","","Overdue","3","21","88","Projeto FV"
"https://app.process.st/runs/jcd17-Hf_X5d7sLYEj5L9g","Clinica Ortopedica e Pediatrica de Irece LTDA / Clinica COP 2 - 12084-F","pedro.pantaleao@gaussenergia.com.br group-698ea497-ec60-4bde-b165-b8f9ccbb0cfe@process.st group-aa595f0b-d840-4fcb-8407-a22a023e7e0d@process.st","2024-10-21T13:29:31.812Z","2025-02-09T14:09:03.960Z","","","","Overdue","4","20","88","Projeto FV"
"https://app.process.st/runs/kxMSsVFP1jTf2N2vtuRB9A","Jose Marioelio Gonçalves de Sousa - 12006-F","pedro.pantaleao@gaussenergia.com.br group-698ea497-ec60-4bde-b165-b8f9ccbb0cfe@process.st","2024-10-18T13:26:17.686Z","2025-02-09T14:03:47.435Z","","","","Overdue","3","21","88","Projeto FV"
"https://app.process.st/runs/smyRLRfBl2vz_cTIyCNMUQ","Maria Madalena Soares da Gama AUMENTO / sistema inicial de outra empresa - 12079-F","pedro.pantaleao@gaussenergia.com.br","2024-10-17T17:33:57.469Z","2025-02-09T14:03:32.555Z","","","","Overdue","2","20","88","Projeto FV"
"https://app.process.st/runs/lwzBK70MwPpXi3rySVJPDg","Eneide Maria Ferreira Alves SOMENTE HOMOLOGAÇAO - 12085-F","pedro.pantaleao@gaussenergia.com.br","2024-10-17T17:11:59.987Z","2025-02-09T14:03:16.593Z","","","","Overdue","3","25","88","Projeto FV"
"https://app.process.st/runs/qs-wxwNe0lHZEyKPc_5KkQ","Josemir Pereira Santos SOMENTE HOMOLOGAÇAO - 12076-F","pedro.pantaleao@gaussenergia.com.br","2024-10-16T17:51:54.323Z","2025-02-09T14:02:58.897Z","","","","Overdue","3","25","88","Projeto FV"
"https://app.process.st/runs/u3nyU9GS9hjF6nhQWnROGg","8152-F M C Carvalho Ltda ME / Maria Campos Carvalho SUBSTITUIÇAO DE PLACAS NAO HOMOLOGADO","gabriel@gaussenergia.com.br group-aa595f0b-d840-4fcb-8407-a22a023e7e0d@process.st","2025-02-07T17:27:28.544Z","2025-02-07T17:31:14.912Z","","","","OnTrack","0","2","88","Projeto FV"
"https://app.process.st/runs/veUy7mY_NaeAn42TQhxLAA","Jairo Pereira Santos SOMENTE HOMOLOGAÇAO - 12103-F","pedro.pantaleao@gaussenergia.com.br","2024-10-21T17:41:50.813Z","2025-02-07T17:23:06.313Z","","","","Overdue","3","21","88","Projeto FV"
"https://app.process.st/runs/uxr3_W-LmcKzdGRjMYhKnw","Gabriela Beda Barauna - 12209-F","pedro.pantaleao@gaussenergia.com.br","2024-11-13T18:17:32.976Z","2025-02-07T17:22:43.469Z","","","","Overdue","3","21","88","Projeto FV"
"https://app.process.st/runs/hnaA7RtGZTmrmtBOL1JJUw","Carlos Jorge Carneiro Pimenta - 11495-F","pedro.pantaleao@gaussenergia.com.br","2024-07-30T16:57:52.063Z","2025-02-07T17:22:30.320Z","","","","Overdue","3","21","88","Projeto FV"
"https://app.process.st/runs/m4k0_XZqLPkirJQe9N1J9A","Jorge Pereira Teles 6 - Fazenda Teles - 11744-F","pedro.pantaleao@gaussenergia.com.br","2024-09-19T20:08:43.237Z","2025-02-07T17:22:01.445Z","","","","Overdue","3","25","88","Projeto FV"
"https://app.process.st/runs/jSUzWoxKE0Tz2mYtSthGOg","Danilbores Silva Nunes 7235-F","pedro.pantaleao@gaussenergia.com.br","2021-12-17T12:41:46.761Z","2025-02-07T14:40:46.472Z","","","","Overdue","3","21","88","Projeto FV"
"https://app.process.st/runs/tqvdG7lSTVB0-of9uXdDFw","Magno Leite Machado / Pollyana Seixas AUMENTO - 3353-F","pedro.pantaleao@gaussenergia.com.br group-698ea497-ec60-4bde-b165-b8f9ccbb0cfe@process.st","2023-11-27T13:53:21.161Z","2025-02-07T14:12:03.406Z","","","","Overdue","3","21","88","Projeto FV"
"https://app.process.st/runs/rFUSiL5n9nreDuejeP5N2w","Gilberto Borges Dias - 8852-F","pedro.pantaleao@gaussenergia.com.br","2022-08-03T17:46:44.232Z","2025-02-07T13:56:41.478Z","","","","Overdue","3","21","88","Projeto FV"
"https://app.process.st/runs/kH4-E7-ABkdEt_XT5vdIGA","Lojas Geocomercial LTDA 2 João Dourado - 11521.2-F","pedro.pantaleao@gaussenergia.com.br","2024-06-12T12:37:05.719Z","2025-02-07T13:12:45.227Z","","","","Overdue","3","21","88","Projeto FV"
"https://app.process.st/runs/hHAYTc-IVjTbqEKAgmdNjw","GMG Solar SPE 14 / Tio de Flavio - 12721-F","pedro.pantaleao@gaussenergia.com.br group-698ea497-ec60-4bde-b165-b8f9ccbb0cfe@process.st group-aa595f0b-d840-4fcb-8407-a22a023e7e0d@process.st","2025-02-05T14:36:14.340Z","2025-02-06T13:42:35.253Z","","","","OnTrack","0","4","88","Projeto FV"
"https://app.process.st/runs/k4XOEHb_wyWrw25HYNFCkw","Iara Mathias Dourado Pereira - 12105-F","pedro.pantaleao@gaussenergia.com.br group-698ea497-ec60-4bde-b165-b8f9ccbb0cfe@process.st","2024-10-31T19:06:31.454Z","2025-02-05T14:53:35.878Z","","","","Overdue","2","20","88","Projeto FV"
"https://app.process.st/runs/hLWZVDbxO4-fZz0OP9xJDg","Rodrigo Figueiredo Alves Malaquias / Cestao da Economia / Roberio Alves Barreto 2341-F","pedro.pantaleao@gaussenergia.com.br group-698ea497-ec60-4bde-b165-b8f9ccbb0cfe@process.st","2022-05-12T19:24:23.330Z","2025-02-05T13:15:06.658Z","","","","Overdue","2","28","88","Projeto FV"
"https://app.process.st/runs/r1vJRv9tSrwkgYra_M1EhQ","Mateus Praxedes de Paiva / Cynthia 3043-F","pedro.pantaleao@gaussenergia.com.br group-698ea497-ec60-4bde-b165-b8f9ccbb0cfe@process.st","2021-01-18T19:11:58.759Z","2025-02-05T13:04:59.340Z","","","","Overdue","3","24","88","Projeto FV"
"https://app.process.st/runs/uIbPk70eYVSVa7avpKVCqg","Gabriel Torres Vieira -> Zon Energia Ltda 8752-F","pedro.pantaleao@gaussenergia.com.br","2022-12-21T15:00:49.147Z","2025-02-04T11:46:07.639Z","","","","Overdue","2","20","88","Projeto FV"
"https://app.process.st/runs/mnkfz-u8mxc57x555y1EjA","Guilherme Marback Neto - 10824-F","pedro.pantaleao@gaussenergia.com.br","2024-08-28T14:17:30.773Z","2025-02-01T13:57:10.045Z","","","","Overdue","3","21","88","Projeto FV"
"https://app.process.st/runs/gXYL9DcgpHzomlvz0BVA5A","Ceramica Sao Tome / Marcelo Novaes Rocha 7060-F","pedro.pantaleao@gaussenergia.com.br","2021-10-05T14:27:53.949Z","2025-01-29T19:42:27.912Z","","","","Overdue","2","23","88","Projeto FV"
"https://app.process.st/runs/g_Gj-yRNZJhbIMlsXEBMPw","Jackson Seixas Cardoso / Jailton - 10308-F","pedro.pantaleao@gaussenergia.com.br group-698ea497-ec60-4bde-b165-b8f9ccbb0cfe@process.st","2023-09-05T18:15:27.942Z","2025-01-28T18:19:57.235Z","","","","Overdue","3","22","88","Projeto FV"
"https://app.process.st/runs/lLu29AINauTbMVY3ZuJMHA","Carla de Oliveira Brito / Ubiratan Alves Queiroz 8373-F","pedro.pantaleao@gaussenergia.com.br group-698ea497-ec60-4bde-b165-b8f9ccbb0cfe@process.st","2022-06-08T13:29:00.885Z","2025-01-28T17:23:34.596Z","","","","Overdue","2","23","88","Projeto FV"
"https://app.process.st/runs/u4kYANxDKGCD5tqsjEFMhw","Maria dos Anjos Ribeiro da Silva - 10267-F","pedro.pantaleao@gaussenergia.com.br","2023-08-17T18:12:35.866Z","2025-01-28T13:57:39.163Z","","","","Overdue","3","21","88","Projeto FV"
"https://app.process.st/runs/jLNuxC_pUqkgK2DzB0xJYA","Patrimonial Jaqueira -> CVP AGRICOLA E PECUARIA EIRELI 3395-F","pedro.pantaleao@gaussenergia.com.br","2020-07-31T14:26:35.042Z","2025-01-27T15:24:43.478Z","","","","Overdue","3","24","88","Projeto FV"
"https://app.process.st/runs/m9DNKgALbqdlwXPPFndHEg","Gustavo Leal de Lucena 8866-F","pedro.pantaleao@gaussenergia.com.br","2022-12-28T12:30:18.566Z","2025-01-27T14:57:51.040Z","","","","Overdue","3","31","88","Projeto FV"
"https://app.process.st/runs/vVkspYCMA-bnqtiFjaFGSw","Danilo Figueiredo Alves Pereira 1 / Ibitita / Boas Compras 8680.1-F","pedro.pantaleao@gaussenergia.com.br group-698ea497-ec60-4bde-b165-b8f9ccbb0cfe@process.st","2022-09-06T13:28:12.735Z","2025-01-27T14:23:15.869Z","","","","Overdue","3","21","88","Projeto FV"
"https://app.process.st/runs/hXEEIdlxnEfKcN5Klg9Pjg","Helder Augusto Barreto Sodre - 7664-F","pedro.pantaleao@gaussenergia.com.br","2023-09-21T18:24:21.734Z","2025-01-27T13:46:50.378Z","","","","Overdue","3","22","88","Projeto FV"
"https://app.process.st/runs/t9yl15qwe6oXCPsmurhLPA","Primeira Igreja Batista em Xique-Xique AUMENTO 1527-F","pedro.pantaleao@gaussenergia.com.br","2024-10-10T11:53:12.499Z","2025-01-27T12:57:27.715Z","","","","Overdue","3","21","88","Projeto FV"
"https://app.process.st/runs/tvouGz4Hkfb3CBmVc7tPxw","Maria Jose dos Santos Silva - 12060-F","pedro.pantaleao@gaussenergia.com.br group-698ea497-ec60-4bde-b165-b8f9ccbb0cfe@process.st","2024-10-15T13:32:04.841Z","2025-01-27T12:56:09.177Z","","","","Overdue","3","21","88","Projeto FV"
"https://app.process.st/runs/tprRTMVVAfQzjhQB3XpHvg","Silvia Regina Pinheiro Soares 1626-F","","2018-12-10T18:34:58.211Z","2025-01-24T14:25:46.052Z","","","","Overdue","3","25","88","Projeto FV"
"https://app.process.st/runs/pXg1DvIuG5YgLp_DZ3RKiQ","Rennery de Souza Câmara 2236-F","pedro.pantaleao@gaussenergia.com.br","2019-05-08T20:14:39.828Z","2025-01-21T17:33:51.950Z","","","","Overdue","5","18","88","Projeto FV"
"https://app.process.st/runs/m49lI4kSrctc5TDKxnJGtw","Patricia Costa Pereira Lima 9339-F","pedro.pantaleao@gaussenergia.com.br","2022-12-23T17:58:09.903Z","2025-01-21T15:06:08.525Z","","","","Overdue","3","23","88","Projeto FV"
"https://app.process.st/runs/mmM_YIRbJML6ACaB4chOtQ","Mariana Mascarenhas Mello 2  11479-F","pedro.pantaleao@gaussenergia.com.br","2024-05-27T13:24:58.291Z","2025-01-21T14:38:23.415Z","","","","Overdue","3","25","88","Projeto FV"
"https://app.process.st/runs/s_ihmsHWgTnBAzaMtr5NaQ","George Luiz Batista Machado 7713-F","pedro.pantaleao@gaussenergia.com.br","2021-12-17T13:11:58.544Z","2025-01-21T14:34:24.372Z","","","","Overdue","2","22","88","Projeto FV"
"https://app.process.st/runs/ucx8VOBj6XyXgVrBi_ZMkA","Delio Santos Pereira AUMENTO 2196-F","pedro.pantaleao@gaussenergia.com.br","2024-01-16T12:02:52.030Z","2025-01-20T15:00:09.751Z","","","","Overdue","3","25","88","Projeto FV"
"https://app.process.st/runs/j4G1tlkNcGyXOqL7EO9BcA","Marcos Aurelio dos Santos Botelho - 11214-F","pedro.pantaleao@gaussenergia.com.br group-698ea497-ec60-4bde-b165-b8f9ccbb0cfe@process.st","2024-10-03T14:41:36.672Z","2025-01-18T19:08:04.313Z","","","","Overdue","3","21","88","Projeto FV"
"https://app.process.st/runs/k_4sHAglzMR5Uyb-uBdH2g","Jose Roberto Rodrigues AUMENTO NAO HOMOLOGADO 10825-F","pedro.pantaleao@gaussenergia.com.br group-698ea497-ec60-4bde-b165-b8f9ccbb0cfe@process.st group-aa595f0b-d840-4fcb-8407-a22a023e7e0d@process.st","2024-01-17T12:47:13.349Z","2025-01-17T18:02:49.805Z","","","","OnTrack","0","2","88","Projeto FV"
"https://app.process.st/runs/jYRwtSSzIoeLPjA40m9MGQ","Maglene Dantas Godofredo AUMENTO - 10410-F","pedro.pantaleao@gaussenergia.com.br","2024-10-04T13:26:43.279Z","2025-01-17T13:23:04.341Z","","","","Overdue","3","21","88","Projeto FV"
"https://app.process.st/runs/us5_ogpebBU5ZZAmnq9DVA","Leila Rocha Medrado Santos AUMENTO NAO HOMOLOGADO - 9456-F","gabriel@gaussenergia.com.br group-aa595f0b-d840-4fcb-8407-a22a023e7e0d@process.st","2025-01-17T13:09:48.408Z","2025-01-17T13:12:23.741Z","","","","OnTrack","0","2","88","Projeto FV"
"https://app.process.st/runs/hNEwog-30A05w4ldvXlP2Q","Natalino dos Santos Lunas - 10393-F","pedro.pantaleao@gaussenergia.com.br group-698ea497-ec60-4bde-b165-b8f9ccbb0cfe@process.st","2023-11-21T14:59:51.411Z","2025-01-17T13:07:09.553Z","","","","Overdue","3","21","88","Projeto FV"
"https://app.process.st/runs/vq7mqP1PtxnfzYyNNLlCJw","Josue Walterood Dourado - 11733-F","pedro.pantaleao@gaussenergia.com.br","2024-08-07T12:58:25.360Z","2025-01-17T13:00:22.666Z","","","","Overdue","3","20","88","Projeto FV"
"https://app.process.st/runs/kSF0fTSnFWW4Oj4-JcZPFA","NS Fardamentos 2 / Ney Sports Chacara 9253-F","pedro.pantaleao@gaussenergia.com.br","2022-12-27T16:12:08.400Z","2025-01-17T12:56:39.071Z","","","","Overdue","3","23","88","Projeto FV"
"https://app.process.st/runs/sl6xFBWMRuSxJjPqG3FBRQ","Marineuza Silva Dourado AUMENTO NAO HOMOLOGADO - 5087-F","gabriel@gaussenergia.com.br group-aa595f0b-d840-4fcb-8407-a22a023e7e0d@process.st","2025-01-16T18:56:01.651Z","2025-01-16T19:00:03.990Z","","","","OnTrack","0","2","88","Projeto FV"
"https://app.process.st/runs/iit44zpVg3avK1xhddROkw","Marineuza Silva Dourado - 5087-F","pedro.pantaleao@gaussenergia.com.br","2021-04-26T18:17:06.604Z","2025-01-16T18:57:00.990Z","","","","Overdue","2","22","88","Projeto FV"
"https://app.process.st/runs/nbSoHPkhs8Uoz_hyT2RDxg","Gilberto Borges Dias AUMENTO NAO HOMOLOGADO - 8852-F","gabriel@gaussenergia.com.br group-aa595f0b-d840-4fcb-8407-a22a023e7e0d@process.st","2025-01-16T18:35:56.800Z","2025-01-16T18:52:40.969Z","","","","OnTrack","0","2","88","Projeto FV"
"https://app.process.st/runs/iblrH2A5v8rSWKfu6nBPcw","NS Fardamentos 1 AUMENTO / Nei Sports 1951-F","pedro.pantaleao@gaussenergia.com.br","2022-12-27T16:44:28.018Z","2025-01-16T17:32:58.177Z","","","","Overdue","2","19","88","Projeto FV"
"https://app.process.st/runs/gomc_wwU_TCKZbTxyKBG8g","NS Fardamentos / Ney Sports  1951-F","pedro.pantaleao@gaussenergia.com.br","2019-05-28T17:51:00.931Z","2025-01-16T17:32:41.500Z","","","","Overdue","4","16","88","Projeto FV"
"https://app.process.st/runs/mUwV_w5EhYtPyl_CvAdCqw","Edi Carlos Paiva 3162-F","pedro.pantaleao@gaussenergia.com.br","2020-03-09T13:33:55.211Z","2025-01-14T19:13:51.791Z","","","","Overdue","5","20","88","Projeto FV"
"https://app.process.st/runs/lK6md3mT1pYOJlANmrtDUA","Lion Fitness Ltda - 12403-F","pedro.pantaleao@gaussenergia.com.br group-aa595f0b-d840-4fcb-8407-a22a023e7e0d@process.st","2024-12-13T18:04:15.568Z","2025-01-14T18:53:54.282Z","","","","OnTrack","0","13","88","Projeto FV"
"https://app.process.st/runs/m3VHJUToVbVAcQA_OiRCkw","Alfredo dos Santos Campos - Fabricio - 10927-F","pedro.pantaleao@gaussenergia.com.br group-698ea497-ec60-4bde-b165-b8f9ccbb0cfe@process.st","2024-03-22T18:39:35.955Z","2025-01-14T13:51:03.507Z","","","","Overdue","3","22","88","Projeto FV"
"https://app.process.st/runs/li6zgcr6402rkEIf7XtPwQ","Lino Pereira Teles 2 3934-F","pedro.pantaleao@gaussenergia.com.br","2021-06-11T18:33:17.991Z","2025-01-13T17:27:15.146Z","","","","Overdue","2","24","88","Projeto FV"
"https://app.process.st/runs/hWuo96r3SIU1STcRpqtOFg","Joao Alberto Cardoso Dourado - 10608-F","pedro.pantaleao@gaussenergia.com.br","2023-11-28T16:48:13.250Z","2025-01-13T13:55:13.465Z","","","","Overdue","3","20","88","Projeto FV"
"https://app.process.st/runs/ldZVPmnNZd8AVbJV9xtIdw","Weriton Rodrigues Pimentel / Padaria Mae Chica 8737-F","pedro.pantaleao@gaussenergia.com.br group-698ea497-ec60-4bde-b165-b8f9ccbb0cfe@process.st","2022-11-14T19:34:06.271Z","2025-01-13T13:44:44.118Z","","","","Overdue","3","23","88","Projeto FV"
"https://app.process.st/runs/lrVC_JkTVo0OZ3y9bVpNjg","Panificadora Flor do Beiru 2 / Rafael Andrade de Araujo 7096.2-F","pedro.pantaleao@gaussenergia.com.br group-698ea497-ec60-4bde-b165-b8f9ccbb0cfe@process.st","2021-10-05T18:04:01.442Z","2025-01-13T13:28:26.264Z","","","","Overdue","3","25","88","Projeto FV"
"https://app.process.st/runs/jGTYJUmhted4tmXZkYBH5w","Virgilio Ribeiro dos Santos 3 / Sistema 45 kW 8412-F","pedro.pantaleao@gaussenergia.com.br","2022-07-27T14:21:48.878Z","2025-01-13T13:12:32.667Z","","","","Overdue","3","23","88","Projeto FV"
"https://app.process.st/runs/gnZluzYGm2_vieXtip5JUA","Carlos Miler da Silva AUMENTO - 10507-F","pedro.pantaleao@gaussenergia.com.br group-698ea497-ec60-4bde-b165-b8f9ccbb0cfe@process.st","2024-01-16T12:32:03.022Z","2025-01-13T13:01:00.190Z","","","","Overdue","3","21","88","Projeto FV"
"https://app.process.st/runs/uWHPOT38y361DHkxgWBFFQ","Judite Ferreira dos Santos - 10666-F","","2023-11-30T18:36:56.216Z","2025-01-10T19:07:37.727Z","","","","Overdue","3","21","88","Projeto FV"
"https://app.process.st/runs/n27DJ6Lez0QGfFQJF1FDPQ","Marcos Aurelio Amorim da Silva 11504-F","pedro.pantaleao@gaussenergia.com.br group-698ea497-ec60-4bde-b165-b8f9ccbb0cfe@process.st","2024-05-27T14:23:55.454Z","2025-01-10T18:50:37.967Z","","","","Overdue","3","21","88","Projeto FV"
"https://app.process.st/runs/kkR4Vvg59Hh4TfKVqupOug","Jilson Correia das Neves 9255-F","pedro.pantaleao@gaussenergia.com.br group-698ea497-ec60-4bde-b165-b8f9ccbb0cfe@process.st","2022-10-24T16:30:30.216Z","2025-01-10T18:02:57.225Z","","","","Overdue","3","24","88","Projeto FV"
"https://app.process.st/runs/jhqa6uNEwdpl7hgSFQNDVg","Roberto Gomes da Silva AUMENTO 9040-F","pedro.pantaleao@gaussenergia.com.br","2023-01-04T21:08:37.853Z","2025-01-09T18:28:16.048Z","","","","Overdue","3","27","88","Projeto FV"
"https://app.process.st/runs/iUCzRqkvA5p7ZtMNNbRNug","Joelma Portugal Silva 11112-F","pedro.pantaleao@gaussenergia.com.br","2024-03-26T13:24:28.644Z","2025-01-09T14:26:51.888Z","","","","Overdue","2","20","88","Projeto FV"
"https://app.process.st/runs/n_0mMmu2mgStLsp2A9lNAg","Holistica Provedor Internet LTDA 1 ADEQUAÇAO - 10010-F","pedro.pantaleao@gaussenergia.com.br","2024-04-22T18:42:17.376Z","2025-01-07T17:37:38.327Z","","","","Overdue","3","25","88","Projeto FV"
"https://app.process.st/runs/joPS4TsTht16bpXz4GxGtw","Lucelia Gomes dos Santos - 12057-F","pedro.pantaleao@gaussenergia.com.br group-698ea497-ec60-4bde-b165-b8f9ccbb0cfe@process.st","2024-10-15T17:05:36.800Z","2025-01-07T17:37:20.320Z","","","","Overdue","3","21","88","Projeto FV"
"https://app.process.st/runs/sNK5aHilWhLdC8ksxT1MSA","Maurício Teles Barbosa 1779-F","group-698ea497-ec60-4bde-b165-b8f9ccbb0cfe@process.st","2019-04-08T18:37:23.791Z","2025-01-07T10:58:49.844Z","","","","Overdue","4","23","88","Projeto FV"
"https://app.process.st/runs/n-JIfkHj1UXjxztPEmpPRA","Moises Dourado Torres da Cunha - 12027-F","pedro.pantaleao@gaussenergia.com.br","2024-10-03T17:50:25.898Z","2025-01-06T12:52:15.368Z","","","","Overdue","2","20","88","Projeto FV"
"https://app.process.st/runs/lD3t5uqAvMJmbWmm3m5Low","Adriano Carballo Amoedo AUMENTO sistema incialmente outra empresa/ Flavio Adelpe - 11998-F","pedro.pantaleao@gaussenergia.com.br","2024-09-25T18:08:24.279Z","2025-01-06T12:51:53.639Z","","","","Overdue","3","21","88","Projeto FV"
"https://app.process.st/runs/sSyQLTwJN6A1ceUeWzVFVg","Jaeldson Rosa Damasceno - 11831-F","pedro.pantaleao@gaussenergia.com.br group-698ea497-ec60-4bde-b165-b8f9ccbb0cfe@process.st","2024-09-17T17:44:17.908Z","2025-01-06T12:51:39.944Z","","","","Overdue","2","24","88","Projeto FV"
"https://app.process.st/runs/rZmKllTzNhphWw7lzzFBXg","Edinaldo Souza de Oliveira - 12062-F","pedro.pantaleao@gaussenergia.com.br group-698ea497-ec60-4bde-b165-b8f9ccbb0cfe@process.st","2024-10-15T18:06:09.546Z","2025-01-06T12:51:11.841Z","","","","Overdue","3","21","88","Projeto FV"
"https://app.process.st/runs/s4-rdimx_tKFXUyqBH9Dxw","Luiz Antonio Pimenta Lima AUMENTO 9251-F","pedro.pantaleao@gaussenergia.com.br","2024-10-10T12:25:28.582Z","2025-01-06T12:50:53.477Z","","","","Overdue","3","21","88","Projeto FV"
"https://app.process.st/runs/lBBnO8KbtKDGdICg8CVDvg","Mauricio Jose Rocha 2 - 11882-F","pedro.pantaleao@gaussenergia.com.br","2024-09-06T16:38:50.871Z","2025-01-03T17:18:34.898Z","","","","Overdue","2","20","88","Projeto FV"
"https://app.process.st/runs/rraBtKZzdP416NE6eEpDSA","Anderson Nogueira da Silva - 10452-F","pedro.pantaleao@gaussenergia.com.br group-698ea497-ec60-4bde-b165-b8f9ccbb0cfe@process.st","2024-07-26T17:35:24.633Z","2025-01-03T17:18:00.213Z","","","","Overdue","3","21","88","Projeto FV"
"https://app.process.st/runs/qpSKegHkMsi9r2yWUJxC0g","Anderson Nogueira da Silva 2 / Fazenda Nunes - 11849-F","pedro.pantaleao@gaussenergia.com.br","2024-09-20T17:32:19.745Z","2025-01-03T17:17:38.294Z","","","","Overdue","2","20","88","Projeto FV"
"https://app.process.st/runs/ow5qtZTylNAaQtuqE2pO3Q","Dijavan Batista Lima - 11976-F","pedro.pantaleao@gaussenergia.com.br","2024-10-16T17:34:41.488Z","2024-12-30T14:23:39.991Z","","","","Overdue","3","21","88","Projeto FV"
"https://app.process.st/runs/gcUxYERoQgMeVCwjLcRL6A","Cacio Robeto Pereira de Oliveira - 12023-F","pedro.pantaleao@gaussenergia.com.br","2024-10-03T17:44:16.379Z","2024-12-30T12:23:06.558Z","","","","Overdue","2","20","88","Projeto FV"
"https://app.process.st/runs/mhvOAG4LRvEKDECm3hdK2A","Alex Sandro Batista Ribeiro - 11954-F","pedro.pantaleao@gaussenergia.com.br group-698ea497-ec60-4bde-b165-b8f9ccbb0cfe@process.st","2024-09-20T17:40:19.855Z","2024-12-30T12:22:52.300Z","","","","Overdue","3","21","88","Projeto FV"
"https://app.process.st/runs/lrmH9KVomlWarOM5vxdPEg","José Muniz Rebouças / Felippe Bittencourt 2 AUMENTO 3716.2-F","pedro.pantaleao@gaussenergia.com.br","2024-09-09T19:14:37.730Z","2024-12-30T12:22:38.490Z","","","","Overdue","2","20","88","Projeto FV"
"https://app.process.st/runs/tA5bpzzy2WkMWJLIpI5G-Q","Andre Luis Sodre de Araujo / IEB Instituto E Barramendense AUMENTO 7990-F","pedro.pantaleao@gaussenergia.com.br","2024-09-09T19:02:38.726Z","2024-12-30T12:22:25.781Z","","","","Overdue","3","21","88","Projeto FV"
"https://app.process.st/runs/jZyvI44njlQMcgmmtFxGqQ","Patricia Queiroz da Cunha Vitoria AUMENTO / Jose Carlos M da Vitoria 8801-F","pedro.pantaleao@gaussenergia.com.br group-698ea497-ec60-4bde-b165-b8f9ccbb0cfe@process.st","2024-09-19T13:34:34.082Z","2024-12-30T12:20:54.250Z","","","","Overdue","3","21","88","Projeto FV"
"https://app.process.st/runs/h0KP45Wg-GheoZlO28tCJA","Wilson Barreto Paim - 11250-F","pedro.pantaleao@gaussenergia.com.br","2024-07-22T18:15:43.924Z","2024-12-24T16:16:54.416Z","","","","Overdue","3","25","88","Projeto FV"
"https://app.process.st/runs/iujd9TyFgcEzM3RDbvZCaw","Jorge Pereira Teles - Fazenda Bela Vista 1 AUMENTO - 5623-F","pedro.pantaleao@gaussenergia.com.br","2023-05-22T17:21:47.218Z","2024-12-24T16:14:22.252Z","","","","Overdue","2","23","88","Projeto FV"
"https://app.process.st/runs/jnPNTu_p1WAVsgRBzeVP6Q","Silvio Lopes Fernandes - 10558-F","pedro.pantaleao@gaussenergia.com.br group-698ea497-ec60-4bde-b165-b8f9ccbb0cfe@process.st group-aa595f0b-d840-4fcb-8407-a22a023e7e0d@process.st","2024-08-19T19:51:47.060Z","2024-12-20T19:06:42.960Z","","","","Overdue","1","21","88","Projeto FV"
"https://app.process.st/runs/kVUx-LmB6Fza-WFk7FJGGg","Stela Peixoto Gaspari - 11798-F","pedro.pantaleao@gaussenergia.com.br","2024-09-24T18:04:11.638Z","2024-12-20T16:54:58.246Z","","","","Overdue","3","25","88","Projeto FV"
"https://app.process.st/runs/mqQ5DYUqTgKByOK5Rg1AbQ","Claudia Levi - Mercado Mais Barato 2332-F","raniel.garcia@gaussenergia.com.br","2019-07-01T16:53:34.696Z","2024-12-17T18:41:12.351Z","","","","Overdue","5","21","88","Projeto FV"
"https://app.process.st/runs/smoh5_ITkU8eBKgDtddMNA","Teobaldo Miranda de Sousa / Comercial de Alimentos Frichel - 2065-F","pedro.pantaleao@gaussenergia.com.br group-698ea497-ec60-4bde-b165-b8f9ccbb0cfe@process.st","2020-12-14T18:08:03.194Z","2024-12-16T14:47:08.124Z","","","","Overdue","3","23","88","Projeto FV"
"https://app.process.st/runs/rSeEZ-OptthoaLHuVoVC7g","Agnar Mendes de Souza - 11671-F","pedro.pantaleao@gaussenergia.com.br group-698ea497-ec60-4bde-b165-b8f9ccbb0cfe@process.st","2024-08-26T12:13:39.940Z","2024-12-14T16:54:22.308Z","","","","Overdue","3","21","88","Projeto FV"
"https://app.process.st/runs/oV4LGfNA6vA_336WTPFKiA","Mabel Sodre Costa Sousa AUMENTO - 4063-F","pedro.pantaleao@gaussenergia.com.br group-aa595f0b-d840-4fcb-8407-a22a023e7e0d@process.st","2024-09-16T17:40:07.028Z","2024-12-14T16:53:20.803Z","","","","Overdue","4","20","88","Projeto FV"
"https://app.process.st/runs/jdpoVHihS2_im0FR409JXA","Maria Rita Oliveira Rodrigues / Antonio Carlos AUMENTO 9190-F","pedro.pantaleao@gaussenergia.com.br","2024-09-10T18:30:30.799Z","2024-12-14T16:52:58.152Z","","","","Overdue","3","21","88","Projeto FV"
"https://app.process.st/runs/ryrqmjF96y224c8juohNNA","Edilson Ribeiro dos Santos AUMENTO NAO HOMOLOGADO / sistema inicial de outra empresa 11827-F","pedro.pantaleao@gaussenergia.com.br group-698ea497-ec60-4bde-b165-b8f9ccbb0cfe@process.st group-aa595f0b-d840-4fcb-8407-a22a023e7e0d@process.st","2024-08-30T17:09:26.729Z","2024-12-13T13:31:50.638Z","","","","OnTrack","0","2","88","Projeto FV"
"https://app.process.st/runs/pTupw6KBe0U76yQfZc1M1Q","Florisvaldo Dourado Magalhães 8731-F","pedro.pantaleao@gaussenergia.com.br","2022-07-12T13:18:23.470Z","2024-12-11T13:31:49.690Z","","","","Overdue","3","26","88","Projeto FV"
"https://app.process.st/runs/vzYCn_zR7nwlG2YFB-1BZA","Jose Ricardo Teixeira Dias - 10955-F","pedro.pantaleao@gaussenergia.com.br","2024-03-05T14:03:50.256Z","2024-12-11T13:23:19.634Z","","","","Overdue","3","22","88","Projeto FV"
"https://app.process.st/runs/v5ncq5Fk5G2w6xCEBetJXA","Leiva Barreto de Carvalho Soares - 11114-F","pedro.pantaleao@gaussenergia.com.br group-698ea497-ec60-4bde-b165-b8f9ccbb0cfe@process.st","2024-03-20T19:11:08.346Z","2024-12-11T13:19:39.246Z","","","","Overdue","3","22","88","Projeto FV"
"https://app.process.st/runs/oC-DLDpWBE-AzHadNzBNRw","Janderson Santos 1670-F","pedro.pantaleao@gaussenergia.com.br group-698ea497-ec60-4bde-b165-b8f9ccbb0cfe@process.st","2019-01-17T21:04:49.626Z","2024-12-11T12:37:06.698Z","","","","Overdue","5","17","88","Projeto FV"
"https://app.process.st/runs/nzyMPENYqlJL6YmMzaxM8g","Djalma Brito Coelho Junior / Neide Torres - 9790-F","pedro.pantaleao@gaussenergia.com.br group-698ea497-ec60-4bde-b165-b8f9ccbb0cfe@process.st","2023-10-04T14:10:42.466Z","2024-12-10T14:43:53.608Z","","","","Overdue","3","23","88","Projeto FV"
"https://app.process.st/runs/gRWaQT2Jubfy9s9dNYZFqg","Renata Vieira de Carvalho 2 - 11900-F","pedro.pantaleao@gaussenergia.com.br","2024-09-10T14:31:50.406Z","2024-12-09T19:45:17.061Z","","","","Overdue","2","19","88","Projeto FV"
"https://app.process.st/runs/g3IYzjNngin51qMBxhlKgw","Luiz Alberto Barbosa de Souza Junior - 11965-F","pedro.pantaleao@gaussenergia.com.br group-698ea497-ec60-4bde-b165-b8f9ccbb0cfe@process.st","2024-09-20T17:53:59.395Z","2024-12-09T19:13:26.132Z","","","","Overdue","2","20","88","Projeto FV"
"https://app.process.st/runs/tyOQxSldy0hzPoJdhN9PZA","Edvam Lima - Gicelia Mendonça 1679-F","pedro.pantaleao@gaussenergia.com.br","2019-03-18T17:23:01.429Z","2024-12-06T20:09:02.138Z","","","","Overdue","5","18","88","Projeto FV"
"https://app.process.st/runs/sakNmgqJbdD2vbBygzFPJA","Edneide Odwyer Santos AUMENTO DE SISTEMA / Osvaldo 5032-F","pedro.pantaleao@gaussenergia.com.br","2024-08-12T18:41:04.910Z","2024-12-06T14:44:17.394Z","","","","Overdue","2","20","88","Projeto FV"
"https://app.process.st/runs/h-KB34ddd7UsvenJlbZGlw","Marcelo Ferreira dos Santos - 11802-F","pedro.pantaleao@gaussenergia.com.br group-698ea497-ec60-4bde-b165-b8f9ccbb0cfe@process.st","2024-08-28T17:10:40.590Z","2024-12-03T18:21:32.347Z","","","","Overdue","3","25","88","Projeto FV"
"https://app.process.st/runs/sPm6yzPjZHjP1ssb2L5Dmw","Edvaldo Viana Menezes AUMENTO --> Marcelo Nobrega Ribeiro 9975-F","pedro.pantaleao@gaussenergia.com.br","2024-01-26T13:45:34.319Z","2024-12-02T19:04:08.772Z","","","","Overdue","2","20","88","Projeto FV"
"https://app.process.st/runs/rm89Zdkez1SS8neHFqpE5A","Elionaldo Jose de Oliveira - 11903-F","pedro.pantaleao@gaussenergia.com.br group-698ea497-ec60-4bde-b165-b8f9ccbb0cfe@process.st","2024-09-11T13:18:54.899Z","2024-12-02T18:52:27.289Z","","","","Overdue","3","21","88","Projeto FV"
"https://app.process.st/runs/gwD0AwP2tJRw57k2UKJLig","Lauro Alvares de Azevedo - 9189-F","pedro.pantaleao@gaussenergia.com.br","2024-07-25T17:32:49.171Z","2024-12-02T18:25:57.703Z","","","","Overdue","2","20","88","Projeto FV"
"https://app.process.st/runs/ti6rzP-l3OyzAH3WlkZCdw","Clinica Urologica de Irece Ltda ME / CMU / Antigo Antonio Carlos Almeida 9393-F","pedro.pantaleao@gaussenergia.com.br group-698ea497-ec60-4bde-b165-b8f9ccbb0cfe@process.st","2022-12-06T18:15:59.161Z","2024-12-02T17:25:14.017Z","","","","Overdue","3","21","88","Projeto FV"
"https://app.process.st/runs/k-uQ1ihCtXOXO_RJx79ItQ","Rosangela Rosa Pires Pimenta REALOCAÇAO 10152-F","pedro.pantaleao@gaussenergia.com.br group-aa595f0b-d840-4fcb-8407-a22a023e7e0d@process.st","2024-10-10T18:16:51.948Z","2024-12-02T16:06:14.423Z","","","","Overdue","1","20","88","Projeto FV"
"https://app.process.st/runs/vUk6j3vI1cZ-KVA61p9KLQ","Adilson de Oliveira Santos - 11779-F","pedro.pantaleao@gaussenergia.com.br","2024-09-05T18:32:09.278Z","2024-11-29T14:55:06.558Z","","","","Overdue","2","20","88","Projeto FV"
"https://app.process.st/runs/sl3awCloJOmfZV9MqNRMiw","Comercial Albertino Comercio de Produtos Alimenticios Bebidas e Confecções LTDA - 11688-F","pedro.pantaleao@gaussenergia.com.br group-698ea497-ec60-4bde-b165-b8f9ccbb0cfe@process.st","2024-08-12T13:13:28.824Z","2024-11-29T14:54:48.113Z","","","","Overdue","2","20","88","Projeto FV"
"https://app.process.st/runs/u655C9qTuWvN4qD7Xh9Hgg","Casa São Francisco / Calcados e confecções 896-F","","2018-12-10T18:34:39.130Z","2024-11-28T14:42:22.734Z","","","","OnTrack","0","0","88","Projeto FV"
"https://app.process.st/runs/tJiOKZlDIruwAu5l9lRJ1A","Vera Lucia Lima Pimentel / Valter Maia Filho - 7999-F","pedro.pantaleao@gaussenergia.com.br","2022-03-14T19:59:18.755Z","2024-11-28T14:23:06.887Z","","","","Overdue","2","25","88","Projeto FV"
"https://app.process.st/runs/iJoCLwJJ05mY5700fW5FxQ","Ariolando de Souza Barreto - 10898-F","pedro.pantaleao@gaussenergia.com.br group-698ea497-ec60-4bde-b165-b8f9ccbb0cfe@process.st","2024-01-23T14:43:38.569Z","2024-11-28T14:02:12.179Z","","","","Overdue","3","21","88","Projeto FV"
"https://app.process.st/runs/sih9jOJzpzLu3O0AbSdCCw","Paulo Sergio Fernandes Linhares 2 - 11673-F","pedro.pantaleao@gaussenergia.com.br","2024-07-24T18:27:43.713Z","2024-11-28T13:21:02.704Z","","","","Overdue","3","21","88","Projeto FV"
"https://app.process.st/runs/jrGb6_-47MPsBBnIW7RNQQ","Oscarino Batista de Oliveira 1963-F","raniel.garcia@gaussenergia.com.br","2019-03-16T22:41:41.397Z","2024-11-27T15:04:46.601Z","2019-05-21T22:00:00.000Z","","","Overdue","5","18","88","Projeto FV"
"https://app.process.st/runs/nTJ-3Iixx3QWTKWHJrJLsg","Eliandro Bastos Werneck - 10903-F","pedro.pantaleao@gaussenergia.com.br group-698ea497-ec60-4bde-b165-b8f9ccbb0cfe@process.st","2024-01-24T19:32:50.532Z","2024-11-27T13:59:32.059Z","","","","Overdue","3","26","88","Projeto FV"
"https://app.process.st/runs/svIak66G9GVcvrPVYQVCxA","Vanuza Almeida Batista Lima - 11904-F","pedro.pantaleao@gaussenergia.com.br group-698ea497-ec60-4bde-b165-b8f9ccbb0cfe@process.st","2024-09-10T18:22:51.078Z","2024-11-26T14:30:44.178Z","","","","Overdue","3","21","88","Projeto FV"
"https://app.process.st/runs/ih_X4AGlZ2oE48z856FAOA","Rouzani Pereira Barreto de Figueiredo 3 / Supermercado Estrela de Davi 3 AUMENTO - 10198-F","pedro.pantaleao@gaussenergia.com.br","2024-08-21T17:17:26.811Z","2024-11-26T14:30:19.975Z","","","","Overdue","3","21","88","Projeto FV"
"https://app.process.st/runs/n5TkJe5_zrnP8evE1SdIqw","Renovadora de Pneus Subae / Tiago Doria Godeiro 2021 AUMENTO 6085-F","pedro.pantaleao@gaussenergia.com.br group-aa595f0b-d840-4fcb-8407-a22a023e7e0d@process.st","2024-08-02T13:36:51.559Z","2024-11-26T02:28:31.109Z","","","","Overdue","1","16","88","Projeto FV"
"https://app.process.st/runs/s2c_N0YqmRq611FOq-JPGg","Wermison Silva Cunha / Jarci Cunha 6274-F","pedro.pantaleao@gaussenergia.com.br","2022-06-14T18:48:04.521Z","2024-11-25T13:28:21.689Z","","","","Overdue","2","20","88","Projeto FV"
"https://app.process.st/runs/nQYoEDSjv1dEmYiCqO5JHg","Ribeiro Blocos e Pisos LTDA - 11434-F","pedro.pantaleao@gaussenergia.com.br group-698ea497-ec60-4bde-b165-b8f9ccbb0cfe@process.st","2024-07-15T14:17:21.615Z","2024-11-25T13:23:15.086Z","","","","Overdue","2","20","88","Projeto FV"
"https://app.process.st/runs/mtoeVXb7lIbmp3HRMK9Oxg","Manoel Lucio dos Santos - 10433-F","pedro.pantaleao@gaussenergia.com.br","2023-10-17T18:06:48.707Z","2024-11-25T12:23:55.699Z","","","","Overdue","2","19","88","Projeto FV"
"https://app.process.st/runs/vWC3P_Nt8CjvFBckBpJNqA","GC de Queiroz Mercadinho LTDA - 11608-F","pedro.pantaleao@gaussenergia.com.br group-698ea497-ec60-4bde-b165-b8f9ccbb0cfe@process.st","2024-08-06T13:05:47.696Z","2024-11-23T13:23:13.553Z","","","","Overdue","3","21","88","Projeto FV"
"https://app.process.st/runs/jUuysqlAzkwOHS2bD9tOxA","Vera Lucia Lopes dos Santos Dourado AUMENTO 9776-F","pedro.pantaleao@gaussenergia.com.br group-698ea497-ec60-4bde-b165-b8f9ccbb0cfe@process.st","2024-08-26T13:45:47.119Z","2024-11-23T13:22:50.569Z","","","","Overdue","3","21","88","Projeto FV"
"https://app.process.st/runs/rjIuj46UY_zhuKue67VG2g","Paulo Sergio Fernandes Linhares - 11493-F","pedro.pantaleao@gaussenergia.com.br group-698ea497-ec60-4bde-b165-b8f9ccbb0cfe@process.st","2024-05-24T18:07:40.499Z","2024-11-23T13:03:11.218Z","","","","Overdue","3","25","88","Projeto FV"
"https://app.process.st/runs/mFuj324Y0npviHbrY8lLbw","Mirian da Silva Lopes - 11476-F","pedro.pantaleao@gaussenergia.com.br","2024-09-04T11:34:28.818Z","2024-11-22T19:52:33.009Z","","","","Overdue","2","20","88","Projeto FV"
"https://app.process.st/runs/pPUmNRWWQbjrPySjsx1MFw","Carlos Roberto Alves de Carvalho 3076-F","pedro.pantaleao@gaussenergia.com.br group-698ea497-ec60-4bde-b165-b8f9ccbb0cfe@process.st","2020-10-01T19:27:44.281Z","2024-11-22T17:46:15.703Z","","","","Overdue","2","22","88","Projeto FV"
"https://app.process.st/runs/g9MP32nq4LAic3qoxkBL0A","Reginaldo dos Santos Conceiçao 9100-F","group-698ea497-ec60-4bde-b165-b8f9ccbb0cfe@process.st","2022-10-05T15:01:02.084Z","2024-11-21T16:03:58.008Z","","","","Overdue","3","21","88","Projeto FV"
"https://app.process.st/runs/uqlTSC2IjZS8uHPRiRRMYg","Orlando Imbassahy da Silva Filho 2 - 10632.2-F","pedro.pantaleao@gaussenergia.com.br group-698ea497-ec60-4bde-b165-b8f9ccbb0cfe@process.st","2024-02-29T16:51:08.338Z","2024-11-21T14:51:24.558Z","","","","Overdue","3","22","88","Projeto FV"
"https://app.process.st/runs/lMEo9MYZGvkDH1qKX_FDAQ","Andre Nunes Dourado 6056-F","","2021-07-09T19:05:34.957Z","2024-11-21T14:15:03.136Z","","","","Overdue","3","21","88","Projeto FV"
"https://app.process.st/runs/lwicz0zRI5Sn2DE1MixA-A","Marcela Gomes da Silva - 11091-F","pedro.pantaleao@gaussenergia.com.br","2024-03-11T14:40:21.431Z","2024-11-19T13:46:25.630Z","","","","Overdue","3","20","88","Projeto FV"
"https://app.process.st/runs/gPN_g7UAIwmSWefxJsJDzQ","Diana Aguiar de Sousa Barbosa / Marcus Barbosa 7937-F","pedro.pantaleao@gaussenergia.com.br group-698ea497-ec60-4bde-b165-b8f9ccbb0cfe@process.st","2022-02-24T18:22:02.842Z","2024-11-19T13:19:11.294Z","","","","Overdue","2","25","88","Projeto FV"
"https://app.process.st/runs/kklz1CO2RBpwhF6RPEJDhA","Guilherme dos Reis Falcao / Maria Isabel dos Reis Falcao 9442-F","pedro.pantaleao@gaussenergia.com.br group-698ea497-ec60-4bde-b165-b8f9ccbb0cfe@process.st","2022-12-08T14:26:10.742Z","2024-11-19T13:11:20.197Z","","","","Overdue","3","21","88","Projeto FV"
"https://app.process.st/runs/pygro7UBCGZrje7EB4ZECQ","Tercio Roberto Peixoto Souza - 7847-F","pedro.pantaleao@gaussenergia.com.br","2022-02-15T18:42:31.747Z","2024-11-18T14:54:51.444Z","","","","Overdue","1","26","88","Projeto FV"
"https://app.process.st/runs/lCA_dPeYCaQlfPJ8EQBD2A","Jorge Tadeu Dantas Lemos 6221-F","pedro.pantaleao@gaussenergia.com.br","2021-10-18T20:47:38.966Z","2024-11-18T14:08:59.195Z","","","","Overdue","3","25","88","Projeto FV"
"https://app.process.st/runs/piltx-EDdwoeKkjQESBFPQ","Joaquim Fernandes Porto Filho / Lucelia Nunes 9855-F","pedro.pantaleao@gaussenergia.com.br","2023-05-15T15:11:52.920Z","2024-11-18T13:20:56.764Z","","","","Overdue","3","22","88","Projeto FV"
"https://app.process.st/runs/qyGR1orD3qsfS2G0QAhL9Q","Geraldo Nunes da Silva AUMENTO / GND Distribuidora de Alimentos Ltda / Distribuidora Ice Kiss 8569-F","pedro.pantaleao@gaussenergia.com.br","2024-08-22T12:09:13.003Z","2024-11-17T12:51:21.799Z","","","","Overdue","3","21","88","Projeto FV"
"https://app.process.st/runs/kuqkmaO27sKLgctz48tGBA","Daniel Vidal Fernandes - 11727-F","pedro.pantaleao@gaussenergia.com.br group-698ea497-ec60-4bde-b165-b8f9ccbb0cfe@process.st","2024-08-23T12:35:34.634Z","2024-11-16T12:53:54.232Z","","","","Overdue","3","21","88","Projeto FV"
"https://app.process.st/runs/qQJyeQ5pwpCy3x8mkBRO3A","Jaqueline Mendes Gois Santos - 11543-F","pedro.pantaleao@gaussenergia.com.br group-698ea497-ec60-4bde-b165-b8f9ccbb0cfe@process.st","2024-07-08T13:27:33.130Z","2024-11-16T12:53:32.233Z","","","","Overdue","3","28","88","Projeto FV"
"https://app.process.st/runs/hhcYjwzei9foKiRdq-BLLw","Antonio Haruo Nishizima 2 / Casa - 10302.2-F","pedro.pantaleao@gaussenergia.com.br","2024-08-29T18:49:29.215Z","2024-11-15T12:35:18.924Z","","","","Overdue","2","20","88","Projeto FV"
"https://app.process.st/runs/u0cczgQEtfZ4YOayyzdMMw","Radio Monte Jaraguar AUMENTO NAO HOMOLOGADO 2684-F","pedro.pantaleao@gaussenergia.com.br group-aa595f0b-d840-4fcb-8407-a22a023e7e0d@process.st","2024-11-13T13:10:55.819Z","2024-11-13T17:37:37.483Z","","","","OnTrack","0","2","88","Projeto FV"
"https://app.process.st/runs/sAVtK7q4g6WpkH_wSs5Jgw","Maria Conceiçao Dourado Pimenta Magalhães  - Boutique Flor de Maça AUMENTO - 3132-F","pedro.pantaleao@gaussenergia.com.br","2024-07-12T14:04:42.806Z","2024-11-13T15:08:57.142Z","","","","Overdue","2","20","88","Projeto FV"
"https://app.process.st/runs/rpY4wVSegF56YzgnrBtA7A","Monica Cristina Ribeiro da Silva 4225-F","group-aa595f0b-d840-4fcb-8407-a22a023e7e0d@process.st","2021-07-14T19:48:45.459Z","2024-11-13T14:58:03.385Z","","","","Overdue","3","20","88","Projeto FV"
"https://app.process.st/runs/jJUt0PMNIbToWr_65N5BQw","Bomboniere Nunes  / Josefa Ferreira Neta Nunes AUMENTO 2 1525-F","pedro.pantaleao@gaussenergia.com.br","2023-08-17T16:59:02.401Z","2024-11-13T14:18:12.956Z","","","","Overdue","3","22","88","Projeto FV"
"https://app.process.st/runs/qPnxOzARTZAFKYSMvWpIzg","Emerson de Castro Dourado/Mercadinho Castro 5150-F","group-698ea497-ec60-4bde-b165-b8f9ccbb0cfe@process.st","2021-07-16T18:19:38.514Z","2024-11-13T14:13:17.451Z","","","","Overdue","3","24","88","Projeto FV"
"https://app.process.st/runs/tP2nV0Y1t0n0ZwJfMLNOGQ","Catia Cilene Rodrigues Maciel 9268-F","pedro.pantaleao@gaussenergia.com.br","2022-10-21T18:02:09.788Z","2024-11-11T14:45:44.917Z","","","","Overdue","3","21","88","Projeto FV"
"https://app.process.st/runs/hWCdmSmGmauZ2yhnLclGPA","Reivaldo Barbosa de Almeida 10039-F","pedro.pantaleao@gaussenergia.com.br group-698ea497-ec60-4bde-b165-b8f9ccbb0cfe@process.st","2023-05-15T17:05:26.977Z","2024-11-11T14:23:59.565Z","","","","Overdue","3","27","88","Projeto FV"
"https://app.process.st/runs/m7yq9gu9Vvhn8H6IlL5L1Q","Gildasio Abade dos Santos - 11808-F","pedro.pantaleao@gaussenergia.com.br","2024-08-26T16:46:27.106Z","2024-11-11T12:53:27.336Z","","","","Overdue","2","20","88","Projeto FV"
"https://app.process.st/runs/kB42CE07yayExlGdTwpEFw","Heitor Martins Barreto - 7545-F","pedro.pantaleao@gaussenergia.com.br group-698ea497-ec60-4bde-b165-b8f9ccbb0cfe@process.st","2024-07-23T18:42:30.391Z","2024-11-11T12:53:04.546Z","","","","Overdue","3","21","88","Projeto FV"
"https://app.process.st/runs/rBImBRcICaV82uij1_dByw","Emanuel Claudio Borges de Carvalho / Tiago Ferreira de Carvalho 2 AUMENTO NAO HOMOLOGADO - 8918-F","pedro.pantaleao@gaussenergia.com.br group-aa595f0b-d840-4fcb-8407-a22a023e7e0d@process.st","2024-11-07T18:23:11.504Z","2024-11-07T18:41:11.573Z","","","","OnTrack","0","3","88","Projeto FV"
"https://app.process.st/runs/naWjMFZywl7L5aleF7xNaQ","Mais Saude Material Hospitalar Ltda / Catia Erica Costa Martins / Francisco Exuperio 7085-F","pedro.pantaleao@gaussenergia.com.br group-698ea497-ec60-4bde-b165-b8f9ccbb0cfe@process.st","2022-04-25T20:01:43.737Z","2024-11-06T18:17:59.183Z","","","","Overdue","3","21","88","Projeto FV"
"https://app.process.st/runs/kwc4ScGZE4rbPPa_udtA3A","Heliofabio Cardoso Dourado 2 / America Dourada 6073.2-F","pedro.pantaleao@gaussenergia.com.br","2022-08-11T13:46:59.888Z","2024-11-06T13:30:46.368Z","","","","Overdue","2","22","88","Projeto FV"
"https://app.process.st/runs/vL3XQdSAVnwm4ly0YU5LTw","Rafael Santos Barreto / Paulo Luiz Moitinho 9451-F","pedro.pantaleao@gaussenergia.com.br group-698ea497-ec60-4bde-b165-b8f9ccbb0cfe@process.st","2022-11-17T13:51:20.124Z","2024-11-06T12:35:23.084Z","","","","Overdue","3","21","88","Projeto FV"
"https://app.process.st/runs/rs0Uscb4cyhrThdHxbZNuA","Altamira Viana Costa 2 -  11595-F","pedro.pantaleao@gaussenergia.com.br","2024-07-16T11:52:56.824Z","2024-11-05T16:55:40.288Z","","","","Overdue","3","22","88","Projeto FV"
"https://app.process.st/runs/rqjIBI5Y9GfLRHrMb2BBIQ","Manoel Messias dos Santos - 11741-F","pedro.pantaleao@gaussenergia.com.br group-698ea497-ec60-4bde-b165-b8f9ccbb0cfe@process.st","2024-08-09T19:38:22.264Z","2024-11-05T15:15:30.999Z","","","","Overdue","3","21","88","Projeto FV"
"https://app.process.st/runs/itnRnPe0NgyFTTHTSANBbQ","Associacao Educativa de Irece S/C 1 - 11192.1-F","pedro.pantaleao@gaussenergia.com.br","2024-06-18T17:58:04.024Z","2024-11-05T15:13:43.002Z","","","","Overdue","2","20","88","Projeto FV"
"https://app.process.st/runs/m5WPkc3ZekT1Egrv_iJEaw","Condominio Edificio Via Venetto - 11413-F","pedro.pantaleao@gaussenergia.com.br","2024-07-05T17:33:04.518Z","2024-11-04T18:33:57.000Z","","","","Overdue","2","27","88","Projeto FV"
"https://app.process.st/runs/twy6DqWiWu3DplZH_5xPCA","Associacao Educativa de Irece S/C 2 - 11192.2-F","pedro.pantaleao@gaussenergia.com.br","2024-06-18T18:46:12.410Z","2024-11-02T12:18:18.319Z","","","","Overdue","3","25","88","Projeto FV"
"https://app.process.st/runs/nzEamddCcBc3wRQq8K9Jzw","Edmundo Gonçalves de Aquino AUMENTO 6051-F","pedro.pantaleao@gaussenergia.com.br","2022-08-25T12:52:45.163Z","2024-11-01T11:59:41.665Z","","","","Overdue","2","28","88","Projeto FV"
"https://app.process.st/runs/pBhKd3nFURo3rUzsZBpJtQ","Neivair Gomes de Souza AUMENTO NAO HOMOLOGADO - 1265-F","pedro.pantaleao@gaussenergia.com.br group-aa595f0b-d840-4fcb-8407-a22a023e7e0d@process.st","2024-11-01T11:12:36.677Z","2024-11-01T11:30:20.563Z","","","","OnTrack","0","2","88","Projeto FV"
"https://app.process.st/runs/q2PmGxxv5UpCInhXsmtKEQ","Diego Peter Peterle / Camilla de Almeida Santos - 10100-F","pedro.pantaleao@gaussenergia.com.br group-698ea497-ec60-4bde-b165-b8f9ccbb0cfe@process.st","2023-07-20T18:55:17.824Z","2024-10-31T14:05:24.948Z","","","","Overdue","3","22","88","Projeto FV"
"https://app.process.st/runs/moI77epm0ZCQyaw7TExI0A","Candido Jose Navarro Marcondes de Azeredo AUMENTO - 2724-F","pedro.pantaleao@gaussenergia.com.br","2022-10-26T13:53:37.870Z","2024-10-31T13:47:35.768Z","","","","Overdue","3","24","88","Projeto FV"
"https://app.process.st/runs/nLTghXnqbZv0Zdx7l0NNxA","Provedor Eldorado Telecom Ltda / Elder Carlos Maciel de Almeida AUMENTO NAO HOMOLOGADO - 5637-F","pedro.pantaleao@gaussenergia.com.br group-aa595f0b-d840-4fcb-8407-a22a023e7e0d@process.st","2024-10-30T19:49:59.483Z","2024-10-30T19:58:08.083Z","","","","OnTrack","0","2","88","Projeto FV"
"https://app.process.st/runs/gHd1ZSAUanI0DobUsB5HhQ","Daphne Gabrich Veloza Loula 4494-F","pedro.pantaleao@gaussenergia.com.br group-698ea497-ec60-4bde-b165-b8f9ccbb0cfe@process.st","2021-04-15T19:05:39.200Z","2024-10-30T14:20:00.956Z","","","","Overdue","3","23","88","Projeto FV"
"https://app.process.st/runs/n7jAm7BIDdZ8ZVSDMjtI9A","Condominio Torre de Salerno 7997-F","pedro.pantaleao@gaussenergia.com.br","2022-04-14T13:03:46.772Z","2024-10-30T13:44:36.266Z","","","","Overdue","2","28","88","Projeto FV"
"https://app.process.st/runs/lCFPNFUGeZ3qFm4LbWpHsg","Alfredo Lima de Oliveira - 11568-F","pedro.pantaleao@gaussenergia.com.br group-698ea497-ec60-4bde-b165-b8f9ccbb0cfe@process.st","2024-07-24T18:04:06.032Z","2024-10-30T13:02:50.117Z","","","","Overdue","3","21","88","Projeto FV"
"https://app.process.st/runs/tNU63BIROQqB1IE18I9PZg","Lidia Batista Ferreira de Almeida - 11706-F","pedro.pantaleao@gaussenergia.com.br group-698ea497-ec60-4bde-b165-b8f9ccbb0cfe@process.st","2024-07-29T13:15:40.804Z","2024-10-29T22:36:35.390Z","","","","Overdue","3","21","88","Projeto FV"
"https://app.process.st/runs/ozramPpCihNebqJIKUJL0A","Carlos Roberto Ribeiro Navarro Junior 3 - 11136-F","pedro.pantaleao@gaussenergia.com.br","2024-05-15T13:40:21.838Z","2024-10-29T22:36:18.769Z","","","","Overdue","3","25","88","Projeto FV"
"https://app.process.st/runs/oWoU6JXgi716ZcReI6JLOA","Luiz Brito de Santana AUMENTO NAO HOMOLOGADO 8535-F","pedro.pantaleao@gaussenergia.com.br group-aa595f0b-d840-4fcb-8407-a22a023e7e0d@process.st","2024-10-29T18:08:05.807Z","2024-10-29T18:12:09.592Z","","","","OnTrack","0","2","88","Projeto FV"
"https://app.process.st/runs/uzMBnZ9ybmAUqrGgaF5GPA","Antonio Eduardo de Matos 8469-F","pedro.pantaleao@gaussenergia.com.br group-698ea497-ec60-4bde-b165-b8f9ccbb0cfe@process.st","2022-07-12T16:51:27.632Z","2024-10-29T15:07:54.265Z","","","","Overdue","3","21","88","Projeto FV"
"https://app.process.st/runs/pXKuxXHqa-lbbTp9VkVKHg","Eliton Alves / Adenice 1519-F","raniel.garcia@gaussenergia.com.br","2019-10-10T20:44:10.903Z","2024-10-29T14:03:56.609Z","","","","Overdue","5","20","88","Projeto FV"
"https://app.process.st/runs/kI8ZBc0OsLMjUIixH9xOhA","Ila Cariele Correia Santos - Gildo Almeida Mota 2523-F","","2020-03-06T12:55:38.542Z","2024-10-28T19:56:32.545Z","","","","Overdue","1","29","88","Projeto FV"
"https://app.process.st/runs/iTFwBQO2LrYvEDahkBNJWw","Bruno Braga de Oliveira 3337-F","pedro.pantaleao@gaussenergia.com.br group-698ea497-ec60-4bde-b165-b8f9ccbb0cfe@process.st","2020-06-18T20:27:44.932Z","2024-10-28T19:20:38.176Z","","","","Overdue","1","23","88","Projeto FV"
"https://app.process.st/runs/sezShW-o68YL-TQWh75NZg","11225-F Reino Encantado Escola Creche LTDA","pedro.pantaleao@gaussenergia.com.br group-698ea497-ec60-4bde-b165-b8f9ccbb0cfe@process.st","2024-04-09T14:43:19.351Z","2024-10-28T14:58:10.613Z","","","","Overdue","3","21","88","Projeto FV"
"https://app.process.st/runs/kJOd0Bm3Wmo6652ll3xDjA","Antonio Lomes do Nascimento 7 / Terra Maior 9520-F","pedro.pantaleao@gaussenergia.com.br group-698ea497-ec60-4bde-b165-b8f9ccbb0cfe@process.st","2022-12-19T13:45:06.382Z","2024-10-28T13:23:37.333Z","","","","Overdue","4","24","88","Projeto FV"
"https://app.process.st/runs/tEf0dX1ViHo1x3jpis1DDA","Renato Silva Filho AUMENTO 9309-F","pedro.pantaleao@gaussenergia.com.br group-698ea497-ec60-4bde-b165-b8f9ccbb0cfe@process.st","2024-02-01T14:51:25.544Z","2024-10-28T13:10:47.204Z","","","","Overdue","3","21","88","Projeto FV"
"https://app.process.st/runs/ndwhWoofPe9RBniFfcpCjA","Uilson da Silva Santos AUMENTO 10049-F","pedro.pantaleao@gaussenergia.com.br","2024-07-29T12:43:25.688Z","2024-10-25T13:38:37.912Z","","","","Overdue","3","21","88","Projeto FV"
"https://app.process.st/runs/h7u50rO0qSNoa5Ug3uNACw","Lojas Geocomercial LTDA 1 Irecê - 11521.1-F","pedro.pantaleao@gaussenergia.com.br group-698ea497-ec60-4bde-b165-b8f9ccbb0cfe@process.st","2024-06-11T13:54:09.461Z","2024-10-25T13:38:22.818Z","","","","Overdue","3","21","88","Projeto FV"
"https://app.process.st/runs/ib3gldV-JvanPWSSrHdHUA","Djalma Antonio da Silva - 11616-F","pedro.pantaleao@gaussenergia.com.br group-698ea497-ec60-4bde-b165-b8f9ccbb0cfe@process.st","2024-07-09T18:57:30.734Z","2024-10-25T13:38:04.760Z","","","","Overdue","3","21","88","Projeto FV"
"https://app.process.st/runs/vm1PVta2RvVMyUrwHl5Eyg","Paulo Egle Matos Amaral - 11039-F","pedro.pantaleao@gaussenergia.com.br","2024-05-21T19:20:47.954Z","2024-10-25T13:37:08.127Z","","","","Overdue","2","20","88","Projeto FV"
"https://app.process.st/runs/kGP5PG61lY2A_cTXPI1JjQ","Joao Vitor Queiroz Barreto AUMENTO / Joildo / GC Queiroz 2 2961-F","pedro.pantaleao@gaussenergia.com.br group-698ea497-ec60-4bde-b165-b8f9ccbb0cfe@process.st","2022-11-17T18:02:35.682Z","2024-10-24T18:25:31.048Z","","","","Overdue","3","20","88","Projeto FV"
"https://app.process.st/runs/vO5dNAz-xByOamLB28hKjg","1265-F Neivair Gomes de Souza","","2018-12-10T18:34:44.929Z","2024-10-23T17:35:01.113Z","","","","Overdue","5","18","88","Projeto FV"
"https://app.process.st/runs/tgXvwqR0beXRN8tNqKhPsQ","Danilo Figueiredo Alves Pereira AUMENTO / sistema inicial de outra empresa - 11809-F","pedro.pantaleao@gaussenergia.com.br group-aa595f0b-d840-4fcb-8407-a22a023e7e0d@process.st","2024-10-07T19:36:06.559Z","2024-10-23T15:03:47.305Z","","","","OnTrack","0","14","88","Projeto FV"
"https://app.process.st/runs/uu6fylZswEYXnoftSDBHbA","Supermercado Prakasa 3 2824.3","pedro.pantaleao@gaussenergia.com.br","2019-12-11T22:32:39.371Z","2024-10-23T13:00:33.817Z","","","","Overdue","5","18","88","Projeto FV"
"https://app.process.st/runs/iDEllfG72F0DwbULcWRIyw","Edmundo Pereira Dourado / Aline Kasue 1 - 10622.1-F","pedro.pantaleao@gaussenergia.com.br","2023-12-04T13:42:59.077Z","2024-10-22T13:20:29.026Z","","","","Overdue","2","20","88","Projeto FV"
"https://app.process.st/runs/uj6P0PAo02xxQV5inOZHVg","Murilo Barreto Cantharino - 11475-F","pedro.pantaleao@gaussenergia.com.br group-698ea497-ec60-4bde-b165-b8f9ccbb0cfe@process.st","2024-06-18T14:54:23.704Z","2024-10-21T13:19:09.570Z","","","","Overdue","3","25","88","Projeto FV"
"https://app.process.st/runs/hs9f1QO92TkXtWsLinJE9g","Hernandes dos Anjos Oliveira / Ernandes dos Anjos AUMENTO 5644-F","pedro.pantaleao@gaussenergia.com.br","2024-07-10T13:03:51.210Z","2024-10-19T14:57:53.803Z","","","","Overdue","3","21","88","Projeto FV"
"https://app.process.st/runs/sR9Wqds_uWHPb-q4MGNNuA","Joelma de Miranda Vasques AUMENTO / Iuri Teixeira - 7895-F","pedro.pantaleao@gaussenergia.com.br","2024-05-07T13:34:45.852Z","2024-10-18T14:27:58.623Z","","","","Overdue","3","21","88","Projeto FV"
"https://app.process.st/runs/sVNfkcj7bLCg5ZhIEQ9F5w","Jessica Rocha de Jesus 7549-F","pedro.pantaleao@gaussenergia.com.br","2022-02-11T14:49:42.714Z","2024-10-18T14:17:39.183Z","","","","OnTrack","0","30","88","Projeto FV"
"https://app.process.st/runs/oZD0RZmMfYOBOH2Ip1xA5g","Adailton Barreto Gomes - 11560-F","pedro.pantaleao@gaussenergia.com.br","2024-07-11T13:16:32.883Z","2024-10-17T17:25:20.479Z","","","","Overdue","3","21","88","Projeto FV"
"https://app.process.st/runs/sgbP-5A3GlwZTMRLiwlJiQ","Vaneilza Marques Cardoso - 11392-F","pedro.pantaleao@gaussenergia.com.br","2024-04-26T17:57:05.350Z","2024-10-17T14:58:20.384Z","","","","Overdue","3","21","88","Projeto FV"
"https://app.process.st/runs/i7UEahQvgKifZ4HAUPdO8w","Jose Carlos de Araujo Guerra - 11355-F","pedro.pantaleao@gaussenergia.com.br","2024-05-06T19:38:19.990Z","2024-10-17T14:51:35.596Z","","","","Overdue","3","21","88","Projeto FV"
"https://app.process.st/runs/hYCI7Q01kVJQBqgn2FdK9g","Genildo Alves Brito AUMENTO 4474-F","pedro.pantaleao@gaussenergia.com.br","2024-05-20T18:26:31.785Z","2024-10-16T19:03:31.476Z","","","","Overdue","3","25","88","Projeto FV"
"https://app.process.st/runs/iEYyOQnepk3RfGCbSPdEww","Diogo Peltier de Queiroz - 11064-F","pedro.pantaleao@gaussenergia.com.br","2024-03-19T12:24:55.520Z","2024-10-16T18:48:31.797Z","","","","Overdue","3","21","88","Projeto FV"
"https://app.process.st/runs/nrLt42-jn9QFNM-eMNVC9g","JMA Solar SPE Ltda / Hamburgueria / Serigado AUMENTO NAO HOMOLOGADO 9361-F","pedro.pantaleao@gaussenergia.com.br group-aa595f0b-d840-4fcb-8407-a22a023e7e0d@process.st","2024-10-16T17:01:30.924Z","2024-10-16T17:28:41.515Z","","","","OnTrack","0","2","88","Projeto FV"
"https://app.process.st/runs/uO_FrSr9wiuZg4dNpw1Edg","JMA Solar SPE Ltda / Hamburgueria / Serigado 9361-F","pedro.pantaleao@gaussenergia.com.br group-698ea497-ec60-4bde-b165-b8f9ccbb0cfe@process.st","2022-11-01T19:36:19.173Z","2024-10-16T17:28:18.974Z","","","","Overdue","3","20","88","Projeto FV"
"https://app.process.st/runs/ky9l04kmnhpNtFnOzeJNSQ","JMA Solar SPE Ltda 2 / Galpão A AUMENTO NAO HOMOLOGADO 9361.2-F","pedro.pantaleao@gaussenergia.com.br group-aa595f0b-d840-4fcb-8407-a22a023e7e0d@process.st","2024-10-16T14:33:28.123Z","2024-10-16T14:38:45.883Z","","","","OnTrack","0","2","88","Projeto FV"
"https://app.process.st/runs/r6CgiI_jD07fSDV1AE1Daw","Rilda Araujo de Menezes - 11473-F","pedro.pantaleao@gaussenergia.com.br group-698ea497-ec60-4bde-b165-b8f9ccbb0cfe@process.st","2024-07-11T14:44:19.036Z","2024-10-16T13:36:30.461Z","","","","Overdue","3","21","88","Projeto FV"
"https://app.process.st/runs/gsEWmSye_h0XR1v04XtP1A","3172.2-F Angelika Huttner","pedro.pantaleao@gaussenergia.com.br","2022-02-14T14:34:38.542Z","2024-10-15T19:45:26.903Z","","","","Overdue","1","30","88","Projeto FV"
"https://app.process.st/runs/m4UzSYZLcf8gaTkXxERKVw","Caique Santos Tome Dourado - 11684-F","pedro.pantaleao@gaussenergia.com.br group-698ea497-ec60-4bde-b165-b8f9ccbb0cfe@process.st","2024-07-24T18:46:36.024Z","2024-10-15T14:58:35.424Z","","","","Overdue","2","20","88","Projeto FV"
"https://app.process.st/runs/ug4PjAgPt8Eiuotd3AtJ2w","Maria Dantas Lima Ribeiro de Sousa - 11589-F","pedro.pantaleao@gaussenergia.com.br","2024-07-09T11:41:08.717Z","2024-10-15T14:58:15.163Z","","","","Overdue","3","21","88","Projeto FV"
"https://app.process.st/runs/rJ9-Ll0fov1m_BzPMQxPrw","Josane Cardoso Alves dos Santos - 11555-F","pedro.pantaleao@gaussenergia.com.br group-698ea497-ec60-4bde-b165-b8f9ccbb0cfe@process.st","2024-07-05T12:00:24.170Z","2024-10-15T14:58:03.371Z","","","","Overdue","3","21","88","Projeto FV"
"https://app.process.st/runs/syPQeN-RbXvzd8TR6Z5BgA","Gecilda Andrade Brito Rios AUMENTO - 7052-F","pedro.pantaleao@gaussenergia.com.br","2024-06-17T13:19:21.187Z","2024-10-15T14:57:43.740Z","","","","Overdue","3","21","88","Projeto FV"
"https://app.process.st/runs/g_MghUQ5nipmO6bQ5YpGMA","Bysbom Industria e Comercio de Sorvetes LTDA EPP AUMENTO - 10132.2-F","pedro.pantaleao@gaussenergia.com.br","2023-12-18T15:11:30.002Z","2024-10-15T14:49:28.202Z","","","","Overdue","3","21","88","Projeto FV"
"https://app.process.st/runs/sebbj4GGU4M0RF3ErTFDWA","Edmarcos Novaes dos Anjos - 10068-F","pedro.pantaleao@gaussenergia.com.br","2023-07-05T17:11:25.578Z","2024-10-15T13:19:37.001Z","","","","Overdue","3","22","88","Projeto FV"
"https://app.process.st/runs/r_zD3mUG0oQf6FsUyw9JNg","Licia Rodrigues / Manoel AUMENTO 7627-F","pedro.pantaleao@gaussenergia.com.br group-698ea497-ec60-4bde-b165-b8f9ccbb0cfe@process.st","2024-07-19T14:55:55.563Z","2024-10-13T13:39:36.213Z","","","","Overdue","3","21","88","Projeto FV"
"https://app.process.st/runs/k-_mRzCvGWRHIWDGNpdBlQ","Igreja Batista Lirio dos Vales 7811-F","pedro.pantaleao@gaussenergia.com.br","2022-02-22T13:15:36.700Z","2024-10-10T17:05:29.767Z","","","","Overdue","2","21","88","Projeto FV"
"https://app.process.st/runs/g_Cla4PTnmpYEQ-x4G1LFw","Fatima Santiago de Oliveira - 11213-F","pedro.pantaleao@gaussenergia.com.br group-698ea497-ec60-4bde-b165-b8f9ccbb0cfe@process.st","2024-04-11T18:21:36.983Z","2024-10-10T13:40:49.304Z","","","","Overdue","3","21","88","Projeto FV"
"https://app.process.st/runs/keK__aU5ERITQzQNd8lEaA","Dival Sebastião Gama de Souza Junior 2 - 11559-F","pedro.pantaleao@gaussenergia.com.br group-698ea497-ec60-4bde-b165-b8f9ccbb0cfe@process.st","2024-07-05T14:07:32.985Z","2024-10-10T13:09:57.187Z","","","","Overdue","3","25","88","Projeto FV"
"https://app.process.st/runs/liaCx_Emwf1Pc5SDe6BBLQ","Luiz Antonio Pimenta Lima 9251-F","pedro.pantaleao@gaussenergia.com.br","2022-11-25T19:44:05.911Z","2024-10-10T12:27:05.766Z","","","","Overdue","3","25","88","Projeto FV"
"https://app.process.st/runs/ieyoXaaaiDXEkGHB3whG8w","Primeira Igreja Batista em Xique-Xique 1527-F","pedro.pantaleao@gaussenergia.com.br","2020-12-04T14:13:57.525Z","2024-10-10T11:54:05.497Z","","","","Overdue","3","21","88","Projeto FV"
"https://app.process.st/runs/h3_kKSN976YYEYdrh05OZA","Jose Muniz Rebouças / Felippe Bittencourt 1 3716.1-F","pedro.pantaleao@gaussenergia.com.br group-698ea497-ec60-4bde-b165-b8f9ccbb0cfe@process.st","2020-09-10T14:41:33.048Z","2024-10-09T20:55:01.885Z","","","","Overdue","1","25","88","Projeto FV"
"https://app.process.st/runs/sCRA2c9Sk9_4wV0v1cBOcg","Gleidison Antonio de Araujo 2 - 10259-F","pedro.pantaleao@gaussenergia.com.br group-698ea497-ec60-4bde-b165-b8f9ccbb0cfe@process.st","2023-09-21T17:06:37.606Z","2024-10-09T12:41:19.524Z","","","","Overdue","3","22","88","Projeto FV"
"https://app.process.st/runs/mF-0MxW3W3G4HTLB2RxOtg","Jose Bastos da Silva Nery - 11496-F","pedro.pantaleao@gaussenergia.com.br group-aa595f0b-d840-4fcb-8407-a22a023e7e0d@process.st","2024-05-29T14:11:55.091Z","2024-10-08T18:01:11.056Z","","","","Overdue","1","19","88","Projeto FV"
"https://app.process.st/runs/sk20eyQDEGswnyQbpFVHxg","Jose Reinaldo Lisboa de Oliveira - 10088-F","pedro.pantaleao@gaussenergia.com.br","2024-07-16T11:41:48.591Z","2024-10-08T15:12:36.090Z","","","","Overdue","2","20","88","Projeto FV"
"https://app.process.st/runs/m3sN2fZv_PosOiqHqpNCPA","Erica Barbosa Noronha - Renato Sundin Pereira - Fátima Barbosa - 10296","pedro.pantaleao@gaussenergia.com.br group-698ea497-ec60-4bde-b165-b8f9ccbb0cfe@process.st","2024-03-22T19:19:08.044Z","2024-10-08T12:39:00.233Z","","","","Overdue","3","22","88","Projeto FV"
"https://app.process.st/runs/scb6B4ceAhZJ9qU4_GRGTw","Ailton Mascarenhas 1542-F","","2018-12-10T18:34:57.750Z","2024-10-07T18:47:17.989Z","","","","Overdue","4","20","88","Projeto FV"
"https://app.process.st/runs/gP85l3L0D-V4tDjeUJ5C0A","Marcia Raquel Oliveira de Souza MUDANÇA DE SISTEMA - 10649-F","pedro.pantaleao@gaussenergia.com.br","2024-07-11T12:50:52.084Z","2024-10-05T13:12:16.600Z","","","","Overdue","2","20","88","Projeto FV"
"https://app.process.st/runs/uUm0ZHr50iTAky45IXNFFQ","Daniela Santos Tosta - 11093-F","pedro.pantaleao@gaussenergia.com.br","2024-05-16T19:54:52.462Z","2024-10-05T13:12:01.846Z","","","","Overdue","3","21","88","Projeto FV"
"https://app.process.st/runs/gWRBFeSgwQduSzVxQT1LMg","Jose Gilvan Gama de Jesus Dias - 11321-F","pedro.pantaleao@gaussenergia.com.br group-698ea497-ec60-4bde-b165-b8f9ccbb0cfe@process.st","2024-05-22T19:32:14.267Z","2024-10-04T12:44:11.002Z","","","","Overdue","3","21","88","Projeto FV"
"https://app.process.st/runs/l4V4lPZapm8vMU2BeWFHmw","Tiago Silva Seixas LTDA - 11478-F","pedro.pantaleao@gaussenergia.com.br group-698ea497-ec60-4bde-b165-b8f9ccbb0cfe@process.st","2024-05-29T13:42:17.600Z","2024-10-04T12:43:55.703Z","","","","Overdue","3","21","88","Projeto FV"
"https://app.process.st/runs/qWZ94f_KJE3cgl6AHehKtg","Laura Lothhammer Wrasse 3 - 11643-F","pedro.pantaleao@gaussenergia.com.br","2024-07-16T11:46:31.424Z","2024-10-04T12:43:39.760Z","","","","Overdue","2","20","88","Projeto FV"
"https://app.process.st/runs/jAZ2DneZD1riHPRCdzhDyg","Adao Anunciaçao de Oliveira / Salgados da Familia LTDA 6235-F","group-698ea497-ec60-4bde-b165-b8f9ccbb0cfe@process.st","2021-10-08T19:28:31.788Z","2024-10-04T12:17:02.221Z","","","","Overdue","3","22","88","Projeto FV"
"https://app.process.st/runs/oP_Xzp_KPkh6GTOMCdZBmg","Alba Pinchemel Cotrim 2477-F","pedro.pantaleao@gaussenergia.com.br group-698ea497-ec60-4bde-b165-b8f9ccbb0cfe@process.st","2021-04-24T15:09:17.759Z","2024-10-04T12:10:16.870Z","","","","Overdue","3","22","88","Projeto FV"
"https://app.process.st/runs/l67BeujCn6-g6LThuFpMlg","Nao usar","pedro.pantaleao@gaussenergia.com.br","2024-10-02T18:34:29.270Z","2024-10-03T17:33:15.832Z","","","","OnTrack","0","0","88","Projeto FV"
"https://app.process.st/runs/qyqXWawFTWcqCm5Z2DBAog","Bahia Oriental 1 / A M A dos Santos / Antonio Marcos Alves dos Santos 3025.1-F","pedro.pantaleao@gaussenergia.com.br group-698ea497-ec60-4bde-b165-b8f9ccbb0cfe@process.st group-aa595f0b-d840-4fcb-8407-a22a023e7e0d@process.st","2022-02-07T14:52:17.286Z","2024-10-03T14:48:24.019Z","","","","OnTrack","0","4","88","Projeto FV"
"https://app.process.st/runs/nT9woRD_qR8AFT0dB5xHtw","Arivaldo Ribeiro Falcao - 11531-F","pedro.pantaleao@gaussenergia.com.br","2024-06-12T16:53:07.080Z","2024-10-03T13:21:57.585Z","","","","Overdue","3","21","88","Projeto FV"
"https://app.process.st/runs/oabUe_ohn9rK6QKCJMZILw","4390-F Sergio Roberto Oliveira Libonati","pedro.pantaleao@gaussenergia.com.br","2021-09-10T20:03:40.015Z","2024-10-03T12:35:40.923Z","","","","Overdue","3","21","88","Projeto FV"
"https://app.process.st/runs/miGDBhE5frwVZTpNg8RH0Q","Holistica Provedor Internet LTDA 1 - 10010-F","pedro.pantaleao@gaussenergia.com.br","2023-12-15T14:38:02.115Z","2024-10-01T17:54:00.165Z","","","","Overdue","3","21","88","Projeto FV"
"https://app.process.st/runs/ubm1kb1QmlBG8NctSkhHEw","Izabela Pugas Paim - 9766-F","pedro.pantaleao@gaussenergia.com.br","2024-02-26T13:22:52.197Z","2024-10-01T12:32:52.931Z","","","","Overdue","3","21","88","Projeto FV"
"https://app.process.st/runs/oWA9JKz3qc7ulk0s62xBpA","Samuel Floriano Ferreira de Almeida LTDA - 10739-F","pedro.pantaleao@gaussenergia.com.br group-698ea497-ec60-4bde-b165-b8f9ccbb0cfe@process.st","2024-01-17T17:11:23.833Z","2024-09-30T17:22:53.991Z","","","","Overdue","3","21","88","Projeto FV"
"https://app.process.st/runs/plGv-qwivzARYpbnUQlKrw","Jeone Jose do Nascimento - 9050-F","pedro.pantaleao@gaussenergia.com.br group-698ea497-ec60-4bde-b165-b8f9ccbb0cfe@process.st","2024-07-08T13:37:16.710Z","2024-09-30T17:22:39.628Z","","","","Overdue","3","21","88","Projeto FV"
"https://app.process.st/runs/hQOmiXBPh5cFbDpHfTZCrg","Rogerio Cleber Dias Viana - 10794-F","pedro.pantaleao@gaussenergia.com.br group-aa595f0b-d840-4fcb-8407-a22a023e7e0d@process.st","2024-02-02T14:15:08.068Z","2024-09-30T12:42:08.220Z","","","","OnTrack","0","13","88","Projeto FV"
"https://app.process.st/runs/r-oxHPNevIpXNWDOgNFCmg","Eduardo Teixeira de Carvalho 8466-F","pedro.pantaleao@gaussenergia.com.br","2022-07-01T14:03:46.645Z","2024-09-25T13:55:31.679Z","","","","Overdue","3","22","88","Projeto FV"
"https://app.process.st/runs/uraC2BpvWmuVu_WqEB5Ngw","Rouzani Pereira Barreto de Figueiredo 2 AUMENTO / Supermercado Estrela de Davi 2 / David Rodrigues 8290-F","pedro.pantaleao@gaussenergia.com.br group-aa595f0b-d840-4fcb-8407-a22a023e7e0d@process.st","2024-07-04T13:27:48.388Z","2024-09-24T19:24:50.338Z","","","","Overdue","1","20","88","Projeto FV"
"https://app.process.st/runs/pPVPDLCTc5EIPvnNGjJI4Q","Marcelo Dantas Veiga AUMENTO NAO HOMOLOGADO - 3759-F","pedro.pantaleao@gaussenergia.com.br group-aa595f0b-d840-4fcb-8407-a22a023e7e0d@process.st","2024-09-24T14:55:28.276Z","2024-09-24T15:10:59.088Z","","","","OnTrack","0","2","88","Projeto FV"
"https://app.process.st/runs/g8nRVgatbHb-260US6tMiA","Marcelo Dantas Veiga 3759-F","pedro.pantaleao@gaussenergia.com.br","2020-09-21T18:19:51.511Z","2024-09-24T14:58:45.418Z","","","","Overdue","3","20","88","Projeto FV"
"https://app.process.st/runs/iuhZe27HbZIZ5ySK6OZDIA","Tyciana Miranda Maia - Sued - 10747-F","pedro.pantaleao@gaussenergia.com.br","2024-01-10T18:00:58.319Z","2024-09-24T13:34:16.549Z","","","","Overdue","3","22","88","Projeto FV"
"https://app.process.st/runs/mnHyIZuTH_CgDFmk3RxF6w","Marcos Froes Negreiros Falcao - 7536-F","pedro.pantaleao@gaussenergia.com.br","2022-01-25T13:54:11.865Z","2024-09-23T12:50:16.130Z","","","","Overdue","3","21","88","Projeto FV"
"https://app.process.st/runs/rcvWq_feckQVi0P1DaBJog","Hercules Reubens de Oliveira 5564-F","","2021-06-18T14:22:21.923Z","2024-09-23T12:43:48.502Z","","","","Overdue","3","23","88","Projeto FV"
"https://app.process.st/runs/i02BKDzHEbKEul9aP-lNcA","José Antonio dos Santos 2876-F","pedro.pantaleao@gaussenergia.com.br group-698ea497-ec60-4bde-b165-b8f9ccbb0cfe@process.st","2020-03-19T14:11:43.070Z","2024-09-23T12:26:39.176Z","","","","Overdue","2","27","88","Projeto FV"
"https://app.process.st/runs/hyt6LPNEg0sUtZe2VJhCCA","Jose Antonio dos Santos 2 / Realocação do sistema 1 2876.2-F","pedro.pantaleao@gaussenergia.com.br group-698ea497-ec60-4bde-b165-b8f9ccbb0cfe@process.st group-aa595f0b-d840-4fcb-8407-a22a023e7e0d@process.st","2021-10-29T20:00:30.948Z","2024-09-23T12:26:33.216Z","","","","OnTrack","0","14","88","Projeto FV"
"https://app.process.st/runs/ij8LCoWGpsWxTsCSJ6lIOQ","Augusto Carlos Torres AUMENTO DE PROJETO TERCEIRO - 11491-F","pedro.pantaleao@gaussenergia.com.br","2024-06-05T19:10:12.119Z","2024-09-22T17:05:14.808Z","","","","Overdue","3","21","88","Projeto FV"
"https://app.process.st/runs/gz85xOaNU7dV51sw2wRLew","Ione Ivete Carapia Santos - 11033-F","pedro.pantaleao@gaussenergia.com.br","2024-05-21T14:03:54.243Z","2024-09-20T19:40:06.282Z","","","","Overdue","3","21","88","Projeto FV"
"https://app.process.st/runs/i3tkZON0QcK6nRkIrC9Psg","Iara Lacerda Sampaio - 11118-F","pedro.pantaleao@gaussenergia.com.br","2024-04-19T14:47:25.838Z","2024-09-20T19:39:45.164Z","","","","Overdue","2","20","88","Projeto FV"
"https://app.process.st/runs/h8slf8A9Rwq4iWAecC5PVA","Marleide Fernandes do Nascimento - 11155-F","pedro.pantaleao@gaussenergia.com.br group-698ea497-ec60-4bde-b165-b8f9ccbb0cfe@process.st","2024-06-11T14:09:52.626Z","2024-09-20T12:42:29.438Z","","","","Overdue","3","20","88","Projeto FV"
"https://app.process.st/runs/nISoVie9d-jsbmznHDtIig","Patricia Queiroz da Cunha Vitoria / Jose Carlos M da Vitoria 8801-F","pedro.pantaleao@gaussenergia.com.br group-698ea497-ec60-4bde-b165-b8f9ccbb0cfe@process.st","2022-08-12T13:48:10.164Z","2024-09-19T13:35:46.046Z","","","","Overdue","1","23","88","Projeto FV"
"https://app.process.st/runs/grZAdq6uk7E95Jn0tUBMxQ","3693-F Ronald Sampaio","pedro.pantaleao@gaussenergia.com.br","2020-09-01T13:37:16.650Z","2024-09-18T14:11:06.469Z","","","","OnTrack","0","23","88","Projeto FV"
"https://app.process.st/runs/vzLirAYVjhKGh2aRs8dOyA","George Santana Figueiredo / Damiana Bastos - 10959-F","pedro.pantaleao@gaussenergia.com.br group-698ea497-ec60-4bde-b165-b8f9ccbb0cfe@process.st","2024-02-09T14:56:02.675Z","2024-09-18T13:09:40.768Z","","","","Overdue","3","22","88","Projeto FV"
"https://app.process.st/runs/pZVJceA0CHBpjTULDuxNmQ","Anailton Ribeiro Marques 1909-F","pedro.pantaleao@gaussenergia.com.br","2019-10-03T18:57:48.147Z","2024-09-18T12:41:22.800Z","","","","Overdue","5","19","88","Projeto FV"
"https://app.process.st/runs/sw4rRj1ZoDfxz8AbMrRF2A","Panificadora Martins / Reginaldo Martins 1 1697.1-F","pedro.pantaleao@gaussenergia.com.br","2019-01-30T15:02:04.960Z","2024-09-17T17:57:39.566Z","","","","Overdue","4","18","88","Projeto FV"
"https://app.process.st/runs/poyutLRtLiJAZZOIV4xNhA","Mabel Sodre Costa Sousa - 4063-F","pedro.pantaleao@gaussenergia.com.br","2021-04-16T19:41:58.128Z","2024-09-16T17:40:59.888Z","","","","Overdue","3","23","88","Projeto FV"
"https://app.process.st/runs/uluhddMwlZv5ThvHu_FACg","Vanes da Silva AUMENTO - 799-F","pedro.pantaleao@gaussenergia.com.br","2024-05-27T13:53:47.692Z","2024-09-16T14:31:30.732Z","","","","Overdue","2","20","88","Projeto FV"
"https://app.process.st/runs/gGvoj7TC2jzPauTP9cFCvw","Jorge Pereira Teles 4 - Fazenda Agroverde AUMENTO NAO HOMOLOGADO 2 8233-F","pedro.pantaleao@gaussenergia.com.br group-aa595f0b-d840-4fcb-8407-a22a023e7e0d@process.st","2024-02-19T13:49:47.385Z","2024-09-16T13:12:55.720Z","","","","OnTrack","0","2","88","Projeto FV"
"https://app.process.st/runs/joRqNfOBs3l695NefhJBVg","Jorge Pereira Teles 4 - Fazenda Agroverde AUMENTO NAO HOMOLOGADO 8233-F","pedro.pantaleao@gaussenergia.com.br group-aa595f0b-d840-4fcb-8407-a22a023e7e0d@process.st","2023-05-22T17:46:07.006Z","2024-09-16T13:09:43.532Z","","","","OnTrack","0","1","88","Projeto FV"
"https://app.process.st/runs/pxloPk4TtHjZgYgkUsBEkA","Egle Raoni de Brito Montenegro - 10169-F","pedro.pantaleao@gaussenergia.com.br group-aa595f0b-d840-4fcb-8407-a22a023e7e0d@process.st","2024-01-29T13:30:35.040Z","2024-09-16T12:38:54.857Z","","","","OnTrack","0","13","88","Projeto FV"
"https://app.process.st/runs/hZpxjaN5cWVfnHznDRBCwA","Darilene Bispo Oliveira de Araujo 10142-F","pedro.pantaleao@gaussenergia.com.br","2023-07-04T19:19:40.360Z","2024-09-16T12:30:39.752Z","","","","Overdue","3","22","88","Projeto FV"
"https://app.process.st/runs/vj3xIPwPMPsVH8s1tQdE5g","Raimundo Ney Carneiro Pimenta - 10195-F","pedro.pantaleao@gaussenergia.com.br","2023-08-21T14:24:23.158Z","2024-09-16T12:21:07.859Z","","","","Overdue","3","21","88","Projeto FV"
"https://app.process.st/runs/nbEhJoAWBLnAi0oH4spC2w","Katia Santana Kraychete - 10997-F","pedro.pantaleao@gaussenergia.com.br","2024-04-12T17:51:18.816Z","2024-09-14T14:27:38.790Z","","","","Overdue","3","25","88","Projeto FV"
"https://app.process.st/runs/gA6aGcC-LQ7Vd4Vskx9JBw","Marcos Duarte Guimaraes - 11512-F","pedro.pantaleao@gaussenergia.com.br group-698ea497-ec60-4bde-b165-b8f9ccbb0cfe@process.st","2024-06-13T19:09:04.249Z","2024-09-14T14:27:15.344Z","","","","Overdue","3","25","88","Projeto FV"
"https://app.process.st/runs/jaGpeMTy-gCt5WB2EA9IPQ","Lucas Dourado Barreto - 11737-F","pedro.pantaleao@gaussenergia.com.br group-698ea497-ec60-4bde-b165-b8f9ccbb0cfe@process.st group-aa595f0b-d840-4fcb-8407-a22a023e7e0d@process.st","2024-08-13T19:17:31.275Z","2024-09-13T14:03:23.289Z","","","","OnTrack","0","14","88","Projeto FV"
"https://app.process.st/runs/hzQBnzqBcMKB1apr69VC6w","Esvaldo Vasconcelos Brandao / Paulo Linhares - 10404-F","pedro.pantaleao@gaussenergia.com.br","2023-10-17T14:23:37.260Z","2024-09-12T19:26:15.661Z","","","","Overdue","2","20","88","Projeto FV"
"https://app.process.st/runs/mHqFYXRuFhbccof5zhtN9g","Fernando Macario de Oliveira - 10658-F","pedro.pantaleao@gaussenergia.com.br","2024-01-19T18:16:24.607Z","2024-09-12T19:25:42.633Z","","","","Overdue","2","24","88","Projeto FV"
"https://app.process.st/runs/tQV4yC_DBbMZSjBrfgVAvQ","Virgilio Ribeiro dos Santos 2613-F","pedro.pantaleao@gaussenergia.com.br group-698ea497-ec60-4bde-b165-b8f9ccbb0cfe@process.st","2019-09-23T19:27:49.912Z","2024-09-12T18:49:34.555Z","","","","Overdue","5","21","88","Projeto FV"
"https://app.process.st/runs/k0Y0AQeob0HXARLgz7tKNw","Camila Martins Ferreira - 11314-F","pedro.pantaleao@gaussenergia.com.br","2024-04-23T18:02:55.964Z","2024-09-12T13:42:06.032Z","","","","Overdue","3","21","88","Projeto FV"
"https://app.process.st/runs/vBP8PcYvwpJPpdXo1PZGEA","Mauricio Nogueira da Silva - 10740-F","pedro.pantaleao@gaussenergia.com.br","2024-01-10T18:37:19.993Z","2024-09-10T18:56:34.448Z","","","","Overdue","3","21","88","Projeto FV"
"https://app.process.st/runs/h0vmfhem0uE0UIMaIc5LGg","Maria Rita Oliveira Rodrigues / Antonio Carlos 9190-F","","2022-10-05T17:21:05.366Z","2024-09-10T18:31:29.719Z","","","","Overdue","3","21","88","Projeto FV"
"https://app.process.st/runs/gW4Aedk5a-UVNYBBrwNC6w","Salomão Alves Forte 2740-F","pedro.pantaleao@gaussenergia.com.br","2019-10-25T20:44:46.320Z","2024-09-10T14:57:07.050Z","","","","Overdue","5","22","88","Projeto FV"
"https://app.process.st/runs/mOFGUKY7lmfhpSqIv8NGJw","Robinson Moreira Tenorio 6295-F","pedro.pantaleao@gaussenergia.com.br group-698ea497-ec60-4bde-b165-b8f9ccbb0cfe@process.st","2021-10-01T18:04:01.945Z","2024-09-10T14:52:40.178Z","","","","Overdue","3","26","88","Projeto FV"
"https://app.process.st/runs/gdQLxaqJ4kzAbU54XCxDig","Rangel da Silva Freitas / Adelmicio 1850-F","pedro.pantaleao@gaussenergia.com.br group-698ea497-ec60-4bde-b165-b8f9ccbb0cfe@process.st","2021-03-25T12:20:17.591Z","2024-09-10T13:15:04.763Z","","","","Overdue","3","23","88","Projeto FV"
"https://app.process.st/runs/gV-5oXkcuBYeOQiNh4hMiA","José Muniz Rebouças / Felippe Bittencourt 2 3716.2-F","pedro.pantaleao@gaussenergia.com.br","2020-09-14T19:59:51.642Z","2024-09-09T19:15:30.911Z","","","","OnTrack","0","20","88","Projeto FV"
"https://app.process.st/runs/uLOHb8xwSFoYFcK1BWJFVA","Andre Luis Sodre de Araujo / IEB Instituto E Barramendense 7990-F","pedro.pantaleao@gaussenergia.com.br group-698ea497-ec60-4bde-b165-b8f9ccbb0cfe@process.st","2022-09-06T14:34:37.150Z","2024-09-09T19:03:37.693Z","","","","Overdue","3","21","88","Projeto FV"
"https://app.process.st/runs/p5pqe1XVPS0Rc1eZDptMqg","Jose Aureo de Oliveira AUMENTO NAO HOMOLOGADO 7636-F","pedro.pantaleao@gaussenergia.com.br group-aa595f0b-d840-4fcb-8407-a22a023e7e0d@process.st","2024-09-09T18:18:08.997Z","2024-09-09T18:26:44.643Z","","","","OnTrack","0","2","88","Projeto FV"
"https://app.process.st/runs/t0zjuvJz3_U9Ynb7RFRGdA","Jose Aureo de Oliveira 7636-F","pedro.pantaleao@gaussenergia.com.br","2021-12-13T13:26:02.800Z","2024-09-09T18:19:27.573Z","","","","Overdue","2","24","88","Projeto FV"
"https://app.process.st/runs/gJr2RBMn_s_STHp0BPlEmA","Industria de Gesso Universo Eireli EPP AUMENTO - 095-F","pedro.pantaleao@gaussenergia.com.br","2023-11-24T15:01:03.788Z","2024-09-09T17:06:06.729Z","","","","Overdue","2","23","88","Projeto FV"
"https://app.process.st/runs/kfMlZMwt7nUMq2-fOeVAkg","Plus Vida Distribuidora de Alimentos e Embalagens LTDA - 11233-F","pedro.pantaleao@gaussenergia.com.br group-698ea497-ec60-4bde-b165-b8f9ccbb0cfe@process.st group-aa595f0b-d840-4fcb-8407-a22a023e7e0d@process.st","2024-05-13T13:11:05.895Z","2024-09-07T13:33:19.306Z","","","","Overdue","4","20","88","Projeto FV"
"https://app.process.st/runs/i74vteQ6AO-Fk8TXcdtKSg","Renata Rodrigues de Oliveira / Thiago Sposito 8511-F","pedro.pantaleao@gaussenergia.com.br","2022-09-27T20:55:10.394Z","2024-09-06T14:58:20.452Z","","","","Overdue","3","21","88","Projeto FV"
"https://app.process.st/runs/gPTJKZxbuEELcaJX5EtEaw","Pedro Anderson Neri de Souza - 10139-F","pedro.pantaleao@gaussenergia.com.br","2024-02-05T12:51:14.883Z","2024-09-06T14:54:25.454Z","","","","Overdue","2","20","88","Projeto FV"
"https://app.process.st/runs/gO8Xxz1mrF8mYb9tmCRP7A","Orlando Imbassahy da Silva Filho 1 - 10632.1-F","pedro.pantaleao@gaussenergia.com.br group-698ea497-ec60-4bde-b165-b8f9ccbb0cfe@process.st","2024-02-28T19:41:18.291Z","2024-09-06T13:03:13.303Z","","","","Overdue","2","20","88","Projeto FV"
"https://app.process.st/runs/ivkYGtDb0C12lZ-w6GBNTg","Ederson Barreto de Souza 6114-F","","2021-07-22T18:39:52.443Z","2024-09-04T17:12:25.215Z","","","","Overdue","3","23","88","Projeto FV"
"https://app.process.st/runs/vEblS_pcE58ChCxVAWpBlQ","Availton dos Santos Lima AUMENTO - 1434-F","pedro.pantaleao@gaussenergia.com.br","2024-03-26T19:49:33.538Z","2024-09-03T13:01:31.353Z","","","","Overdue","3","21","88","Projeto FV"
"https://app.process.st/runs/iqr0_h4ZowxBPNCGYB9MvA","Mauro Roberto dos Reis Azi 2 / Centro - 10731.2-F","pedro.pantaleao@gaussenergia.com.br group-698ea497-ec60-4bde-b165-b8f9ccbb0cfe@process.st","2024-04-17T17:37:04.234Z","2024-09-02T12:11:46.386Z","","","","Overdue","3","21","88","Projeto FV"
"https://app.process.st/runs/j53AuMf9L6r7_JIHriRI1g","Jose Rogerio do Nascimento Araujo - 10902-F","pedro.pantaleao@gaussenergia.com.br group-698ea497-ec60-4bde-b165-b8f9ccbb0cfe@process.st","2024-04-10T18:11:50.118Z","2024-09-02T12:10:10.444Z","","","","Overdue","3","21","88","Projeto FV"
"https://app.process.st/runs/l1cb94mu3C4zFRisLYZEyg","Pedro Fernando Solon Ferreira da Silva - 11060-F","pedro.pantaleao@gaussenergia.com.br group-698ea497-ec60-4bde-b165-b8f9ccbb0cfe@process.st","2024-03-20T19:32:52.063Z","2024-09-02T12:09:50.726Z","","","","Overdue","3","21","88","Projeto FV"
"https://app.process.st/runs/qR_EZE89w2kClnnWZ7ZJ3w","Glaubia Erica Pereira Neiva - 11511-F","pedro.pantaleao@gaussenergia.com.br","2024-06-03T17:21:28.273Z","2024-09-02T12:09:20.477Z","","","","Overdue","3","21","88","Projeto FV"
"https://app.process.st/runs/sRS3iWOhn_mCCquigkFL4w","Marcelo Antonio Goncalves Conceicao - 11022-F","pedro.pantaleao@gaussenergia.com.br group-698ea497-ec60-4bde-b165-b8f9ccbb0cfe@process.st","2024-04-16T19:39:02.334Z","2024-09-02T12:08:20.384Z","","","","Overdue","3","25","88","Projeto FV"
"https://app.process.st/runs/pNxy5Z1vvpq8DZturA1IBQ","Givaldo Soares dos Reis - 11582-F","pedro.pantaleao@gaussenergia.com.br group-aa595f0b-d840-4fcb-8407-a22a023e7e0d@process.st","2024-08-29T17:31:44.512Z","2024-08-30T16:05:53.201Z","","","","OnTrack","0","4","88","Projeto FV"
"https://app.process.st/runs/n7hy0lfnjW5_GuziQOpE3w","Antonio Haruo Nishizima / Olimpus Serviços LTDA - 10302-F","pedro.pantaleao@gaussenergia.com.br group-698ea497-ec60-4bde-b165-b8f9ccbb0cfe@process.st","2023-09-22T19:15:01.681Z","2024-08-29T19:02:06.800Z","","","","Overdue","3","22","88","Projeto FV"
"https://app.process.st/runs/ot9V7CgzIVLspQiOMMtI7Q","Simone Pereira Leite  10276-F","pedro.pantaleao@gaussenergia.com.br group-698ea497-ec60-4bde-b165-b8f9ccbb0cfe@process.st","2023-09-14T16:49:28.395Z","2024-08-28T18:13:50.827Z","","","","Overdue","2","20","88","Projeto FV"
"https://app.process.st/runs/qZfAhXFo3cqTUOFEtt9Pdw","Pablo Angelo da Silva 5588-F","pedro.pantaleao@gaussenergia.com.br","2021-06-08T19:02:01.439Z","2024-08-28T13:25:09.616Z","","","","Overdue","2","25","88","Projeto FV"
"https://app.process.st/runs/hpNu0A-aB_U0myDY7WVMDw","Super Adega 2 / Artur Felipe 2735.2-F","raniel.garcia@gaussenergia.com.br","2019-12-02T17:34:33.463Z","2024-08-28T13:14:57.442Z","","","","Overdue","5","20","88","Projeto FV"
"https://app.process.st/runs/hAv---_sQuH_0LVoQJtE0A","Super Adega 3 / Artur Felipe 2735.3-F","raniel.garcia@gaussenergia.com.br","2019-12-02T17:34:52.313Z","2024-08-28T13:14:36.983Z","","","","Overdue","5","22","88","Projeto FV"
"https://app.process.st/runs/lSlc-Gf9kmUzSeZx5ilJpw","Celso Pinto AUMENTO NAO HOMOLGOADO / Kariane - 3041-F","pedro.pantaleao@gaussenergia.com.br group-aa595f0b-d840-4fcb-8407-a22a023e7e0d@process.st","2024-08-27T13:10:45.287Z","2024-08-27T13:15:17.181Z","","","","OnTrack","0","2","88","Projeto FV"
"https://app.process.st/runs/i_MtvUx5ONWnUoHtBBFPTw","Vera Lucia Lopes dos Santos Dourado 9776-F","pedro.pantaleao@gaussenergia.com.br group-698ea497-ec60-4bde-b165-b8f9ccbb0cfe@process.st","2023-02-15T18:19:53.180Z","2024-08-26T13:51:11.595Z","","","","Overdue","3","21","88","Projeto FV"
"https://app.process.st/runs/ugYCC7xOUmhRNg57sGFPkg","Celso Pinto / Kariane - 3041-F","pedro.pantaleao@gaussenergia.com.br","2020-08-20T16:34:21.203Z","2024-08-26T13:13:38.693Z","","","","OnTrack","0","22","88","Projeto FV"
"https://app.process.st/runs/uByK0AwRP3Q8ocWhycZOSw","Rafael Dias Oliveira 2  -> Adenilton Silva de Jesus  9870-F","pedro.pantaleao@gaussenergia.com.br","2023-04-03T14:28:26.157Z","2024-08-23T14:11:16.143Z","","","","Overdue","2","21","88","Projeto FV"
"https://app.process.st/runs/qcWYvkW9ux9D-9un3WNDvQ","Maria Antonia - Fase 2 868.2-F","gabriel@gaussenergia.com.br","2019-02-07T19:57:23.578Z","2024-08-21T17:44:52.697Z","","","","OnTrack","0","0","88","Projeto FV"
"https://app.process.st/runs/liLD05RgkhIRQ1p81UBLXA","Diogo Peltier de Queiroz AUMENTO NAO HOMOLOGADO - 11064-F","pedro.pantaleao@gaussenergia.com.br group-aa595f0b-d840-4fcb-8407-a22a023e7e0d@process.st","2024-08-20T19:33:33.300Z","2024-08-20T19:44:47.447Z","","","","OnTrack","0","2","88","Projeto FV"
"https://app.process.st/runs/soAF-eHStyMi09-DdFxC1g","Renisce Lelis Oliveira Bastos - 11352-F","pedro.pantaleao@gaussenergia.com.br","2024-04-26T14:39:29.179Z","2024-08-20T13:59:06.518Z","","","","Overdue","3","21","88","Projeto FV"
"https://app.process.st/runs/iBo7tbB0C4mKymIieWFPRQ","Paulo Jaques Marques Dourado 2 / Fabrica 9403.2-F","pedro.pantaleao@gaussenergia.com.br group-698ea497-ec60-4bde-b165-b8f9ccbb0cfe@process.st","2022-12-13T12:27:13.914Z","2024-08-20T13:43:10.613Z","","","","Overdue","3","21","88","Projeto FV"
"https://app.process.st/runs/sldijrsKYhbtz-EHyApMRw","Mercadinho Bom Dia 1374-F","","2018-12-10T18:34:51.809Z","2024-08-20T13:27:04.637Z","","","","Overdue","5","21","88","Projeto FV"
"https://app.process.st/runs/qDBOb76NvRX5tNwfaphHjg","Antonio Paulo Monteiro Melo 4 -> ASSOCIACAO CONEXAO SOLAR 9638.1-F","pedro.pantaleao@gaussenergia.com.br","2023-01-04T20:47:09.769Z","2024-08-19T13:28:22.292Z","","","","Overdue","3","26","88","Projeto FV"
"https://app.process.st/runs/vFc9xHcJSAKFY6_rHrpCyg","Ganymedes Patrimonial S/A / Felippe Bittencourt 4634-F","pedro.pantaleao@gaussenergia.com.br","2024-01-10T13:30:58.221Z","2024-08-19T13:02:24.801Z","","","","Overdue","3","21","88","Projeto FV"
"https://app.process.st/runs/n-4KrtGoLNdTXGnkceBDvQ","Janayna Camara Henklain - 11235-F","pedro.pantaleao@gaussenergia.com.br group-698ea497-ec60-4bde-b165-b8f9ccbb0cfe@process.st","2024-05-22T13:19:49.635Z","2024-08-17T14:57:48.873Z","","","","Overdue","3","24","88","Projeto FV"
"https://app.process.st/runs/l6xZfnq2fzP698gHl1RB4A","Caio Oliveira Rosa AUMENTO DE PROJETO TERCEIRO - 11415-F","pedro.pantaleao@gaussenergia.com.br","2024-05-13T17:52:50.231Z","2024-08-17T14:57:14.333Z","","","","Overdue","3","25","88","Projeto FV"
"https://app.process.st/runs/u_LbMH7fEXfs3qjZPBxCFg","Licia Maria Bahia Heine - 11399-F","pedro.pantaleao@gaussenergia.com.br","2024-05-07T18:59:45.760Z","2024-08-17T14:57:00.806Z","","","","Overdue","3","21","88","Projeto FV"
"https://app.process.st/runs/gdnoLp9936VLpDBiahVJtg","Jailton Luiz Dantas de Melo - 11053-F","pedro.pantaleao@gaussenergia.com.br group-698ea497-ec60-4bde-b165-b8f9ccbb0cfe@process.st","2024-03-05T13:51:06.396Z","2024-08-17T14:56:43.805Z","","","","Overdue","3","28","88","Projeto FV"
"https://app.process.st/runs/rUSfVR3wr9m7sFMNVPVCag","Silvio Oliveira / Jose Raimundo ->CYNTHIA PINHERO SOARES  1660-F","","2018-12-10T18:34:58.311Z","2024-08-15T17:44:15.427Z","","","","Overdue","4","19","88","Projeto FV"
"https://app.process.st/runs/rqYWNsc-5nXOLvTAIO5HKg","Luiz Carlos / AB Gráfica  2794-F","pedro.pantaleao@gaussenergia.com.br","2019-11-05T20:26:20.001Z","2024-08-15T13:40:42.471Z","","","","Overdue","5","21","88","Projeto FV"
"https://app.process.st/runs/rY-2bUvhbNjtuy6xMldIVQ","Daniela Mercuri de Almeida Vercosa - Malu Sá 7447-F","pedro.pantaleao@gaussenergia.com.br group-698ea497-ec60-4bde-b165-b8f9ccbb0cfe@process.st","2021-12-13T15:52:42.752Z","2024-08-15T11:15:45.361Z","","","","Overdue","3","24","88","Projeto FV"
"https://app.process.st/runs/n-uKRSao2NxpukDTbzxBqQ","Luiz Wanderley Alves Dourado 7104-F","pedro.pantaleao@gaussenergia.com.br","2021-10-18T18:38:56.235Z","2024-08-14T12:48:06.081Z","","","","Overdue","3","25","88","Projeto FV"
"https://app.process.st/runs/hbtsS_sqCwfFpoBEBMhJdg","Ana Flavia Souza Freire da Silva - 11636-F","pedro.pantaleao@gaussenergia.com.br group-698ea497-ec60-4bde-b165-b8f9ccbb0cfe@process.st group-aa595f0b-d840-4fcb-8407-a22a023e7e0d@process.st","2024-07-19T17:37:18.130Z","2024-08-13T16:13:10.190Z","","","","OnTrack","0","2","88","Projeto FV"
"https://app.process.st/runs/sfstEGQLVNmr8iKDxPpAdA","Marcia Raquel Oliveira de Souza - 10649-F","pedro.pantaleao@gaussenergia.com.br","2024-05-27T14:43:13.670Z","2024-08-13T13:42:10.652Z","","","","Overdue","2","26","88","Projeto FV"
"https://app.process.st/runs/pQKyQHa3QXMAEM8xSsxL-w","1759-F Edgardo Pessoa da Silva Filho / Mundo Digital","pedro.pantaleao@gaussenergia.com.br group-698ea497-ec60-4bde-b165-b8f9ccbb0cfe@process.st","2021-01-25T14:06:35.656Z","2024-08-13T12:42:05.968Z","","","","Overdue","3","20","88","Projeto FV"
"https://app.process.st/runs/uW0UFDSpqp0RJAcq1jFBig","Isaias Nunes da Silva - 11428-F","pedro.pantaleao@gaussenergia.com.br","2024-05-08T18:29:30.220Z","2024-08-13T11:52:56.597Z","","","","Overdue","3","21","88","Projeto FV"
"https://app.process.st/runs/ormzcbdR6yNtGq-2FKlE0Q","Irevel I Veiculos Peças Ltda 7738-F","pedro.pantaleao@gaussenergia.com.br group-698ea497-ec60-4bde-b165-b8f9ccbb0cfe@process.st","2022-03-15T17:18:48.775Z","2024-08-12T19:04:23.109Z","","","","OnTrack","0","29","88","Projeto FV"
"https://app.process.st/runs/jg3XKzTokxqWt6kpJItG4Q","Eurides Alves da Silva dos Santos - Chico Obras - 11164-F","pedro.pantaleao@gaussenergia.com.br","2024-04-26T14:51:18.950Z","2024-08-10T18:28:13.457Z","","","","Overdue","2","20","88","Projeto FV"
"https://app.process.st/runs/lnmn4Z7iSTLVy-ydZEZKzw","Eduardo Souza da Cruz - 11304-F","pedro.pantaleao@gaussenergia.com.br group-698ea497-ec60-4bde-b165-b8f9ccbb0cfe@process.st","2024-04-16T19:21:02.165Z","2024-08-10T18:28:02.596Z","","","","Overdue","3","25","88","Projeto FV"
"https://app.process.st/runs/sF_VckfJbzFe4WQKOchJig","Selma Souza Factum - 11150-F","pedro.pantaleao@gaussenergia.com.br group-698ea497-ec60-4bde-b165-b8f9ccbb0cfe@process.st","2024-04-10T18:24:20.840Z","2024-08-10T18:27:48.981Z","","","","Overdue","3","21","88","Projeto FV"
"https://app.process.st/runs/saUYZF5QFU3WDttBgBxLfQ","Isabel Cristina Paz Lopes - 10698-F","pedro.pantaleao@gaussenergia.com.br","2024-04-04T14:34:51.742Z","2024-08-09T17:59:35.639Z","","","","Overdue","2","20","88","Projeto FV"
"https://app.process.st/runs/oN3LJeERxULmqM4OTq1M-Q","Edilan Barreto Matos - 11050-F","pedro.pantaleao@gaussenergia.com.br group-698ea497-ec60-4bde-b165-b8f9ccbb0cfe@process.st","2024-03-01T14:14:13.528Z","2024-08-09T13:15:33.301Z","","","","Overdue","3","22","88","Projeto FV"
"https://app.process.st/runs/miGXBEsm6Z-zh0iXQiVKYQ","Patricia Mara Rodrigues - 11152-F","pedro.pantaleao@gaussenergia.com.br","2024-04-19T17:46:19.068Z","2024-08-09T12:40:02.311Z","","","","Overdue","2","20","88","Projeto FV"
"https://app.process.st/runs/uSimOOkWsJPcwTrZKAtEuA","Perfil Patrimonial 5 / Aumento Igreja 2597.5-F","pedro.pantaleao@gaussenergia.com.br","2020-06-17T20:19:33.035Z","2024-08-07T19:05:05.867Z","","","","Overdue","2","21","88","Projeto FV"
"https://app.process.st/runs/nW4XQ1Z_qIedGJ7TaZpHMQ","Adilton Almeida Santos 7366-F","pedro.pantaleao@gaussenergia.com.br","2021-11-12T18:05:30.209Z","2024-08-07T13:53:20.161Z","","","","Overdue","3","21","88","Projeto FV"
"https://app.process.st/runs/oh-xATO3mIEOjnDp19hM_Q","Uilson Jose da Silva - 10653-F","pedro.pantaleao@gaussenergia.com.br group-698ea497-ec60-4bde-b165-b8f9ccbb0cfe@process.st","2024-01-17T13:45:51.301Z","2024-08-07T13:37:25.583Z","","","","Overdue","3","21","88","Projeto FV"
"https://app.process.st/runs/nghbYHKJZT1vduxkFbdPHQ","Adalva Martins Andrade - 10736-F","pedro.pantaleao@gaussenergia.com.br group-698ea497-ec60-4bde-b165-b8f9ccbb0cfe@process.st","2023-12-14T20:08:30.157Z","2024-08-07T13:28:51.259Z","","","","Overdue","3","21","88","Projeto FV"
"https://app.process.st/runs/mkRAgmUxicRRCbRiFpNJGQ","Marcos Antonio Andrade Santos - 10982-F","pedro.pantaleao@gaussenergia.com.br group-698ea497-ec60-4bde-b165-b8f9ccbb0cfe@process.st","2024-04-09T12:57:28.763Z","2024-08-05T15:32:07.381Z","","","","Overdue","3","21","88","Projeto FV"
"https://app.process.st/runs/pSVcgVQ8jhytki4rtrFD-w","Jailson Tavares de Souza - 11357-F","pedro.pantaleao@gaussenergia.com.br group-698ea497-ec60-4bde-b165-b8f9ccbb0cfe@process.st","2024-04-22T14:30:32.250Z","2024-08-03T17:49:09.526Z","","","","Overdue","2","20","88","Projeto FV"
"https://app.process.st/runs/vSm7E6iEpM3_s_2n5eRKwA","Angelo Rizzo Junior 2 - 11236-F","pedro.pantaleao@gaussenergia.com.br","2024-04-04T14:48:00.540Z","2024-08-03T17:48:52.190Z","","","","Overdue","2","20","88","Projeto FV"
"https://app.process.st/runs/t1QFpxotYquAq8m1d8lDDA","Gilson Jose da Silva AUMENTO 1671-F","pedro.pantaleao@gaussenergia.com.br","2024-03-28T19:30:14.863Z","2024-08-03T17:48:38.091Z","","","","Overdue","2","20","88","Projeto FV"
"https://app.process.st/runs/q6od34wb01Pc7Q9shP9NMg","Mauro Roberto dos Reis Azi 1 / Fazenda Oiteiro - 10731.1-F","pedro.pantaleao@gaussenergia.com.br","2024-04-17T17:20:44.314Z","2024-08-02T17:25:07.746Z","","","","Overdue","2","20","88","Projeto FV"
"https://app.process.st/runs/nRGZnbpJoXTMcwI9MQRLYQ","Isabela Cirino Brandao Dourado residencial 2 Salvador - 11024.2-F","pedro.pantaleao@gaussenergia.com.br","2024-03-08T19:05:55.888Z","2024-08-02T17:24:53.315Z","","","","Overdue","3","24","88","Projeto FV"
"https://app.process.st/runs/t4nlALmXMInfFUgCXXBGzw","Reginaldo Gomes da Silva - 11340-F","pedro.pantaleao@gaussenergia.com.br group-698ea497-ec60-4bde-b165-b8f9ccbb0cfe@process.st","2024-04-17T19:24:21.658Z","2024-08-02T16:30:22.986Z","","","","Overdue","3","21","88","Projeto FV"
"https://app.process.st/runs/lFIEtEfK_xzI00BP3rJNUA","Paloma Oliveira do Carmo / Dinorah Oliveira 8881-F","pedro.pantaleao@gaussenergia.com.br group-698ea497-ec60-4bde-b165-b8f9ccbb0cfe@process.st","2022-09-12T13:31:34.379Z","2024-08-02T14:25:10.250Z","","","","Overdue","3","29","88","Projeto FV"
"https://app.process.st/runs/sGxvmqw5p8hLui4YUx1Nxw","Bruno Ramos Paiva / Larissa Bagano 9844-F","pedro.pantaleao@gaussenergia.com.br","2023-03-28T17:26:53.177Z","2024-07-30T12:37:28.004Z","","","","Overdue","2","27","88","Projeto FV"
"https://app.process.st/runs/ll6P6mHpXDkbNhTMqg9H3A","7277-F Alexandre Otto Klotz","pedro.pantaleao@gaussenergia.com.br","2021-10-21T14:21:07.704Z","2024-07-29T19:19:53.875Z","","","","Overdue","2","20","88","Projeto FV"
"https://app.process.st/runs/lgyO-c3iXA6Wkayk5FJCGA","Instituto Medico Minaura Machado Ltda AUMENTO NAO HOMOLOGADO 9691-F","pedro.pantaleao@gaussenergia.com.br group-aa595f0b-d840-4fcb-8407-a22a023e7e0d@process.st","2024-07-29T18:06:07.189Z","2024-07-29T18:09:28.147Z","","","","OnTrack","0","2","88","Projeto FV"
"https://app.process.st/runs/sbM_N4fnTk_QL64dyhNLdw","Daniela Teles de Souza / Raimundo Calisto 6358-F","pedro.pantaleao@gaussenergia.com.br group-698ea497-ec60-4bde-b165-b8f9ccbb0cfe@process.st","2021-10-06T20:27:45.991Z","2024-07-29T15:26:09.199Z","","","","Overdue","3","21","88","Projeto FV"
"https://app.process.st/runs/oxYdbbod_W0JqU7sJRBCSw","Hebert Carvalho Palma AUMENTO NAO HOMOLOGADO - 4135-F","pedro.pantaleao@gaussenergia.com.br group-aa595f0b-d840-4fcb-8407-a22a023e7e0d@process.st","2024-07-29T12:52:24.371Z","2024-07-29T12:55:50.855Z","","","","OnTrack","0","2","88","Projeto FV"
"https://app.process.st/runs/vsyrn4JXs0dxdaOV8cZBFA","Murilo Luchiari Tumioto 4 / Casa - 11052-F","pedro.pantaleao@gaussenergia.com.br group-698ea497-ec60-4bde-b165-b8f9ccbb0cfe@process.st","2024-04-17T18:04:50.104Z","2024-07-26T15:51:26.308Z","","","","Overdue","2","20","88","Projeto FV"
"https://app.process.st/runs/qw4PepNQ67yXsRNgFi9NBw","Marcos Roberto Nogueira da Silva - 4578-F","pedro.pantaleao@gaussenergia.com.br group-698ea497-ec60-4bde-b165-b8f9ccbb0cfe@process.st","2021-04-05T18:33:27.030Z","2024-07-25T17:31:22.134Z","","","","OnTrack","0","25","88","Projeto FV"
"https://app.process.st/runs/h9Yqx7277B4KMBGR3QNFSw","Jorge Marques de Souza 9059-F","pedro.pantaleao@gaussenergia.com.br group-698ea497-ec60-4bde-b165-b8f9ccbb0cfe@process.st","2022-09-27T21:26:24.021Z","2024-07-25T17:28:25.411Z","","","","Overdue","3","21","88","Projeto FV"
"https://app.process.st/runs/llF0i0Q2kqoTXhL7eaJNDg","Aldo Rocha 2 / Aldo dos Santos Rocha 2 9655-F","pedro.pantaleao@gaussenergia.com.br group-698ea497-ec60-4bde-b165-b8f9ccbb0cfe@process.st","2022-12-21T17:47:54.585Z","2024-07-25T17:20:39.283Z","","","","Overdue","3","21","88","Projeto FV"
"https://app.process.st/runs/rKV5oRctWYLtuv8E0fdO3A","Guttos Industria e Comercio de Gelados 2 / Augusto M de Figueiredo Junior Eireli / Guto Sorvetes - 7434.2-F","pedro.pantaleao@gaussenergia.com.br","2023-12-05T13:24:35.998Z","2024-07-25T14:47:51.027Z","","","","Overdue","3","21","88","Projeto FV"
"https://app.process.st/runs/ijXAr0O6eu5GvNqzlFVCNg","Assoc Bras Ig J C S ultimos dias 2 / Igreja de Jesus Cristo dos Santos dos últimos dias (Janauba) 6254-F","pedro.pantaleao@gaussenergia.com.br","2021-11-09T19:48:19.153Z","2024-07-25T13:43:37.634Z","","","","Overdue","3","25","88","Projeto FV"
"https://app.process.st/runs/mZto0YtuPDrXNKNVPuJHnA","Associaçao Brasileira da Igreja de Jesus Cristo dos Santos 4 / Maceio 6285-F","pedro.pantaleao@gaussenergia.com.br","2021-12-10T14:05:10.398Z","2024-07-25T13:26:05.025Z","","","","Overdue","3","32","88","Projeto FV"
"https://app.process.st/runs/lVUgjFt6wzm_ukz05YVCoA","Associaçao Brasileira da Igreja de Jesus Cristo 5 / Senhor do Bonfim 9113-F","pedro.pantaleao@gaussenergia.com.br group-698ea497-ec60-4bde-b165-b8f9ccbb0cfe@process.st","2022-11-08T15:18:53.921Z","2024-07-25T13:25:44.028Z","","","","Overdue","3","27","88","Projeto FV"
"https://app.process.st/runs/n1wBFE3DsklTOWgWEZBGbw","Antonio Lomes do Nascimento 9 / Pernambues 9683-F","pedro.pantaleao@gaussenergia.com.br","2022-12-29T18:45:21.248Z","2024-07-24T20:52:14.719Z","","","","Overdue","3","21","88","Projeto FV"
"https://app.process.st/runs/vic1icXOHrFhUrgXk6VNhQ","5032-F Edneide Odwyer Santos / Osvaldo","pedro.pantaleao@gaussenergia.com.br group-aa595f0b-d840-4fcb-8407-a22a023e7e0d@process.st","2021-05-10T21:19:38.036Z","2024-07-24T17:18:13.617Z","","","","Overdue","3","24","88","Projeto FV"
"https://app.process.st/runs/gZ5Fy8RTLFAD_Y6msx5AOg","Milena Reis da Silva ->  Adriano Araujo dos Santos 3496-F","pedro.pantaleao@gaussenergia.com.br","2020-07-17T14:13:07.249Z","2024-07-24T14:29:12.520Z","","","","Overdue","1","22","88","Projeto FV"
"https://app.process.st/runs/jgBsrI_Ckh4T0JODOwtJwg","Jardel Sodré dos Santos -> ANDREWS DE ABREU BARBOSA REIS 3338-F","pedro.pantaleao@gaussenergia.com.br group-698ea497-ec60-4bde-b165-b8f9ccbb0cfe@process.st","2020-05-08T19:40:01.233Z","2024-07-24T13:55:35.434Z","","","","Overdue","1","25","88","Projeto FV"
"https://app.process.st/runs/kAGqgoHk_rTc5pAbFQhHcg","Edilson Barbosa 1231-F","","2018-12-10T18:34:42.698Z","2024-07-24T12:32:39.726Z","","","","Overdue","5","17","88","Projeto FV"
"https://app.process.st/runs/gZQdzeg8by1e-jwQBQ1KRg","2835.1-F Altair Buiate Mendonça 1 / Fazenda","pedro.pantaleao@gaussenergia.com.br","2019-12-02T19:45:30.143Z","2024-07-24T12:16:48.945Z","","","","Overdue","5","20","88","Projeto FV"
"https://app.process.st/runs/gZkOCICTybjgI3RZy1JGAA","Gilcelia Nunes Carneiro Dourado - 11315-F","pedro.pantaleao@gaussenergia.com.br","2024-04-23T17:56:35.916Z","2024-07-23T14:06:07.533Z","","","","Overdue","3","21","88","Projeto FV"
"https://app.process.st/runs/qBoMv7eWIDkq_7BBRiNOlw","Gabriela Doval Neiva - Adroaldo - 11135-F","pedro.pantaleao@gaussenergia.com.br","2024-04-09T18:19:04.144Z","2024-07-23T14:05:28.347Z","","","","Overdue","2","20","88","Projeto FV"
"https://app.process.st/runs/gwxoIGoRbKLHSHST4jBEUA","Izabel Cristina Ribeiro Vaz - 11237-F","pedro.pantaleao@gaussenergia.com.br","2024-04-04T17:59:16.681Z","2024-07-23T14:05:14.345Z","","","","Overdue","2","20","88","Projeto FV"
"https://app.process.st/runs/jlR4ziPqDqvr87KusdVPgQ","Valci Benicio de Souza / Josefa Janeide 5043-F","pedro.pantaleao@gaussenergia.com.br group-698ea497-ec60-4bde-b165-b8f9ccbb0cfe@process.st","2021-04-15T14:36:48.154Z","2024-07-22T15:01:00.666Z","","","","Overdue","3","23","88","Projeto FV"
"https://app.process.st/runs/uDb5OccCpiKj2ivTQqBGVQ","Emanoel Menezes de Souza 4446-F","pedro.pantaleao@gaussenergia.com.br","2021-05-26T18:02:48.211Z","2024-07-22T14:55:31.926Z","","","","Overdue","3","28","88","Projeto FV"
"https://app.process.st/runs/nsMrVvpO_NiAJVxw7ZBEpw","Alexander Bastos de Souza 2 8760-F   / Irece","pedro.pantaleao@gaussenergia.com.br","2022-11-08T18:40:08.562Z","2024-07-19T18:37:03.705Z","","","","Overdue","2","23","88","Projeto FV"
"https://app.process.st/runs/hhdv6ljbCuK4wEuFDJVA-w","Valtek Jorge Lima Silva 5113-F","pedro.pantaleao@gaussenergia.com.br","2022-01-11T13:43:40.697Z","2024-07-18T18:47:13.373Z","","","","Overdue","3","21","88","Projeto FV"
"https://app.process.st/runs/jHo5T4lTX__S3MRGlKlEwQ","Wagner Jose de Figueiredo - 11658-F","pedro.pantaleao@gaussenergia.com.br","2024-07-18T16:40:56.545Z","2024-07-18T16:41:36.138Z","","","","OnTrack","0","0","88","Projeto FV"
"https://app.process.st/runs/g9az75wEraJzE73yLSlJJQ","Nivea Goreth / Zariedmo -> Elmo Vaz Bastos de Matos 3024-F","pedro.pantaleao@gaussenergia.com.br group-698ea497-ec60-4bde-b165-b8f9ccbb0cfe@process.st","2019-12-19T21:40:57.366Z","2024-07-18T11:41:20.925Z","","","","Overdue","5","20","88","Projeto FV"
"https://app.process.st/runs/kZFuMtk39lEq4tXAoDZJ4Q","Carlos Machado / Maria Aparecida Alves 2869-F","pedro.pantaleao@gaussenergia.com.br","2019-11-19T22:00:56.312Z","2024-07-17T17:34:26.439Z","","","","Overdue","4","19","88","Projeto FV"
"https://app.process.st/runs/m7_oSvWcDY_EbmX8jERJIw","Emmanuel Gantois Longa 7095-F","pedro.pantaleao@gaussenergia.com.br group-aa595f0b-d840-4fcb-8407-a22a023e7e0d@process.st","2021-10-08T14:56:39.173Z","2024-07-17T13:06:51.888Z","","","","Overdue","1","16","88","Projeto FV"
"https://app.process.st/runs/nKKJFGLChfxejuSZY4dBDw","Laura Lothhammer Wrasse 4025-F","pedro.pantaleao@gaussenergia.com.br group-698ea497-ec60-4bde-b165-b8f9ccbb0cfe@process.st group-aa595f0b-d840-4fcb-8407-a22a023e7e0d@process.st","2020-11-11T19:16:06.757Z","2024-07-17T13:04:22.742Z","","","","Overdue","2","23","88","Projeto FV"
"https://app.process.st/runs/tuEjMRmCD2Y-5oHuzEtGhQ","Marisa Rita de Novaes - Realocação do sistema 1611.2-F","pedro.pantaleao@gaussenergia.com.br","2021-11-16T13:48:28.123Z","2024-07-16T19:53:14.300Z","","","","Overdue","2","20","88","Projeto FV"
"https://app.process.st/runs/jluDuImIKwNTIC3u73JPOg","Marisa Rita de Novaes 1611-F","pedro.pantaleao@gaussenergia.com.br","2020-06-03T17:19:32.217Z","2024-07-16T19:53:08.875Z","","","","Overdue","3","23","88","Projeto FV"
"https://app.process.st/runs/tKwOaHvJ3VWdDRcCTUhMkg","E Rocha Bessa ME / Fiesta Park Hotel 2 / Irece AUMENTO - 5159.2-F","pedro.pantaleao@gaussenergia.com.br group-aa595f0b-d840-4fcb-8407-a22a023e7e0d@process.st","2024-05-22T14:22:59.875Z","2024-07-16T19:39:07.555Z","","","","Overdue","1","13","88","Projeto FV"
"https://app.process.st/runs/sJ9TpKW10OTi1SiaPSNBJA","Mailma Mabel Sampaio Vasconcelos ME / Camila 7419-F","pedro.pantaleao@gaussenergia.com.br group-698ea497-ec60-4bde-b165-b8f9ccbb0cfe@process.st","2022-09-22T13:46:20.674Z","2024-07-16T15:14:16.759Z","","","","Overdue","3","21","88","Projeto FV"
"https://app.process.st/runs/kdngEPe5UfFbAkAUG4ZIgA","Posto Boa Viagem / Henrique / PetroMetal 5/ Costa Mendonça 5618-F","pedro.pantaleao@gaussenergia.com.br","2021-09-10T14:28:00.753Z","2024-07-15T12:37:03.395Z","","","","Overdue","3","21","88","Projeto FV"
"https://app.process.st/runs/nsHpziIjk_ArBKDflddObA","Danado de Bom Paozinho Delicia / Gildasio de Araujo Moreira 6117-F","pedro.pantaleao@gaussenergia.com.br group-698ea497-ec60-4bde-b165-b8f9ccbb0cfe@process.st","2021-07-21T20:17:14.369Z","2024-07-15T12:25:07.705Z","","","","Overdue","3","29","88","Projeto FV"
"https://app.process.st/runs/ssD2Oy3H58gp7qVGeNtCgg","Ricardo Alves de Sousa AUMENTO / Marivalma Novaes Santos 7217-F","pedro.pantaleao@gaussenergia.com.br group-698ea497-ec60-4bde-b165-b8f9ccbb0cfe@process.st","2024-04-18T12:25:10.839Z","2024-07-14T14:28:04.463Z","","","","Overdue","3","21","88","Projeto FV"
"https://app.process.st/runs/j7yu886pyYcry9fp-k5JFA","Ilana Kátia Vieira Campos - 11168-F","pedro.pantaleao@gaussenergia.com.br","2024-04-11T18:13:56.015Z","2024-07-14T14:27:48.810Z","","","","Overdue","2","20","88","Projeto FV"
"https://app.process.st/runs/sY3kwUuHmhmR7rh3bpxLwA","Edi Carlos Paiva AUMENTO 3162-F","pedro.pantaleao@gaussenergia.com.br","2024-04-01T19:11:53.149Z","2024-07-14T14:27:30.487Z","","","","Overdue","2","24","88","Projeto FV"
"https://app.process.st/runs/oMosiSjnSkM8Qk7vmIxATw","Adailton Barreto Gomes NAO INSTALADO - 11560-F","pedro.pantaleao@gaussenergia.com.br group-698ea497-ec60-4bde-b165-b8f9ccbb0cfe@process.st group-aa595f0b-d840-4fcb-8407-a22a023e7e0d@process.st","2024-06-12T17:02:48.821Z","2024-07-12T19:04:41.027Z","","","","Overdue","1","11","88","Projeto FV"
"https://app.process.st/runs/lD76Vg-0EM9jyvKzGdBJsQ","Renato Rosa de Araujo - 10365-F","pedro.pantaleao@gaussenergia.com.br group-698ea497-ec60-4bde-b165-b8f9ccbb0cfe@process.st","2023-10-04T17:03:46.243Z","2024-07-12T15:05:02.215Z","","","","Overdue","3","21","88","Projeto FV"
"https://app.process.st/runs/nmzVwwjvn9r2zgpSKHdIlA","Rouzani Pereira Barreto de Figueiredo / Rozangela Barreto Pereira Tosta / Supermercado Estrela de Davi 8211-F","pedro.pantaleao@gaussenergia.com.br group-698ea497-ec60-4bde-b165-b8f9ccbb0cfe@process.st","2022-04-13T14:58:16.012Z","2024-07-12T14:28:29.362Z","","","","Overdue","3","21","88","Projeto FV"
"https://app.process.st/runs/p4ddeSz5V8v7-Do9aapKkQ","Maria Conceiçao Dourado Pimenta Magalhães  - Boutique Flor de Maça - 3132-F","","2020-02-04T17:19:26.452Z","2024-07-12T13:54:34.753Z","","","","Overdue","5","19","88","Projeto FV"
"https://app.process.st/runs/taFkW0A31wuBnQYxf0hN7w","Antonio Lomes do Nascimento 3 / Radio Regional Serrinha 9317-F","pedro.pantaleao@gaussenergia.com.br group-698ea497-ec60-4bde-b165-b8f9ccbb0cfe@process.st","2022-10-20T15:21:09.235Z","2024-07-09T18:32:03.857Z","","","","Overdue","3","21","88","Projeto FV"
"https://app.process.st/runs/no2lIOGUBnt32psegElC0A","Rodrigo Alves de Souza AUMENTO - 5180-F","pedro.pantaleao@gaussenergia.com.br","2024-03-11T13:28:16.959Z","2024-07-09T14:09:26.377Z","","","","Overdue","3","21","88","Projeto FV"
"https://app.process.st/runs/vn_Wzq0izY383sTlOnxB5Q","Sandro Rocha de Abreu - 10293-F","pedro.pantaleao@gaussenergia.com.br group-698ea497-ec60-4bde-b165-b8f9ccbb0cfe@process.st","2023-11-21T13:07:50.693Z","2024-07-09T12:56:50.415Z","","","","Overdue","3","21","88","Projeto FV"
"https://app.process.st/runs/oMm8rTVWiT9_N7WtXVpO-A","Debora da Silva Ribeiro REALOCAÇAO - 10798-F","pedro.pantaleao@gaussenergia.com.br group-698ea497-ec60-4bde-b165-b8f9ccbb0cfe@process.st group-aa595f0b-d840-4fcb-8407-a22a023e7e0d@process.st","2024-04-05T18:02:34.740Z","2024-07-09T12:06:52.754Z","","","","OnTrack","0","14","88","Projeto FV"
"https://app.process.st/runs/rLK6hnjeb0xmIDWM9XtFiw","Debora da Silva Ribeiro - 10798-F","pedro.pantaleao@gaussenergia.com.br group-698ea497-ec60-4bde-b165-b8f9ccbb0cfe@process.st","2024-01-15T17:04:39.067Z","2024-07-09T12:05:56.172Z","","","","Overdue","3","28","88","Projeto FV"
"https://app.process.st/runs/uMuB_YLa5nt01j_7EHRE7Q","Carlos Seixas Vieira 5670-F","group-698ea497-ec60-4bde-b165-b8f9ccbb0cfe@process.st group-aa595f0b-d840-4fcb-8407-a22a023e7e0d@process.st","2021-08-02T19:32:30.135Z","2024-07-08T17:35:41.228Z","","","","OnTrack","0","13","88","Projeto FV"
"https://app.process.st/runs/iq7v-dJCVBEj6AlfMZdFgA","Tania Carneiro Lucio Carvalho / Lucio Supermercados AUMENTO 2971-F","pedro.pantaleao@gaussenergia.com.br group-aa595f0b-d840-4fcb-8407-a22a023e7e0d@process.st","2024-06-14T14:47:22.392Z","2024-07-08T12:47:41.825Z","","","","OnTrack","0","14","88","Projeto FV"
"https://app.process.st/runs/onH8czCcg3DNK_jSCApFgg","Isabela Cirino Brandao Dourado residencial 1 Irecê - 11024.1-F","pedro.pantaleao@gaussenergia.com.br","2024-03-08T18:45:10.113Z","2024-07-08T12:31:59.632Z","","","","Overdue","2","20","88","Projeto FV"
"https://app.process.st/runs/llyIGk7fOLzoVuyP4HFB3A","Daria Dourado Matos e Matos / Everaldo Matos - 11054-F","pedro.pantaleao@gaussenergia.com.br group-698ea497-ec60-4bde-b165-b8f9ccbb0cfe@process.st","2024-03-19T14:52:32.781Z","2024-07-07T17:09:40.855Z","","","","Overdue","3","24","88","Projeto FV"
"https://app.process.st/runs/ujtBdeIZt1jgthyUIpVOXA","Carolina de Jesus Silva - 11036-F","pedro.pantaleao@gaussenergia.com.br group-698ea497-ec60-4bde-b165-b8f9ccbb0cfe@process.st","2024-03-13T19:40:48.713Z","2024-07-06T20:18:03.815Z","","","","Overdue","3","21","88","Projeto FV"
"https://app.process.st/runs/iK54iVVFmaXEOUxm-CRCTA","Vangivaldo Jose dos Santos 2 / Iraquara - 7982-F","pedro.pantaleao@gaussenergia.com.br","2024-04-15T17:17:47.425Z","2024-07-06T17:30:46.126Z","","","","Overdue","3","21","88","Projeto FV"
"https://app.process.st/runs/vPPRBlVmUjns3Ns6cNFHaQ","LC2V Patrimonial Ltda / Jose Luiz Santos 6 / Guaratinga / Agua Limpa 2 8874.6-F","pedro.pantaleao@gaussenergia.com.br group-698ea497-ec60-4bde-b165-b8f9ccbb0cfe@process.st","2022-12-28T18:17:08.154Z","2024-07-05T16:31:44.094Z","","","","Overdue","3","19","88","Projeto FV"
"https://app.process.st/runs/tFzGe6wX7P-EH4Yl0N9Nhg","Creuzeni Rosa de Almeira Santos / Jose Luiz Santos 7 / Galpao Banana 8874.7","pedro.pantaleao@gaussenergia.com.br","2023-01-05T15:06:01.724Z","2024-07-05T16:29:46.150Z","","","","Overdue","2","18","88","Projeto FV"
"https://app.process.st/runs/iccZvZg24iAZEHjNK8BBig","Danilo Lima Costa AUMENTO 2 - 5681-F","pedro.pantaleao@gaussenergia.com.br","2024-03-06T12:50:09.681Z","2024-07-05T12:34:54.411Z","","","","Overdue","3","21","88","Projeto FV"
"https://app.process.st/runs/ospdUT36VZKkG7dgejpHnw","Carla Emanuele Alves dos Santo / Construmaq - 10977-F","pedro.pantaleao@gaussenergia.com.br group-698ea497-ec60-4bde-b165-b8f9ccbb0cfe@process.st","2024-02-15T13:56:29.197Z","2024-07-05T12:30:08.347Z","","","","Overdue","3","25","88","Projeto FV"
"https://app.process.st/runs/rq6Qx9xwr7s_jAY2yjNHFw","Jose Henrique Mendonça Costa / Fazenda Novo Evaristo 8267-F","pedro.pantaleao@gaussenergia.com.br group-698ea497-ec60-4bde-b165-b8f9ccbb0cfe@process.st","2022-11-24T12:42:35.800Z","2024-07-04T17:06:47.274Z","","","","Overdue","3","19","88","Projeto FV"
"https://app.process.st/runs/kV1_ES4GZrSuacZhr09HZA","Tahaa Holdings Eireli / Arembepe - 11023-F","pedro.pantaleao@gaussenergia.com.br group-aa595f0b-d840-4fcb-8407-a22a023e7e0d@process.st","2024-03-15T18:03:46.881Z","2024-07-04T12:28:31.971Z","","","","Overdue","1","8","88","Projeto FV"
"https://app.process.st/runs/s5imnM78pRaYU6QBGUtDcQ","Posto Quatro Rodas 1 / Posto Irecê 3904-F","pedro.pantaleao@gaussenergia.com.br","2020-11-19T19:07:08.388Z","2024-07-04T10:59:20.743Z","","","","Overdue","2","22","88","Projeto FV"
"https://app.process.st/runs/jh7Zc24dozwiH9YNW4ROsQ","Anna Paula Dias Campos Sacramento AUMENTO - 5682-F","pedro.pantaleao@gaussenergia.com.br","2024-03-12T17:06:29.589Z","2024-07-02T16:24:52.153Z","","","","Overdue","3","21","88","Projeto FV"
"https://app.process.st/runs/i8aWNeOtopt9AFLjuAZEYA","Pierre Crusoe Cangussu AUMENTO / Maria Lucia Crusoe 9169-F","pedro.pantaleao@gaussenergia.com.br","2024-03-25T18:30:41.306Z","2024-06-28T17:59:36.600Z","","","","Overdue","3","21","88","Projeto FV"
"https://app.process.st/runs/lfiN0XG2Y-Ko6RvySLZHhQ","Luiz Wanderley 2 1452.2-F","pedro.pantaleao@gaussenergia.com.br","2019-01-18T14:23:45.660Z","2024-06-28T12:19:59.985Z","","","","Overdue","4","16","88","Projeto FV"
"https://app.process.st/runs/o6CG6AEyLwP0SblIQulOjA","Carlos Alberto Almeida Silva 2 3823.2-F","pedro.pantaleao@gaussenergia.com.br group-698ea497-ec60-4bde-b165-b8f9ccbb0cfe@process.st","2020-10-05T18:41:07.879Z","2024-06-26T15:05:56.004Z","","","","Overdue","2","22","88","Projeto FV"
"https://app.process.st/runs/qiMu573cjxN3E02XkChGfw","Azis Maron Mangueira Carvalho - 11144-F","pedro.pantaleao@gaussenergia.com.br group-698ea497-ec60-4bde-b165-b8f9ccbb0cfe@process.st","2024-03-22T18:18:29.240Z","2024-06-25T19:23:06.939Z","","","","Overdue","2","20","88","Projeto FV"
"https://app.process.st/runs/qNiT67Dhey_FdLb_99dMOg","Edvalson Batista de Oliveira - 11043-F","pedro.pantaleao@gaussenergia.com.br","2024-03-25T19:54:40.355Z","2024-06-25T17:45:15.022Z","","","","Overdue","3","21","88","Projeto FV"
"https://app.process.st/runs/hKyfvTLZvQXUPfKeiIhADg","Jose Jorge Sousa de Cerqueira - 11045-F","pedro.pantaleao@gaussenergia.com.br group-698ea497-ec60-4bde-b165-b8f9ccbb0cfe@process.st","2024-03-19T17:11:59.310Z","2024-06-24T13:21:02.845Z","","","","Overdue","2","24","88","Projeto FV"
"https://app.process.st/runs/jS9JM5sUrGezP07Lsg1HGA","Antonio Carlos Eliseu dos Santos / Jose Augusto Galvao Dourado - 10321-F","pedro.pantaleao@gaussenergia.com.br","2023-11-20T18:15:38.427Z","2024-06-23T21:20:36.877Z","","","","Overdue","2","24","88","Projeto FV"
"https://app.process.st/runs/oE9qFMMQ5DiS4EYEqzVBEw","Carlos Alberto Almeida Silva 1 AUMENTO / Irecê - 3823.1-F","pedro.pantaleao@gaussenergia.com.br group-698ea497-ec60-4bde-b165-b8f9ccbb0cfe@process.st","2024-01-31T17:34:22.468Z","2024-06-22T19:16:47.831Z","","","","Overdue","3","21","88","Projeto FV"
"https://app.process.st/runs/v-SOET1jM-q7tkMbuwJF4w","Supermercado Bom de Preço - Macia Alencar Sousa 2 AUMENTO 1761.2-F","pedro.pantaleao@gaussenergia.com.br","2024-02-29T18:58:12.586Z","2024-06-21T20:23:11.572Z","","","","Overdue","3","21","88","Projeto FV"
"https://app.process.st/runs/o1sbEeho84k9gEmyXGJNqA","Brena Martins de Andrade - 11075-F","pedro.pantaleao@gaussenergia.com.br group-698ea497-ec60-4bde-b165-b8f9ccbb0cfe@process.st","2024-03-15T18:51:45.363Z","2024-06-21T20:22:53.209Z","","","","Overdue","3","21","88","Projeto FV"
"https://app.process.st/runs/hQ8fRy8wmdYxulaJ5C1DFg","Rosane Farias Cardoso da Rocha Carneiro - 11100-F","pedro.pantaleao@gaussenergia.com.br group-698ea497-ec60-4bde-b165-b8f9ccbb0cfe@process.st","2024-03-13T19:31:28.676Z","2024-06-18T18:46:53.640Z","","","","Overdue","2","21","88","Projeto FV"
"https://app.process.st/runs/irHi9_jv0a85W8sONcdMDQ","Rafael Bacetto / Sheila Maria - 9697-F","pedro.pantaleao@gaussenergia.com.br group-698ea497-ec60-4bde-b165-b8f9ccbb0cfe@process.st","2023-02-23T14:20:10.998Z","2024-06-18T14:45:27.970Z","","","","Overdue","3","25","88","Projeto FV"
"https://app.process.st/runs/lBSrrvZ44ELXVu5AJzlL-Q","Anderson Souza Ramos 3652-F","pedro.pantaleao@gaussenergia.com.br","2020-10-28T17:27:12.176Z","2024-06-18T14:10:45.531Z","","","","Overdue","2","24","88","Projeto FV"
"https://app.process.st/runs/i47ChVReIBGCLkNguZxMvg","Jose Luis dos Santos Evangelista - Marcia Alves 8329-F","pedro.pantaleao@gaussenergia.com.br","2022-05-27T18:54:22.812Z","2024-06-18T13:37:13.158Z","","","","Overdue","3","22","88","Projeto FV"
"https://app.process.st/runs/m8yWIkvZ1ghsDzsSCiRP_A","Antonio Lomes do Nascimento 8 / Interlagos  9629-F","pedro.pantaleao@gaussenergia.com.br","2022-12-20T12:32:45.050Z","2024-06-18T12:56:51.243Z","","","","Overdue","3","23","88","Projeto FV"
"https://app.process.st/runs/r83KEmPjNRoDAMMwt4ZLag","Antonio Lomes do Nascimento 2 / Radio Panorama 9235-F / Cruz das Almas","group-698ea497-ec60-4bde-b165-b8f9ccbb0cfe@process.st","2022-10-05T16:55:26.787Z","2024-06-18T12:51:07.087Z","","","","Overdue","3","20","88","Projeto FV"
"https://app.process.st/runs/oPa4RsRsT_8iwRD-ds5OGg","Coisa de Cinema Bar e Bistro LTDA - 10197-F","pedro.pantaleao@gaussenergia.com.br group-698ea497-ec60-4bde-b165-b8f9ccbb0cfe@process.st","2023-10-05T13:29:36.452Z","2024-06-18T12:24:11.509Z","","","","Overdue","3","25","88","Projeto FV"
"https://app.process.st/runs/sSsWWFEzCLaK50w8FRZEtQ","Gecilda Andrade Brito Rios 7052-F","pedro.pantaleao@gaussenergia.com.br","2021-10-22T19:32:54.548Z","2024-06-17T13:19:41.358Z","","","","Overdue","3","22","88","Projeto FV"
"https://app.process.st/runs/o9z20qGbJFcJ2uxXTztJcA","Elenisia Pereira de Souza - 11092-F","pedro.pantaleao@gaussenergia.com.br group-698ea497-ec60-4bde-b165-b8f9ccbb0cfe@process.st","2024-03-12T17:37:43.334Z","2024-06-15T17:47:28.575Z","","","","Overdue","3","22","88","Projeto FV"
"https://app.process.st/runs/iPvO3Rj7FaLdemPQpp9HIg","Tania Carneiro Lucio Carvalho / Lucio Supermercados 2971-F","pedro.pantaleao@gaussenergia.com.br","2020-03-02T19:03:51.277Z","2024-06-14T14:44:13.824Z","","","","Overdue","1","24","88","Projeto FV"
"https://app.process.st/runs/loamQnzUHcLHR4Xsu1BN2A","Jens Kruse / Railda 2694-F","pedro.pantaleao@gaussenergia.com.br","2019-12-11T18:00:06.599Z","2024-06-14T13:26:01.319Z","","","","Overdue","2","19","88","Projeto FV"
"https://app.process.st/runs/nMVh1usLVn8FM_dOa0pKMw","Posto Macedo 3530-F","pedro.pantaleao@gaussenergia.com.br","2020-07-01T19:44:04.355Z","2024-06-13T14:29:02.663Z","","","","Overdue","1","22","88","Projeto FV"
"https://app.process.st/runs/sbs-toxmzZYx0KnBJA1E6w","Emerson de Souza - Daiane Rosa 3007-F","","2020-01-09T15:11:51.684Z","2024-06-13T13:36:22.768Z","","","","Overdue","4","19","88","Projeto FV"
"https://app.process.st/runs/vuo6WRLXRFpVeNB69f5Olw","Lara de Almeida Gomes / Thiago Gomes da Silva 9076-F","pedro.pantaleao@gaussenergia.com.br","2022-10-25T14:50:34.330Z","2024-06-13T12:44:49.927Z","","","","Overdue","3","20","88","Projeto FV"
"https://app.process.st/runs/lezbU67g5PoL5TyWo4JBZg","Zildevan Gama dos Santos 8160-F","pedro.pantaleao@gaussenergia.com.br group-698ea497-ec60-4bde-b165-b8f9ccbb0cfe@process.st","2022-06-01T19:14:02.563Z","2024-06-12T16:31:24.601Z","","","","Overdue","3","25","88","Projeto FV"
"https://app.process.st/runs/opIdTB-aWdAjUD81aRpHag","Claudete Carvalho Cunha - 10263-F","pedro.pantaleao@gaussenergia.com.br group-698ea497-ec60-4bde-b165-b8f9ccbb0cfe@process.st","2023-12-06T14:35:01.941Z","2024-06-12T13:34:10.038Z","","","","Overdue","3","21","88","Projeto FV"
"https://app.process.st/runs/tkBkbausX7A3pG4kwZNDWw","Nivia Cavalcante de Santana Figueredo - 9415-F","pedro.pantaleao@gaussenergia.com.br group-698ea497-ec60-4bde-b165-b8f9ccbb0cfe@process.st","2023-07-20T18:12:12.194Z","2024-06-10T13:20:57.390Z","","","","Overdue","3","21","88","Projeto FV"
"https://app.process.st/runs/iULeopvW-EBEAT3aDalB2A","Gilberto Marigeu Santana de Miranda AUMENTO 6370-F","pedro.pantaleao@gaussenergia.com.br group-aa595f0b-d840-4fcb-8407-a22a023e7e0d@process.st","2024-06-06T14:04:09.873Z","2024-06-09T18:48:52.463Z","","","","Overdue","1","8","88","Projeto FV"
"https://app.process.st/runs/qs8GZRAzYlAuuxVhY0FIdg","Instituto Medico Minaura Machado Ltda 9691-F","pedro.pantaleao@gaussenergia.com.br","2023-01-04T11:49:53.767Z","2024-06-06T19:41:11.360Z","","","","Overdue","2","26","88","Projeto FV"
"https://app.process.st/runs/u6AFK4GQOVoVQfjMlhNMqg","Ivanilton Araujo Ferreira 8783-F","","2022-10-05T13:49:06.467Z","2024-06-06T17:57:19.675Z","","","","Overdue","2","20","88","Projeto FV"
"https://app.process.st/runs/u7psMGqIygdz9ZTXHglNKQ","Joao Vitor Negrao Silva Roza 5632-F","pedro.pantaleao@gaussenergia.com.br","2022-02-01T18:25:49.421Z","2024-06-06T17:16:21.698Z","","","","Overdue","2","20","88","Projeto FV"
"https://app.process.st/runs/tUs1pC_1a29lf2N1CUtC-g","Tania Coelho Lima AUMENTO NAO HOMOLOGADO 6324-F","pedro.pantaleao@gaussenergia.com.br group-aa595f0b-d840-4fcb-8407-a22a023e7e0d@process.st","2024-06-06T14:14:06.437Z","2024-06-06T14:20:46.215Z","","","","OnTrack","0","2","88","Projeto FV"
"https://app.process.st/runs/qPtz3JLgNt55yx37MFRMEQ","Tania Coelho Lima 6324-F","pedro.pantaleao@gaussenergia.com.br","2021-10-04T20:19:42.851Z","2024-06-06T14:16:18.941Z","","","","Overdue","2","29","88","Projeto FV"
"https://app.process.st/runs/rT2iVGpk6ZBdBDrcSn1DEQ","Antonio Alberto Junqueira 7822-F","pedro.pantaleao@gaussenergia.com.br","2022-11-16T14:35:38.685Z","2024-06-05T13:30:57.591Z","","","","Overdue","3","21","88","Projeto FV"
"https://app.process.st/runs/so8vjkNPjFOIojQYCxlJLw","Cacio Oliveira Dias - 10948-F","pedro.pantaleao@gaussenergia.com.br","2024-03-21T17:53:18.888Z","2024-06-04T18:35:17.805Z","","","","Overdue","2","21","88","Projeto FV"
"https://app.process.st/runs/oR_xVB6Hi1dz7azmqslKvA","Armindo Silva Pais - 10989-F","pedro.pantaleao@gaussenergia.com.br group-698ea497-ec60-4bde-b165-b8f9ccbb0cfe@process.st","2024-02-15T14:18:22.582Z","2024-06-04T18:29:29.794Z","","","","Overdue","3","21","88","Projeto FV"
"https://app.process.st/runs/qLDwkkpCtIfdL3AlknhGGg","Vitor Bastos Werneck - 10881-F","pedro.pantaleao@gaussenergia.com.br","2024-01-24T19:10:54.666Z","2024-06-04T18:27:32.814Z","","","","Overdue","2","21","88","Projeto FV"
"https://app.process.st/runs/qu7dVOgoDPKkIGfP7SZIlg","Joao Alves de Magalhaes 9571-F","pedro.pantaleao@gaussenergia.com.br","2022-12-20T13:22:03.951Z","2024-06-04T14:52:22.667Z","","","","Overdue","3","21","88","Projeto FV"
"https://app.process.st/runs/lgEXqDorTNEDwA-iTqZN3A","Adilson Pereira de Brito - 10963-F","pedro.pantaleao@gaussenergia.com.br","2024-02-09T14:09:13.599Z","2024-06-03T13:44:48.692Z","","","","Overdue","2","20","88","Projeto FV"
"https://app.process.st/runs/n_xPHmnYmIiUAiJPSXRNkw","Marcos Roberto Nogueira da Silva 2 - 10745-F","pedro.pantaleao@gaussenergia.com.br","2024-01-24T18:50:34.326Z","2024-06-03T13:44:18.388Z","","","","Overdue","3","21","88","Projeto FV"
"https://app.process.st/runs/gklp0ijBhYjhYJ9shmxLzg","Mirineide Lopes da Silva AUMENTO 7407-F","pedro.pantaleao@gaussenergia.com.br","2024-01-24T13:43:44.615Z","2024-06-03T13:44:01.179Z","","","","Overdue","2","20","88","Projeto FV"
"https://app.process.st/runs/jlLYbfnw1iwP4yI_7G9FYA","Thauan da Silva Nogueira - 10889-F","pedro.pantaleao@gaussenergia.com.br group-698ea497-ec60-4bde-b165-b8f9ccbb0cfe@process.st","2024-01-22T17:38:57.425Z","2024-06-02T13:32:53.095Z","","","","Overdue","2","20","88","Projeto FV"
"https://app.process.st/runs/iGJ3o2OKnIDh1gBopg9Kzg","Patricia Senna Britto AUMENTO 6210-F","pedro.pantaleao@gaussenergia.com.br","2024-03-06T13:06:53.684Z","2024-05-31T12:38:35.762Z","","","","Overdue","3","21","88","Projeto FV"
"https://app.process.st/runs/ku3xCZGIHwdU-DAJUShBPA","Gilberto Marigeu Santana de Miranda 6370-F","pedro.pantaleao@gaussenergia.com.br group-698ea497-ec60-4bde-b165-b8f9ccbb0cfe@process.st","2021-09-16T13:11:50.152Z","2024-05-29T18:06:13.513Z","","","","Overdue","3","24","88","Projeto FV"
"https://app.process.st/runs/g-ZECBOpX3wD9tIUt5dM8w","Ricardo Aurelio Oliveira de Figueiredo / RA1 Fitness - 9880-F","pedro.pantaleao@gaussenergia.com.br group-698ea497-ec60-4bde-b165-b8f9ccbb0cfe@process.st","2023-07-13T13:56:15.286Z","2024-05-29T16:46:29.813Z","","","","Overdue","3","22","88","Projeto FV"
"https://app.process.st/runs/g09vovS97WImC6I6UE5FZg","Irece Temeiros AUMENTO / Erinaldo Vieira / Hiperlojao 7809-F / HIPER LOJAO","pedro.pantaleao@gaussenergia.com.br","2022-12-29T13:29:58.882Z","2024-05-29T14:59:44.428Z","","","","Overdue","3","21","88","Projeto FV"
"https://app.process.st/runs/gkRnnx_jALWktpWbaJJHdA","Augusto Tadeu Santos do Carmo - 10893-F","pedro.pantaleao@gaussenergia.com.br","2024-02-01T19:34:27.366Z","2024-05-29T12:53:50.843Z","","","","Overdue","2","24","88","Projeto FV"
"https://app.process.st/runs/kX3Nt2TN-saksaT8jS9A4A","Carla Claudino Araujo / antigo Mario Amorim da Mota 3841- F","pedro.pantaleao@gaussenergia.com.br","2021-03-03T18:50:42.488Z","2024-05-28T18:44:13.754Z","","","","Overdue","2","20","88","Projeto FV"
"https://app.process.st/runs/tJd3SNDy0U5WdoRxx6dFPg","Abrigo do Salvador - Refeitório 2507.2","pedro.pantaleao@gaussenergia.com.br","2021-07-06T21:31:36.574Z","2024-05-28T17:29:40.267Z","","","","Overdue","2","26","88","Projeto FV"
"https://app.process.st/runs/miZmdUdbwSuoSAkPABBA_w","Edite Correia Araujo 8433-F","pedro.pantaleao@gaussenergia.com.br","2022-05-27T18:20:05.055Z","2024-05-27T15:13:38.315Z","","","","Overdue","2","22","88","Projeto FV"
"https://app.process.st/runs/vJHndCQ26i4nRk5HdXpPbA","Auto Posto Aurora Ltda AUMENTO 965-F","pedro.pantaleao@gaussenergia.com.br","2023-01-03T22:21:21.291Z","2024-05-27T15:06:24.151Z","","","","Overdue","3","20","88","Projeto FV"
"https://app.process.st/runs/gJwIBDX-nrZnwp5ddrJKWA","Glademir Menezes Loiola 3775-F","pedro.pantaleao@gaussenergia.com.br group-698ea497-ec60-4bde-b165-b8f9ccbb0cfe@process.st","2020-10-01T19:56:26.133Z","2024-05-27T14:15:34.309Z","","","","Overdue","1","25","88","Projeto FV"
"https://app.process.st/runs/tHh6YlJChQWlY9_UKvBK3g","Vanes da Silva 799-F","","2018-12-10T18:34:39.098Z","2024-05-27T13:54:17.140Z","","","","Overdue","4","30","88","Projeto FV"
"https://app.process.st/runs/ttmmVBxW0rjLFMBE7VtA0g","Celma dos Santos Bonfim - 10945-F","pedro.pantaleao@gaussenergia.com.br group-698ea497-ec60-4bde-b165-b8f9ccbb0cfe@process.st","2024-02-06T14:40:58.838Z","2024-05-26T19:53:19.732Z","","","","Overdue","3","21","88","Projeto FV"
"https://app.process.st/runs/pOX51axkGJJ_Nij5k5dG1w","Thalita Bonfim de Oliveira Rocha - 10645-F","pedro.pantaleao@gaussenergia.com.br","2024-03-06T17:39:55.998Z","2024-05-26T19:52:30.535Z","","","","Overdue","2","20","88","Projeto FV"
"https://app.process.st/runs/hr9oA_PWZVJa57B4lKZBug","Rafael Oliveira Gomes / Otoclinica - 10140-F","pedro.pantaleao@gaussenergia.com.br","2023-09-21T16:56:52.807Z","2024-05-25T18:20:05.119Z","","","","Overdue","2","23","88","Projeto FV"
"https://app.process.st/runs/kx_Dpa0s3L6pHCLR-DxARQ","Luciano dos Reis Souza AUMENTO - 6145-F","pedro.pantaleao@gaussenergia.com.br","2024-03-04T14:37:38.369Z","2024-05-24T20:07:31.441Z","","","","Overdue","3","21","88","Projeto FV"
"https://app.process.st/runs/rHREYOcY4uVBAlqIJ-pLCQ","Jose Geraldo Sacramento Galvao 5095-F","pedro.pantaleao@gaussenergia.com.br","2021-09-14T14:40:49.559Z","2024-05-24T11:58:15.755Z","","","","Overdue","3","24","88","Projeto FV"
"https://app.process.st/runs/oT2gMRAJsYuvP6xpOUJAqg","Lisani de Azevedo Vilas Boas AUMENTO NAO HOMOLOGADO 2 / Adriano 3346-F","pedro.pantaleao@gaussenergia.com.br group-aa595f0b-d840-4fcb-8407-a22a023e7e0d@process.st","2024-05-23T12:29:23.338Z","2024-05-23T12:35:07.402Z","","","","OnTrack","0","1","88","Projeto FV"
"https://app.process.st/runs/jye01tW08T5KwhgW1ERG6g","Condominio Volare Imbui 8868-F","pedro.pantaleao@gaussenergia.com.br","2022-10-21T12:49:30.152Z","2024-05-22T19:44:06.360Z","","","","Overdue","2","23","88","Projeto FV"
"https://app.process.st/runs/iNIfw_rwSC4YvoghL1pMDA","Francisco Alves de Abreu 5168-F","pedro.pantaleao@gaussenergia.com.br group-698ea497-ec60-4bde-b165-b8f9ccbb0cfe@process.st","2021-06-01T17:26:20.201Z","2024-05-22T18:05:37.128Z","","","","Overdue","3","30","88","Projeto FV"
"https://app.process.st/runs/hnkb6Gh9Sui_AKqaS-ZFSw","Patrick Rene Labarrere - 10603-F","pedro.pantaleao@gaussenergia.com.br","2024-02-07T14:33:52.331Z","2024-05-21T18:51:09.677Z","","","","Overdue","2","20","88","Projeto FV"
"https://app.process.st/runs/m8QKCyM27K5aJzv7EE9AgA","Francisco de Assis Rizeiro AUMENTO NAO HOMOLOGADO - 4176-F","pedro.pantaleao@gaussenergia.com.br group-aa595f0b-d840-4fcb-8407-a22a023e7e0d@process.st","2024-05-21T13:48:50.048Z","2024-05-21T13:52:59.170Z","","","","OnTrack","0","2","88","Projeto FV"
"https://app.process.st/runs/nX74m4C4g35tkt_dRIlHhA","Francisco de Assis Rizeiro 4176-F","pedro.pantaleao@gaussenergia.com.br group-aa595f0b-d840-4fcb-8407-a22a023e7e0d@process.st","2020-12-07T18:27:21.140Z","2024-05-21T13:49:13.584Z","","","","Overdue","2","25","88","Projeto FV"
"https://app.process.st/runs/nL5obRCph4tdwD--mGVIXQ","Lucas Azevedo Cotrim Rizerio AUMENTO NAO HOMOLOGADO - 4131-F","pedro.pantaleao@gaussenergia.com.br group-aa595f0b-d840-4fcb-8407-a22a023e7e0d@process.st","2024-05-21T13:13:27.244Z","2024-05-21T13:20:57.856Z","","","","OnTrack","0","2","88","Projeto FV"
"https://app.process.st/runs/scxoZ7tOpqoPcwA9iyVDMQ","Lucas Azevedo Cotrim Rizerio - 4131-F","pedro.pantaleao@gaussenergia.com.br","2020-12-07T18:38:43.502Z","2024-05-21T13:13:17.650Z","","","","Overdue","2","21","88","Projeto FV"
"https://app.process.st/runs/jsraazmVYzdTe7T3bnBDOg","Alex Sandro da Silva Rodrigues / Luciana 4653-F","pedro.pantaleao@gaussenergia.com.br","2021-06-14T19:47:10.559Z","2024-05-21T13:01:11.008Z","","","","Overdue","2","22","88","Projeto FV"
"https://app.process.st/runs/jM5G2_eolr8SnKfidqdJ_A","Genildo Alves Brito - 4474-F","pedro.pantaleao@gaussenergia.com.br","2021-02-18T21:23:50.400Z","2024-05-20T18:26:54.238Z","","","","Overdue","3","23","88","Projeto FV"
"https://app.process.st/runs/ozS5823BPh6KNwO7rRlPyA","Natalice Gonçalves da Silva / Sandro Silva da Conceiçao 9978-F","pedro.pantaleao@gaussenergia.com.br group-698ea497-ec60-4bde-b165-b8f9ccbb0cfe@process.st","2023-05-25T14:45:17.143Z","2024-05-20T17:58:36.317Z","","","","Overdue","2","21","88","Projeto FV"
"https://app.process.st/runs/rZucfQAkyef9bnHWbEZE7g","Auto Posto Morpara Ltda / Marciela Sodre 9206-F","pedro.pantaleao@gaussenergia.com.br","2022-11-08T18:59:04.088Z","2024-05-20T14:03:31.086Z","","","","Overdue","3","20","88","Projeto FV"
"https://app.process.st/runs/kmgmeXvqyy-DPD_lVuNEuA","Tompso Manfrine Ezelson Junior O Machado - 10314-F","pedro.pantaleao@gaussenergia.com.br","2023-09-06T18:36:24.922Z","2024-05-20T13:39:06.123Z","","","","Overdue","3","21","88","Projeto FV"
"https://app.process.st/runs/svgVeGeIfyqx0dUMHSZFXg","Felipe Garcia Cadide - 10904-F","pedro.pantaleao@gaussenergia.com.br","2024-02-20T10:45:28.327Z","2024-05-19T21:35:21.572Z","","","","Overdue","2","20","88","Projeto FV"
"https://app.process.st/runs/mgBgWCS9uBexd0bGoZ9Nuw","Luiz Guilherme Cavalcante Duarte 5 / Irece - 11007-F","pedro.pantaleao@gaussenergia.com.br","2024-02-20T11:51:59.805Z","2024-05-18T17:14:55.113Z","","","","Overdue","2","20","88","Projeto FV"
"https://app.process.st/runs/k7KvHs3z62p27axU99RAQg","Andreia de Souza Reis - 10821-F","pedro.pantaleao@gaussenergia.com.br","2024-01-26T18:36:04.147Z","2024-05-18T13:24:40.011Z","","","","Overdue","2","20","88","Projeto FV"
"https://app.process.st/runs/tKB9noyclvIC_YUZGxtNJw","JGE Patrimonial 3 / Galpão 10 / JGE AUMENTO NAO HOMOLOGADO 8700.3-F","pedro.pantaleao@gaussenergia.com.br group-aa595f0b-d840-4fcb-8407-a22a023e7e0d@process.st","2024-05-16T19:41:53.901Z","2024-05-16T19:44:43.284Z","","","","OnTrack","0","2","88","Projeto FV"
"https://app.process.st/runs/iJuHvU4gLJ1k2tm35zpAzQ","JGE Patrimonial 2 / Galpao 09 / JGE AUMENTO NAO HOMOLOGADO 8700.2-F","pedro.pantaleao@gaussenergia.com.br group-aa595f0b-d840-4fcb-8407-a22a023e7e0d@process.st","2024-05-16T19:37:01.273Z","2024-05-16T19:40:45.847Z","","","","OnTrack","0","2","88","Projeto FV"
"https://app.process.st/runs/hickCHsF8wKolgcF-pJD4A","JGE Patrimonial 1 / Galpao 02 / Drillgeo AUMENTO NAO HOMOLOGADO 8700.1-F","pedro.pantaleao@gaussenergia.com.br group-aa595f0b-d840-4fcb-8407-a22a023e7e0d@process.st","2024-05-16T19:14:26.962Z","2024-05-16T19:16:46.753Z","","","","OnTrack","0","2","88","Projeto FV"
"https://app.process.st/runs/jajmFj0LlLM5LH6EfOdEcA","Carlos Roberto Ribeiro Navarro Junior 2 AUMENTO NAO HOMOLOGADO - 9312-F","pedro.pantaleao@gaussenergia.com.br group-aa595f0b-d840-4fcb-8407-a22a023e7e0d@process.st","2024-05-15T13:54:19.102Z","2024-05-16T19:00:26.475Z","","","","OnTrack","0","2","88","Projeto FV"
"https://app.process.st/runs/veHsWlFzFq60Fs_FxAdLrA","Luiz Augusto Sampaio Gonçalves 7874-F","pedro.pantaleao@gaussenergia.com.br","2022-02-15T17:57:05.711Z","2024-05-16T14:48:29.176Z","","","","Overdue","1","29","88","Projeto FV"
"https://app.process.st/runs/u8ZDkXeNhXwyCujb9oZPcw","Luiz Marcos Ferraz dos Santos 9134-F","pedro.pantaleao@gaussenergia.com.br","2022-12-19T16:55:14.641Z","2024-05-16T14:25:35.554Z","","","","Overdue","2","20","88","Projeto FV"
"https://app.process.st/runs/sOl_FmrmEaxSoVXDc-lC4w","Jose Henrique Mendonça Costa 4 / Fazenda Sao Joao-> Posto Quatro Rodas 8267.4-F","pedro.pantaleao@gaussenergia.com.br","2022-12-29T12:28:09.329Z","2024-05-16T14:21:25.442Z","","","","Overdue","3","20","88","Projeto FV"
"https://app.process.st/runs/q8GTyRPa_E0loppk2DpFYg","Mariana Mascarenhas Mello / Eduardo Mello / Leonardo Costa 6329-F","pedro.pantaleao@gaussenergia.com.br group-698ea497-ec60-4bde-b165-b8f9ccbb0cfe@process.st","2021-10-04T18:06:21.498Z","2024-05-15T14:39:18.558Z","","","","Overdue","3","28","88","Projeto FV"
"https://app.process.st/runs/pnEwmq-L70eTIjLznDNKMA","Daniela Assis Ponciano Martins -10502-F","pedro.pantaleao@gaussenergia.com.br","2023-10-31T13:54:09.401Z","2024-05-15T13:54:54.049Z","","","","Overdue","3","21","88","Projeto FV"
"https://app.process.st/runs/hx3XUjB7KH9r2eRygBhLXw","Simone Barbosa Costa 8137-F","pedro.pantaleao@gaussenergia.com.br","2022-03-29T19:14:18.839Z","2024-05-15T13:44:50.372Z","","","","Overdue","1","21","88","Projeto FV"
"https://app.process.st/runs/hrPZ-ZJE_m11R6nYN7dGHg","Nicolau Pereira Moura / Francisca Rocha / ELMO 7025-F","pedro.pantaleao@gaussenergia.com.br group-698ea497-ec60-4bde-b165-b8f9ccbb0cfe@process.st","2021-10-28T18:51:44.730Z","2024-05-15T13:35:10.555Z","","","","Overdue","3","21","88","Projeto FV"
"https://app.process.st/runs/r5029rJGzLBnj1jpxDNBhw","1672.2-F Magda Bastos de Oliveira","pedro.pantaleao@gaussenergia.com.br","2019-01-16T17:09:26.056Z","2024-05-15T11:12:50.465Z","","","","Overdue","5","20","88","Projeto FV"
"https://app.process.st/runs/na3Ze-iCJad7TyGgmF9O6A","Luiz Antônio Silvestre 2 / Mercado Letícia 1245.2-F","pedro.pantaleao@gaussenergia.com.br","2019-08-19T14:36:27.297Z","2024-05-14T20:16:10.922Z","","","","Overdue","4","19","88","Projeto FV"
"https://app.process.st/runs/tMgOdllzER4HRFzGDR9JSg","Marismonica de Freitas Dias / Clenio Alagoinhas 5112-F","pedro.pantaleao@gaussenergia.com.br","2021-06-08T15:05:24.638Z","2024-05-14T17:09:25.624Z","","","","Overdue","3","23","88","Projeto FV"
"https://app.process.st/runs/tvEDtMg7uqo67rJD0DNGig","N Loula Dourado Gomes Ltda / Farmacia Mais Saude / Naiara Loula AUMENTO - 8449-F","pedro.pantaleao@gaussenergia.com.br","2024-02-21T14:02:28.639Z","2024-05-14T17:01:20.906Z","","","","Overdue","2","20","88","Projeto FV"
"https://app.process.st/runs/pCVzf63V8uUvA_HbFURIaw","Silvania Murkin - 2642-F","pedro.pantaleao@gaussenergia.com.br","2019-09-13T14:09:31.587Z","2024-05-14T14:17:41.166Z","","","","Overdue","4","20","88","Projeto FV"
"https://app.process.st/runs/q4atyW1E0ymdZ4zrO3lPrQ","Vitor Silva Rocha AUMENTO JA HOMOLOGADO / Francimara Amaral S. R. P. S. Academia 8011-F","pedro.pantaleao@gaussenergia.com.br group-aa595f0b-d840-4fcb-8407-a22a023e7e0d@process.st","2024-05-13T17:38:11.373Z","2024-05-13T17:41:30.974Z","","","","OnTrack","0","2","88","Projeto FV"
"https://app.process.st/runs/gC9XCzPZK1AwvdNO6HhLZA","Iramed Distribuidora Hospitalar LTDA - 3322-F","pedro.pantaleao@gaussenergia.com.br group-698ea497-ec60-4bde-b165-b8f9ccbb0cfe@process.st","2024-02-22T14:20:54.606Z","2024-05-11T13:31:09.990Z","","","","Overdue","2","20","88","Projeto FV"
"https://app.process.st/runs/hBPHUqY9FxFfVyf0uw1DdQ","Ivete França Figueiredo - 10851-F","pedro.pantaleao@gaussenergia.com.br","2024-01-16T20:10:47.146Z","2024-05-11T13:30:33.255Z","","","","Overdue","2","20","88","Projeto FV"
"https://app.process.st/runs/ge5yzoQbqDQOvKXcuPBJ6Q","Supermercado Coração - Galpão antigo / Gessivaldo 3 3141.3-F","pedro.pantaleao@gaussenergia.com.br","2020-11-01T21:37:50.716Z","2024-05-10T12:32:09.729Z","","","","Overdue","3","27","88","Projeto FV"
"https://app.process.st/runs/nfRm5YutyAySxH9Gu8pBPQ","Vagner Rodrigues de Oliveira - 2783-F","pedro.pantaleao@gaussenergia.com.br","2019-10-31T18:29:36.558Z","2024-05-09T18:15:30.450Z","","","","Overdue","5","19","88","Projeto FV"
"https://app.process.st/runs/iNnLuDZId1ndm8B0LNdJiw","Uelton Carmo - 4429-F","pedro.pantaleao@gaussenergia.com.br group-698ea497-ec60-4bde-b165-b8f9ccbb0cfe@process.st","2023-09-27T14:27:00.512Z","2024-05-09T13:27:29.459Z","","","","Overdue","3","24","88","Projeto FV"
"https://app.process.st/runs/kurxBJSm5vFDlYU3iX1MUQ","Mega Varejao Matutino AUMENTO / Mercadinho Santa Rita 4477-F","pedro.pantaleao@gaussenergia.com.br","2023-01-04T13:00:18.016Z","2024-05-08T19:44:14.855Z","","","","Overdue","2","19","88","Projeto FV"
"https://app.process.st/runs/q9N5SF4UqWHN-9yzfspDCA","Comercial M.F. / Verciley 1706-F","raniel.garcia@gaussenergia.com.br","2019-02-04T19:09:15.493Z","2024-05-08T12:37:06.980Z","","","","Overdue","5","21","88","Projeto FV"
"https://app.process.st/runs/iP4DTHRwbegJipT5SX1PXg","Revisa Rev E I SSA LTDA / Guebor Bonoco 9696-F","pedro.pantaleao@gaussenergia.com.br","2023-01-06T15:17:26.602Z","2024-05-07T17:28:06.760Z","","","","Overdue","2","27","88","Projeto FV"
"https://app.process.st/runs/mqN0l1MfCU_ubYuIY5lMeg","Revisa Bonocô - Grupo Guebor 9696-F","gabriel@gaussenergia.com.br group-aa595f0b-d840-4fcb-8407-a22a023e7e0d@process.st","2023-01-06T13:30:15.416Z","2024-05-07T17:25:36.927Z","2023-05-31T08:00:00.000Z","","","Overdue","0","4","88","Projeto FV"
"https://app.process.st/runs/t-9j4hNIZ0pV0NDF6SBAbg","Rosilene Maria Chaves Barbosa - 10742-F","pedro.pantaleao@gaussenergia.com.br","2024-01-18T15:10:09.553Z","2024-05-07T13:38:44.336Z","","","","Overdue","2","20","88","Projeto FV"
"https://app.process.st/runs/kpeFAAxa-XSFemJ8nUxP-A","Welson Silva Santos - 10868-F","pedro.pantaleao@gaussenergia.com.br","2024-01-18T17:08:45.955Z","2024-05-04T16:42:13.168Z","","","","Overdue","2","20","88","Projeto FV"
"https://app.process.st/runs/k48tZLwxEc53WvlR9DlPvg","Antonio Augusto Nunes Dourado - 10717-F","pedro.pantaleao@gaussenergia.com.br","2023-12-12T18:08:29.545Z","2024-05-04T16:41:43.351Z","","","","Overdue","2","23","88","Projeto FV"
"https://app.process.st/runs/l58CYti0svEWx8ZPtB9OHw","Johabe Souza Machado - 10804-F","pedro.pantaleao@gaussenergia.com.br group-698ea497-ec60-4bde-b165-b8f9ccbb0cfe@process.st","2024-01-16T19:57:25.323Z","2024-05-03T18:05:56.710Z","","","","Overdue","3","21","88","Projeto FV"
"https://app.process.st/runs/mNP4f4EyeKG6Cm1RaQZG1A","Vilma Oliveira Rios Sena - 10799-F","pedro.pantaleao@gaussenergia.com.br group-698ea497-ec60-4bde-b165-b8f9ccbb0cfe@process.st","2024-01-11T18:15:19.620Z","2024-05-03T18:05:43.358Z","","","","Overdue","3","21","88","Projeto FV"
"https://app.process.st/runs/rAxxs4766Hpy-dVng5xEAg","Jossivan Batista Bispo 1958-F","pedro.pantaleao@gaussenergia.com.br","2019-03-18T21:18:46.249Z","2024-05-03T18:00:31.318Z","2019-05-20T22:01:00.000Z","","","Overdue","5","18","88","Projeto FV"
"https://app.process.st/runs/sZwUG1igJHt85tybRkVFog","Soraya Jones El-Chami / Augusto Acioly 4540-F","pedro.pantaleao@gaussenergia.com.br group-aa595f0b-d840-4fcb-8407-a22a023e7e0d@process.st","2021-12-13T14:00:50.035Z","2024-05-03T17:43:23.724Z","","","","OnTrack","0","26","88","Projeto FV"
"https://app.process.st/runs/nCfqO9C3yagHaLoaZ29Csw","Davi Olinto Soares 1733-F","pedro.pantaleao@gaussenergia.com.br group-698ea497-ec60-4bde-b165-b8f9ccbb0cfe@process.st","2021-01-06T19:28:56.431Z","2024-05-03T17:37:49.015Z","","","","Overdue","3","22","88","Projeto FV"
"https://app.process.st/runs/sJhWBZfuqB5OjRZExZlN6w","Monalisa Alecrim França / Lenio - 3540-F","pedro.pantaleao@gaussenergia.com.br group-698ea497-ec60-4bde-b165-b8f9ccbb0cfe@process.st","2020-10-30T21:02:45.745Z","2024-05-03T16:52:46.303Z","","","","Overdue","3","29","88","Projeto FV"
"https://app.process.st/runs/tiEise91FmNT7hRBSrhECA","Condominio Brisas Resicence Irece / Joabson Lima Figueiredo - 8124-F","pedro.pantaleao@gaussenergia.com.br","2022-04-12T20:55:44.838Z","2024-05-02T17:24:49.723Z","","","","OnTrack","0","23","88","Projeto FV"
"https://app.process.st/runs/mFTpm7XSH3JGO1Lkb4VMcA","Gilvan Ramos Marques da Silva 7885-F (celpe)","pedro.pantaleao@gaussenergia.com.br","2022-03-07T17:55:17.628Z","2024-05-02T15:40:12.583Z","","","","OnTrack","0","26","88","Projeto FV"
"https://app.process.st/runs/gbFMWDAoqhStecmvMkpFOg","Ana Paula Brito Teles - Juvenal - 3095-F","pedro.pantaleao@gaussenergia.com.br","2020-02-13T18:46:53.036Z","2024-04-30T17:50:34.205Z","","","","Overdue","4","19","88","Projeto FV"
"https://app.process.st/runs/opld51YEmibEB5PyPZ9NNg","Magno Leite Machado 2 AUMENTO NAO HOMOLOGADO - 3353.2-F","pedro.pantaleao@gaussenergia.com.br group-aa595f0b-d840-4fcb-8407-a22a023e7e0d@process.st","2024-04-30T13:17:26.370Z","2024-04-30T14:00:31.814Z","","","","OnTrack","0","2","88","Projeto FV"
"https://app.process.st/runs/nXkd24lfKdmFbF3h9M5G9g","Aldenice Nascimento Lacerda 5000-F","pedro.pantaleao@gaussenergia.com.br","2021-04-08T20:06:18.819Z","2024-04-26T18:33:15.096Z","","","","Overdue","2","22","88","Projeto FV"
"https://app.process.st/runs/un4yu0hAO4X19rH4OzdN3g","Allan Matos Dourado AUMENTO 5131-F","pedro.pantaleao@gaussenergia.com.br","2024-01-16T14:09:08.734Z","2024-04-26T13:20:30.259Z","","","","Overdue","3","21","88","Projeto FV"
"https://app.process.st/runs/vzuak0Yy7mpyz8ER2ktIIg","Genikely da Costa Lima Cerqueira / Mardson Miranda Cerqueira - 10209-F","pedro.pantaleao@gaussenergia.com.br group-698ea497-ec60-4bde-b165-b8f9ccbb0cfe@process.st","2023-09-29T12:44:32.977Z","2024-04-26T13:19:59.660Z","","","","Overdue","2","20","88","Projeto FV"
"https://app.process.st/runs/qZErSQJqT9SN0pa1np5P6g","2548-F Jose Nilton Oliveira","pedro.pantaleao@gaussenergia.com.br","2019-08-22T18:04:17.880Z","2024-04-26T12:58:20.025Z","","","","Overdue","5","19","88","Projeto FV"
"https://app.process.st/runs/ooj3OYdXzRLvH7_mtP1M3A","Joao Teodoro da Silva - 11350-F","pedro.pantaleao@gaussenergia.com.br group-698ea497-ec60-4bde-b165-b8f9ccbb0cfe@process.st group-aa595f0b-d840-4fcb-8407-a22a023e7e0d@process.st","2024-04-24T19:34:06.932Z","2024-04-26T11:35:24.278Z","","","","OnTrack","0","3","88","Projeto FV"
"https://app.process.st/runs/ps_45Klj_3sq8k_PHkFPcw","Flavio Franklin de Freitas / Belonisia Gomes dos Santos - 9765-F","pedro.pantaleao@gaussenergia.com.br group-698ea497-ec60-4bde-b165-b8f9ccbb0cfe@process.st","2023-03-08T13:52:57.435Z","2024-04-25T13:38:47.339Z","","","","Overdue","3","21","88","Projeto FV"
"https://app.process.st/runs/iF1RTgBQ4I_FZNyZxgBHBA","Joao Alberto Cardoso Dourado AUMENTO NAO HOMOLOGADO - 10608-F","pedro.pantaleao@gaussenergia.com.br group-aa595f0b-d840-4fcb-8407-a22a023e7e0d@process.st","2024-04-24T19:22:54.710Z","2024-04-24T19:25:57.619Z","","","","OnTrack","0","2","88","Projeto FV"
"https://app.process.st/runs/l4_RTS-gZZXEe2JL5qVAgQ","Wilson Kraychete AUMENTO - 8336-F","pedro.pantaleao@gaussenergia.com.br","2022-05-09T14:10:28.446Z","2024-04-24T14:20:51.756Z","","","","Overdue","1","25","88","Projeto FV"
"https://app.process.st/runs/lmkhz3dJo-cRMmzAMbJAoA","Marcos Pereira Dias - 10701-F","pedro.pantaleao@gaussenergia.com.br","2023-12-12T17:44:54.139Z","2024-04-24T13:33:07.191Z","","","","Overdue","2","20","88","Projeto FV"
"https://app.process.st/runs/twm0HswWBA_nQ3VpF41H6w","Pamel Patrimonial Melo LTDA 9677-F","pedro.pantaleao@gaussenergia.com.br","2023-01-04T15:23:31.375Z","2024-04-23T19:23:59.145Z","","","","Overdue","3","22","88","Projeto FV"
"https://app.process.st/runs/t_FYxRbID6FIZm9sPv1C9g","Central Pneus Comercio e Importadora de Pneus LTDA - 10337-F","pedro.pantaleao@gaussenergia.com.br","2023-11-28T16:42:24.060Z","2024-04-23T17:53:55.544Z","","","","Overdue","2","20","88","Projeto FV"
"https://app.process.st/runs/mMaqIHFOsCn-TM2BOKJLPQ","Decisao Produçao de Mudas Ltda / Murilo Tumioto 3 7814-F","pedro.pantaleao@gaussenergia.com.br","2022-12-16T13:24:07.237Z","2024-04-22T17:15:35.118Z","","","","Overdue","3","23","88","Projeto FV"
"https://app.process.st/runs/my1KtqZBzOcoWp6-twFCSA","Comercial Maninho / Valtenice AUMENTO - 1481-F","pedro.pantaleao@gaussenergia.com.br","2023-11-22T18:14:36.597Z","2024-04-19T12:27:30.920Z","","","","Overdue","3","25","88","Projeto FV"
"https://app.process.st/runs/sy0xSPB38z6ilGjsXURPkg","Hotel J Macedo Ltda ME 7716-F","pedro.pantaleao@gaussenergia.com.br","2022-01-25T13:31:35.356Z","2024-04-18T19:04:50.621Z","","","","Overdue","2","23","88","Projeto FV"
"https://app.process.st/runs/rpIFF4TmPbfRlmQHezZK8w","Ricardo Alves de Sousa / Marivalma Novaes Santos 7217-F","pedro.pantaleao@gaussenergia.com.br group-698ea497-ec60-4bde-b165-b8f9ccbb0cfe@process.st","2021-11-18T14:12:52.072Z","2024-04-18T12:36:40.604Z","","","","Overdue","3","22","88","Projeto FV"
"https://app.process.st/runs/uiPX5QNhD3m217L1pT1MrA","Rotec Comercio, Instalação e Montagem LTDA / Valdeci Gomes Rabelo - 10135-F","pedro.pantaleao@gaussenergia.com.br group-698ea497-ec60-4bde-b165-b8f9ccbb0cfe@process.st","2023-07-18T18:15:35.176Z","2024-04-17T17:45:35.053Z","","","","Overdue","3","22","88","Projeto FV"
"https://app.process.st/runs/nWrP8Zrp-S7Rn0epS5BE5w","Vangivaldo José dos Santos / Mercadinho Boa Esperança 3295-F","pedro.pantaleao@gaussenergia.com.br","2020-06-23T19:38:01.086Z","2024-04-17T14:18:02.724Z","","","","Overdue","1","22","88","Projeto FV"
"https://app.process.st/runs/l7Cg7G-4bsTqG4ttlBVCSg","Vangivaldo José dos Santos ALTERAÇÃO DE SISTEMA / Mercadinho Boa Esperança  3295-F","pedro.pantaleao@gaussenergia.com.br","2022-04-12T20:29:01.707Z","2024-04-17T14:18:00.134Z","","","","Overdue","2","23","88","Projeto FV"
"https://app.process.st/runs/sJR3oi8Sbszj_xduiEdOTQ","Ricardo Sampaio da Fonseca 9041-F","pedro.pantaleao@gaussenergia.com.br group-698ea497-ec60-4bde-b165-b8f9ccbb0cfe@process.st","2022-12-15T14:37:08.703Z","2024-04-17T14:15:03.731Z","","","","Overdue","3","28","88","Projeto FV"
"https://app.process.st/runs/nEaj_3cSSEq1Ye3ciU5E7Q","Noe Mendes Borges 2565-F","","2021-10-08T18:21:01.940Z","2024-04-17T13:01:09.328Z","","","","Overdue","2","24","88","Projeto FV"
"https://app.process.st/runs/pvsq32tbfi8SmEgo-jVHXw","Marcia Cristina Pereira Barros 9332-F","pedro.pantaleao@gaussenergia.com.br","2022-11-03T17:41:27.346Z","2024-04-16T18:27:48.579Z","","","","Overdue","2","20","88","Projeto FV"
"https://app.process.st/runs/hlYSxLl0lwSg0OuUM5hNYw","Guilherme Luciano Ferreira de Abreu - 10843-F","pedro.pantaleao@gaussenergia.com.br group-698ea497-ec60-4bde-b165-b8f9ccbb0cfe@process.st group-aa595f0b-d840-4fcb-8407-a22a023e7e0d@process.st","2024-03-11T14:17:01.123Z","2024-04-16T13:20:39.987Z","","","","OnTrack","0","14","88","Projeto FV"
"https://app.process.st/runs/rM9EMGzTDOnK-Fh3lFZKPQ","Marcelo Miranda do Nascimento - 10714-F","pedro.pantaleao@gaussenergia.com.br group-698ea497-ec60-4bde-b165-b8f9ccbb0cfe@process.st","2023-12-14T18:39:58.558Z","2024-04-16T12:27:40.413Z","","","","Overdue","3","21","88","Projeto FV"
"https://app.process.st/runs/vS9Mnec8YsIk6RRTmnhNSQ","Mega Center 2 / PetroMetal 3 - 2599.2-F","pedro.pantaleao@gaussenergia.com.br","2019-11-12T21:19:53.945Z","2024-04-12T18:45:59.729Z","","","","Overdue","4","20","88","Projeto FV"
"https://app.process.st/runs/qNu8a6M6yACQP_-ZMBRNkg","Josenildo Ribeiro dos Santos 3 UMBURANAS - 11207.3-F","pedro.pantaleao@gaussenergia.com.br group-aa595f0b-d840-4fcb-8407-a22a023e7e0d@process.st","2024-04-03T14:35:00.857Z","2024-04-12T15:13:59.083Z","","","","Overdue","2","10","88","Projeto FV"
"https://app.process.st/runs/vGk1ZnKtlXjWlHDNryBNww","Marcio Pereira Machado 2750-F","raniel.garcia@gaussenergia.com.br","2020-03-09T14:34:32.299Z","2024-04-12T14:31:13.798Z","","","","Overdue","5","19","88","Projeto FV"
"https://app.process.st/runs/jiLLjyIZzrXvoKAUKXZMlg","Francinaldo Lopes da Silva - 7288-F","pedro.pantaleao@gaussenergia.com.br group-aa595f0b-d840-4fcb-8407-a22a023e7e0d@process.st","2021-10-18T15:59:55.975Z","2024-04-12T12:38:19.827Z","","","","Overdue","3","17","88","Projeto FV"
"https://app.process.st/runs/vKi3WCtt1esnTuPAnPVEzw","Magno Leite Machado / Pollyana Seixas - 3353-F","pedro.pantaleao@gaussenergia.com.br group-698ea497-ec60-4bde-b165-b8f9ccbb0cfe@process.st","2020-09-22T20:16:10.140Z","2024-04-11T13:39:44.119Z","","","","Overdue","2","23","88","Projeto FV"
"https://app.process.st/runs/k2snqo1G4fCO84srigFNFg","Supermercado Coração - Fazenda / Gessivaldo 1 3141.1-F","pedro.pantaleao@gaussenergia.com.br group-698ea497-ec60-4bde-b165-b8f9ccbb0cfe@process.st","2020-11-01T16:07:15.944Z","2024-04-10T18:58:49.357Z","","","","Overdue","3","22","88","Projeto FV"
"https://app.process.st/runs/nvL6Py3Pxe0FZGFzQqJISQ","Daniella Freire Ribeiro Bernardes / Luiz Bernardes 4988-F","","2021-07-30T20:06:09.383Z","2024-04-10T18:54:45.263Z","","","","Overdue","2","22","88","Projeto FV"
"https://app.process.st/runs/jtGYiiZV72Ar-RbAkSRHig","Maria Aparecida Laurentino de Souza Baliza / Ingrid Rayssa 2059-F","pedro.pantaleao@gaussenergia.com.br","2022-01-19T18:13:51.062Z","2024-04-10T17:30:00.336Z","","","","Overdue","3","25","88","Projeto FV"
"https://app.process.st/runs/uPTwGD8ZI95LUvd4EHpBCw","Licia Rodrigues / Manoel 7627-F","pedro.pantaleao@gaussenergia.com.br","2021-11-22T15:27:35.492Z","2024-04-10T14:07:01.463Z","","","","Overdue","2","21","88","Projeto FV"
"https://app.process.st/runs/lFLeSMQrptU-a3LJKkZMjg","Fernando Brito Coelho 9329-F","pedro.pantaleao@gaussenergia.com.br group-698ea497-ec60-4bde-b165-b8f9ccbb0cfe@process.st","2022-11-23T18:33:06.725Z","2024-04-09T15:09:37.250Z","","","","Overdue","3","26","88","Projeto FV"
"https://app.process.st/runs/pY6S8-vFP_dw_ztZ631N2Q","Ziraldo Novais Araujo / Daniel Arão - 10545-F","pedro.pantaleao@gaussenergia.com.br group-698ea497-ec60-4bde-b165-b8f9ccbb0cfe@process.st","2023-11-29T14:54:22.141Z","2024-04-08T17:20:25.400Z","","","","Overdue","3","21","88","Projeto FV"
"https://app.process.st/runs/pF1DCG5lWHC78Bmg2IlCQA","Joao Eduardo Pereira 4414-F","pedro.pantaleao@gaussenergia.com.br group-aa595f0b-d840-4fcb-8407-a22a023e7e0d@process.st","2021-02-19T19:49:00.344Z","2024-04-08T13:40:32.147Z","","","","Overdue","3","22","88","Projeto FV"
"https://app.process.st/runs/tjCO-8mETJA4qIAQ2_NBdQ","Sergio Nunes Dourado / Teste - 10718-F","pedro.pantaleao@gaussenergia.com.br","2023-12-12T18:13:51.419Z","2024-04-07T14:45:13.577Z","","","","Overdue","2","19","88","Projeto FV"
"https://app.process.st/runs/gF6uPBUW_jZja1GFIXRMrA","Guttos Industria e Comercio de Gelados 1 / Augusto M de Figueiredo Junior Eireli / Guto Sorvetes - 7434.1-F","pedro.pantaleao@gaussenergia.com.br","2023-12-05T13:09:37.381Z","2024-04-07T14:44:58.165Z","","","","Overdue","2","23","88","Projeto FV"
"https://app.process.st/runs/vnp6hQMZtZXcfPz4_nBIKw","Maria Rosangela Figueiredo Santos - 10708-F","pedro.pantaleao@gaussenergia.com.br group-698ea497-ec60-4bde-b165-b8f9ccbb0cfe@process.st","2023-12-07T14:36:31.061Z","2024-04-06T15:06:34.514Z","","","","Overdue","3","21","88","Projeto FV"
"https://app.process.st/runs/tlHJez1Ijj9LvJNLECxPig","Ieda Carvalho de Lima / Cleber Santana de Lima / Olinda Santa - 10801-F","pedro.pantaleao@gaussenergia.com.br group-698ea497-ec60-4bde-b165-b8f9ccbb0cfe@process.st","2024-01-12T13:14:34.075Z","2024-04-06T15:06:07.249Z","","","","Overdue","2","20","88","Projeto FV"
"https://app.process.st/runs/kDBcBuMW0AFzLmApUnBISw","Trator Tecnica AUMENTO 1080-F","pedro.pantaleao@gaussenergia.com.br group-698ea497-ec60-4bde-b165-b8f9ccbb0cfe@process.st group-aa595f0b-d840-4fcb-8407-a22a023e7e0d@process.st","2024-04-05T18:53:51.547Z","2024-04-05T19:03:04.902Z","","","","OnTrack","0","2","88","Projeto FV"
"https://app.process.st/runs/qHyXYtIpNOmvg6jdvP9NDg","Adriana Pinheiro de Oliveira - 10664-F","pedro.pantaleao@gaussenergia.com.br","2023-12-15T14:55:10.196Z","2024-04-05T17:45:44.240Z","","","","Overdue","3","25","88","Projeto FV"
"https://app.process.st/runs/h4xuJNRn2XfOVFlEyJlGNg","Marcelo Sacramento Cunha 3852-F","pedro.pantaleao@gaussenergia.com.br","2020-09-25T18:58:41.875Z","2024-04-05T12:43:37.524Z","","","","OnTrack","0","31","88","Projeto FV"
"https://app.process.st/runs/n2wJ4sKN9moYUNryTzxMvw","Virgilio Ribeiro dos Santos 2 3517-F","pedro.pantaleao@gaussenergia.com.br","2020-10-19T15:37:10.797Z","2024-04-05T11:52:16.021Z","","","","Overdue","3","19","88","Projeto FV"
"https://app.process.st/runs/m5UJuQskWfKjxqgUqyJPPA","Carlos Guilherme dos Santos Castro 1701-F","","2019-01-22T17:23:14.683Z","2024-04-04T17:29:49.232Z","","","","Overdue","4","23","88","Projeto FV"
"https://app.process.st/runs/sz01PtqLRXJlQBb4PxhNsg","Novaes e Soares Serviços Advocaticios / Tiago da Silva Soares 8101-F","pedro.pantaleao@gaussenergia.com.br group-698ea497-ec60-4bde-b165-b8f9ccbb0cfe@process.st","2022-03-21T18:11:57.181Z","2024-04-04T12:58:15.928Z","","","","OnTrack","0","23","88","Projeto FV"
"https://app.process.st/runs/tDTjNpmAG6h8OLfmVmRFGQ","Perfil Patrimonial 4 / Super Cesta 2597.4-F","pedro.pantaleao@gaussenergia.com.br","2020-06-03T18:32:38.792Z","2024-04-03T20:37:33.631Z","","","","OnTrack","0","25","88","Projeto FV"
"https://app.process.st/runs/huX4g_YuczeslfgokQFIkg","Josenildo Ribeiro dos Santos OUROLANDIA 2 - 11207.2-F","pedro.pantaleao@gaussenergia.com.br group-aa595f0b-d840-4fcb-8407-a22a023e7e0d@process.st","2024-04-03T14:30:42.402Z","2024-04-03T14:55:12.468Z","","","","OnTrack","0","3","88","Projeto FV"
"https://app.process.st/runs/hVgW-j4xRH1PT_dTInVCaQ","Josenildo Ribeiro dos Santos OUROLANDIA 1 - 11207.1-F","pedro.pantaleao@gaussenergia.com.br group-aa595f0b-d840-4fcb-8407-a22a023e7e0d@process.st","2024-04-03T13:09:44.547Z","2024-04-03T14:53:49.583Z","","","","OnTrack","0","3","88","Projeto FV"
"https://app.process.st/runs/pLkYQbbAwjllsCLygzJKUQ","Uilson da Silva Santos 10049-F","pedro.pantaleao@gaussenergia.com.br","2023-05-30T13:47:47.800Z","2024-04-02T14:02:56.089Z","","","","Overdue","3","21","88","Projeto FV"
"https://app.process.st/runs/oPnKRi2iFziEfFhsFgFPqQ","Leinad Cafezeiro Santos David / Antonio Neto / Paulo Sergio Braga 4490-F","pedro.pantaleao@gaussenergia.com.br group-698ea497-ec60-4bde-b165-b8f9ccbb0cfe@process.st","2021-02-24T18:51:54.538Z","2024-04-02T13:23:12.043Z","","","","Overdue","3","21","88","Projeto FV"
"https://app.process.st/runs/kAzGrJWkSRSUww_D8-VG3g","Soraya Achy Heine 2580-F","","2021-06-16T19:51:36.115Z","2024-04-01T19:41:36.575Z","","","","Overdue","3","25","88","Projeto FV"
"https://app.process.st/runs/p6WpPKsHC6XbEHqZM3FJxw","Bruno Nery Andrade 9320-F","pedro.pantaleao@gaussenergia.com.br group-698ea497-ec60-4bde-b165-b8f9ccbb0cfe@process.st","2022-11-11T13:51:50.968Z","2024-04-01T14:12:50.459Z","","","","Overdue","3","21","88","Projeto FV"
"https://app.process.st/runs/p06p_eonA53ARXeMbfBO_g","Eneida Lima de Almeida - 10560-F","pedro.pantaleao@gaussenergia.com.br","2023-12-04T14:19:51.513Z","2024-04-01T13:39:11.231Z","","","","Overdue","2","19","88","Projeto FV"
"https://app.process.st/runs/kR7NktQhdnrGGzt1dm5LnQ","Sueli Aparecida Cunha - 10655-F","pedro.pantaleao@gaussenergia.com.br","2023-12-06T17:40:17.229Z","2024-03-31T14:06:03.821Z","","","","Overdue","2","20","88","Projeto FV"
"https://app.process.st/runs/hr7F6--b8cLtWj334uJI8w","Jonas Trajano Torres - 10634-F","pedro.pantaleao@gaussenergia.com.br","2023-12-13T12:29:17.097Z","2024-03-31T14:05:05.067Z","","","","Overdue","2","19","88","Projeto FV"
"https://app.process.st/runs/jQtRYsKKSWvFlcuWNp1MXw","Cristiano Marcio Lima França - 1334-F","pedro.pantaleao@gaussenergia.com.br group-aa595f0b-d840-4fcb-8407-a22a023e7e0d@process.st","2024-01-29T15:00:49.426Z","2024-03-29T15:24:40.143Z","","","","Overdue","3","3","88","Projeto FV"
"https://app.process.st/runs/loQssZJ_n61_6Jpz31hMDg","Elaine de Jesus Gomes / Cassio de Jesus Santos 7844-F","pedro.pantaleao@gaussenergia.com.br group-698ea497-ec60-4bde-b165-b8f9ccbb0cfe@process.st","2023-03-28T17:03:16.491Z","2024-03-25T19:44:24.929Z","","","","Overdue","3","21","88","Projeto FV"
"https://app.process.st/runs/j3yh1KCFLjYVrezQkW9LRw","Geusa Mara da Costa Sales / Alvalice Santos 4133-F","pedro.pantaleao@gaussenergia.com.br group-698ea497-ec60-4bde-b165-b8f9ccbb0cfe@process.st","2021-02-08T13:17:16.937Z","2024-03-25T19:14:47.133Z","","","","Overdue","2","21","88","Projeto FV"
"https://app.process.st/runs/pWub3nkd0eEgTZNw5utIpw","Joao Marlon Ramos de Souza / Capao 9426-F","pedro.pantaleao@gaussenergia.com.br group-698ea497-ec60-4bde-b165-b8f9ccbb0cfe@process.st","2022-11-11T14:34:04.735Z","2024-03-25T19:14:33.737Z","","","","Overdue","3","21","88","Projeto FV"
"https://app.process.st/runs/sH6lE0FScr6NncMlLoxFWA","LC2V Patrimonial Ltda / Jose Luiz Santos 3 / Trafo 300 8874.3-F","pedro.pantaleao@gaussenergia.com.br","2023-01-05T14:44:37.884Z","2024-03-24T20:58:30.715Z","","","","Overdue","2","18","88","Projeto FV"
"https://app.process.st/runs/oX8E4S_DmpKy9Avx1M1PEg","Casa Medeiros  210-F","pedro.pantaleao@gaussenergia.com.br","2018-12-18T01:56:39.857Z","2024-03-24T19:38:27.878Z","","","","Overdue","4","18","88","Projeto FV"
"https://app.process.st/runs/uKyzWJl5R5DZdYsk3KdF3g","Osvaldo Cerqueira Guimaraes - 10628-F","pedro.pantaleao@gaussenergia.com.br group-698ea497-ec60-4bde-b165-b8f9ccbb0cfe@process.st","2023-11-30T18:10:48.439Z","2024-03-23T13:48:44.578Z","","","","Overdue","3","25","88","Projeto FV"
"https://app.process.st/runs/sVR9VsRqarpXFJpzwBZGTQ","Bysbom Industria e Comercio de Sorvetes LTDA EPP 2 / Vizinho da Fabrica - 10132.1-F","pedro.pantaleao@gaussenergia.com.br","2023-12-11T12:59:26.760Z","2024-03-22T13:36:03.857Z","","","","Overdue","1","19","88","Projeto FV"
"https://app.process.st/runs/r03nACuatP_jWh7aTvNHhw","2328-F Airon Leidson - Mercado Silva / Alcione Barros","","2019-08-02T18:14:41.326Z","2024-03-21T19:20:05.730Z","","","","Overdue","5","18","88","Projeto FV"
"https://app.process.st/runs/rtxCtJahjTCWfP44MCVGKw","Lorena Lima Costa 5123-F","","2021-07-09T19:21:22.709Z","2024-03-21T19:10:58.461Z","","","","Overdue","2","24","88","Projeto FV"
"https://app.process.st/runs/kP2XeNzbQGOL7gkQf-5N5A","Gilson Jose da Silva 1671-F","raniel.garcia@gaussenergia.com.br","2019-01-30T18:39:59.533Z","2024-03-21T18:53:38.155Z","","","","Overdue","5","18","88","Projeto FV"
"https://app.process.st/runs/ubuiZpD-WHL1hNvmr4lG_A","Rosangela Rosa Pires Pimenta 10152-F","pedro.pantaleao@gaussenergia.com.br","2023-07-04T18:11:35.145Z","2024-03-21T14:28:51.282Z","","","","Overdue","3","21","88","Projeto FV"
"https://app.process.st/runs/hn1xPmZHAyVNR_d-y1JBFA","Geovande Alves Brito Carvalho 2 - 7252-F","pedro.pantaleao@gaussenergia.com.br","2023-07-05T14:20:14.939Z","2024-03-21T14:24:28.489Z","","","","Overdue","3","22","88","Projeto FV"
"https://app.process.st/runs/skdcP65f5ZtZtbYcA5hPLw","Sandra Maiana Mateus Lopes 6016-F","group-698ea497-ec60-4bde-b165-b8f9ccbb0cfe@process.st","2021-07-21T19:13:07.936Z","2024-03-20T19:33:53.376Z","","","","Overdue","3","18","88","Projeto FV"
"https://app.process.st/runs/ggHQqrjsWjC6_vPApMhKkA","Ceramica Cristalina LTDA ME - 10406-F","pedro.pantaleao@gaussenergia.com.br","2023-11-08T12:33:25.556Z","2024-03-19T19:23:18.685Z","","","","Overdue","2","20","88","Projeto FV"
"https://app.process.st/runs/rRO4hpXggdzXodx5URJMhg","Victor Lopes Novais / Neemias Alves  1896-F","pedro.pantaleao@gaussenergia.com.br group-698ea497-ec60-4bde-b165-b8f9ccbb0cfe@process.st","2023-02-13T17:37:19.268Z","2024-03-19T14:18:16.917Z","","","","Overdue","3","21","88","Projeto FV"
"https://app.process.st/runs/uAAaNWBa6_Hkw6Q6ujpNUQ","Ana Cleia Lima de Souza / Miriam Lima 9919-F","pedro.pantaleao@gaussenergia.com.br group-698ea497-ec60-4bde-b165-b8f9ccbb0cfe@process.st","2023-05-19T17:37:14.481Z","2024-03-19T13:47:33.423Z","","","","Overdue","3","22","88","Projeto FV"
"https://app.process.st/runs/t-95aLJUj2euNqJid75JDw","Jairo Cerqueira da Silva Netto / Nadia Cristina da Silva Santos 8385-F","pedro.pantaleao@gaussenergia.com.br group-698ea497-ec60-4bde-b165-b8f9ccbb0cfe@process.st","2022-07-21T14:47:17.449Z","2024-03-19T13:40:04.020Z","","","","Overdue","3","25","88","Projeto FV"
"https://app.process.st/runs/rxaDM6KBZ6hHsq-X0xNKJg","Marcelo Leite de Lacerda 6030-F","pedro.pantaleao@gaussenergia.com.br","2022-01-13T13:12:14.221Z","2024-03-19T03:52:06.389Z","","","","Overdue","2","25","88","Projeto FV"
"https://app.process.st/runs/qn82OBZXY-EUlU7U1KlBcQ","Laura Regina Dourado Moitinho - 10569-F","pedro.pantaleao@gaussenergia.com.br group-698ea497-ec60-4bde-b165-b8f9ccbb0cfe@process.st","2023-11-14T16:44:02.219Z","2024-03-17T15:04:36.977Z","","","","Overdue","3","21","88","Projeto FV"
"https://app.process.st/runs/q2Es-O2wYWDOL8WY4QxACw","Israel Lopes Medeiros 2989-F","group-698ea497-ec60-4bde-b165-b8f9ccbb0cfe@process.st","2020-01-16T18:58:03.626Z","2024-03-15T18:12:15.154Z","","","","Overdue","5","18","88","Projeto FV"
"https://app.process.st/runs/qYqM2RcC2yGA9-MXjR9CGA","José Augusto Estrela Tuy Filho 1518-F","","2018-12-10T18:34:57.179Z","2024-03-13T17:23:47.421Z","","","","Overdue","5","19","88","Projeto FV"
"https://app.process.st/runs/qo6C3ak3lbGAHzgRk2VPAA","1672.3-F Magda Bastos de Oliveira","pedro.pantaleao@gaussenergia.com.br","2020-05-08T20:27:26.458Z","2024-03-13T14:31:48.372Z","","","","Overdue","1","25","88","Projeto FV"
"https://app.process.st/runs/rLr3COAM3CJoaoVRG7dMyw","Eriton Jose de Souza 10662-F","pedro.pantaleao@gaussenergia.com.br","2023-11-30T18:59:07.528Z","2024-03-13T13:24:33.749Z","","","","Overdue","3","25","88","Projeto FV"
"https://app.process.st/runs/gAIzBVbSmc0hhk2VrsxNRQ","Marilda Campos de Abreu Santos - 10489-F","pedro.pantaleao@gaussenergia.com.br group-698ea497-ec60-4bde-b165-b8f9ccbb0cfe@process.st","2023-11-13T17:51:29.962Z","2024-03-12T20:53:09.597Z","","","","Overdue","3","21","88","Projeto FV"
"https://app.process.st/runs/t5jUPOKgLJTNtHWUkPtEmw","Andrea Paiva Ferreira Fidelis  8768-F","pedro.pantaleao@gaussenergia.com.br","2022-08-03T19:05:01.927Z","2024-03-12T17:41:36.350Z","","","","Overdue","3","20","88","Projeto FV"
"https://app.process.st/runs/r48iPJ5Suz8gVMmEoLZLAw","Guebor Toyota Pituba 2560-F","","2020-01-06T12:47:42.162Z","2024-03-12T16:45:46.142Z","","","","Overdue","3","22","88","Projeto FV"
"https://app.process.st/runs/lBhbLciJoPHC5mYb8FJNyA","Rodrigo Alves de Souza - 5180-F","pedro.pantaleao@gaussenergia.com.br","2021-05-10T20:48:09.876Z","2024-03-11T13:28:00.075Z","","","","Overdue","2","21","88","Projeto FV"
"https://app.process.st/runs/i8_BNqBy0z4mAjlkCxJMpg","Diana Aguiar de Sousa Barbosa / Marcus Barbosa AUMENTO NAO HOMOLOGADO 7937-F","pedro.pantaleao@gaussenergia.com.br group-aa595f0b-d840-4fcb-8407-a22a023e7e0d@process.st","2024-02-26T14:02:54.585Z","2024-03-11T12:42:46.666Z","","","","OnTrack","0","2","88","Projeto FV"
"https://app.process.st/runs/l4cMkb2d8I7Gbwwuv6JNiQ","Janio Erbem Ribeiro Rodrigues - 10668-F","pedro.pantaleao@gaussenergia.com.br group-698ea497-ec60-4bde-b165-b8f9ccbb0cfe@process.st","2023-12-01T18:22:52.922Z","2024-03-10T14:23:24.863Z","","","","Overdue","3","21","88","Projeto FV"
"https://app.process.st/runs/gCeRmwB4UvHtjROrSPxKIw","Itamar Musse AUMENTO / Vanessa Trevisan Musse / Itamar Musse Antiguidades Ltda 3310-F","pedro.pantaleao@gaussenergia.com.br","2022-12-19T20:26:18.795Z","2024-03-08T14:40:42.432Z","","","","Overdue","3","21","88","Projeto FV"
"https://app.process.st/runs/iKBfDJOnXEfsOUKa30JO4w","GMG Solar SPE Ltda 3 / Povoado Vila de Recife / Reinalva","pedro.pantaleao@gaussenergia.com.br group-698ea497-ec60-4bde-b165-b8f9ccbb0cfe@process.st","2022-06-08T18:14:08.519Z","2024-03-07T19:09:03.675Z","","","","Overdue","3","25","88","Projeto FV"
"https://app.process.st/runs/qB1fMo7fb0um7rxYpaBCaw","Patricia Senna Britto 6210-F","pedro.pantaleao@gaussenergia.com.br group-698ea497-ec60-4bde-b165-b8f9ccbb0cfe@process.st","2022-12-16T16:15:23.031Z","2024-03-06T13:07:29.999Z","","","","Overdue","3","21","88","Projeto FV"
"https://app.process.st/runs/i33pTGQFFMuhd53tYzNEQA","Drogaplim Produtos Farmaceuticos Ltda 1 A / Grupo Velanes 8674.1-F","pedro.pantaleao@gaussenergia.com.br group-698ea497-ec60-4bde-b165-b8f9ccbb0cfe@process.st","2022-06-08T19:29:40.135Z","2024-03-05T18:44:58.751Z","","","","Overdue","3","21","88","Projeto FV"
"https://app.process.st/runs/om1e5JWZGYtDC7M3tRlPEg","Drogaplim Produtos Farmaceuticos Ltda 2 B / Grupo Velanes 8674.2-F","pedro.pantaleao@gaussenergia.com.br group-698ea497-ec60-4bde-b165-b8f9ccbb0cfe@process.st","2022-06-08T19:43:42.649Z","2024-03-05T18:44:43.247Z","","","","Overdue","2","23","88","Projeto FV"
"https://app.process.st/runs/ql9qUELFm9wKE7IixYZAxA","Medica Comercio Representaçao e Importaçao Ltda 5600-F","pedro.pantaleao@gaussenergia.com.br","2021-11-16T20:22:50.114Z","2024-03-04T18:01:41.735Z","","","","Overdue","1","25","88","Projeto FV"
"https://app.process.st/runs/nzXwTmO0FNFfuFv0_ZhJtA","Carlos Augusto Silva dos Santos - 10587-F","pedro.pantaleao@gaussenergia.com.br group-698ea497-ec60-4bde-b165-b8f9ccbb0cfe@process.st","2023-11-29T18:00:12.700Z","2024-03-04T17:47:10.691Z","","","","Overdue","3","21","88","Projeto FV"
"https://app.process.st/runs/gbkoL-woHFNuQ29G12tFOA","Jefferson Luciano Batista de Oliveira - 10534-F","pedro.pantaleao@gaussenergia.com.br","2023-12-06T13:21:39.031Z","2024-03-04T17:44:06.677Z","","","","Overdue","3","21","88","Projeto FV"
"https://app.process.st/runs/tRotke9s29heLcO-IPVBAQ","Paulo Ricardo de Sa Martins da Costa 7815-F","pedro.pantaleao@gaussenergia.com.br","2022-04-18T17:38:50.761Z","2024-03-04T13:21:11.748Z","","","","Overdue","2","24","88","Projeto FV"
"https://app.process.st/runs/lqGZA-eiKuYXLo-qCvRG5g","Elane Oliveira dos Santos - 10470-F","pedro.pantaleao@gaussenergia.com.br group-698ea497-ec60-4bde-b165-b8f9ccbb0cfe@process.st","2023-12-01T18:29:59.186Z","2024-03-04T13:16:23.266Z","","","","Overdue","3","21","88","Projeto FV"
"https://app.process.st/runs/lHyIeG32QxarFcOakOBLeg","Eliene de Souza Novaes 4645-F","pedro.pantaleao@gaussenergia.com.br","2021-05-05T14:35:39.908Z","2024-03-04T12:39:46.500Z","","","","Overdue","3","22","88","Projeto FV"
"https://app.process.st/runs/lxhq2oogY0yxgYh2fm9KcA","Alan da Silva Santos / Daiane da Paixão - 10556-F","pedro.pantaleao@gaussenergia.com.br group-698ea497-ec60-4bde-b165-b8f9ccbb0cfe@process.st","2023-11-24T18:05:10.253Z","2024-03-03T12:30:19.186Z","","","","Overdue","2","20","88","Projeto FV"
"https://app.process.st/runs/jyB9Cx_1dICKzyta9sFEWQ","Durval Dias Lago Junior - 8300-F","pedro.pantaleao@gaussenergia.com.br","2023-11-27T17:36:22.454Z","2024-03-03T12:30:03.893Z","","","","Overdue","3","21","88","Projeto FV"
"https://app.process.st/runs/jwhh1jKWBZ4UNwRkaSxA3w","Romilson Goncalves Andriola - 10575-F","pedro.pantaleao@gaussenergia.com.br group-698ea497-ec60-4bde-b165-b8f9ccbb0cfe@process.st","2023-11-16T19:17:39.411Z","2024-03-03T12:29:43.487Z","","","","Overdue","3","21","88","Projeto FV"
"https://app.process.st/runs/t1zNeddVGgVBdKIVm1VDuQ","Aureslindo Pires - 1 728.-F","pedro.pantaleao@gaussenergia.com.br group-698ea497-ec60-4bde-b165-b8f9ccbb0cfe@process.st","2019-01-10T17:31:10.271Z","2024-03-01T19:22:27.515Z","","","","Overdue","5","21","88","Projeto FV"
"https://app.process.st/runs/rBUNAWzuBUqtkXukXW1Drg","Valtek Jorge Lima Silva AUMENTO NAO HOMOLOGADO 5113-F","pedro.pantaleao@gaussenergia.com.br group-aa595f0b-d840-4fcb-8407-a22a023e7e0d@process.st","2024-03-01T18:44:04.205Z","2024-03-01T18:50:55.398Z","","","","OnTrack","0","2","88","Projeto FV"
"https://app.process.st/runs/pj6OztPrdaDQkLduiVFHlw","Mercado Gameleira / Manoel Messias 3279-F","pedro.pantaleao@gaussenergia.com.br","2020-05-29T15:53:16.030Z","2024-02-29T14:40:52.195Z","","","","OnTrack","0","24","88","Projeto FV"
"https://app.process.st/runs/vjB0BUAF1zUAx6brOQZKew","Supermercado Prakasa 2 2824.2","pedro.pantaleao@gaussenergia.com.br","2019-12-11T22:27:45.532Z","2024-02-28T18:44:02.218Z","","","","Overdue","5","20","88","Projeto FV"
"https://app.process.st/runs/qdoxwC5xn6dkJKeaANVEig","Sergio Nunes Dourado -> D2 empreendimentos e Participações Ltda 3909-F","pedro.pantaleao@gaussenergia.com.br group-698ea497-ec60-4bde-b165-b8f9ccbb0cfe@process.st","2020-09-25T20:09:28.784Z","2024-02-26T18:52:39.067Z","","","","Overdue","2","21","88","Projeto FV"
"https://app.process.st/runs/pPqpuF6MOq7RtI8gAvhNRg","Mauro da Silva Barreto 7003-F","pedro.pantaleao@gaussenergia.com.br","2022-03-21T19:51:05.087Z","2024-02-26T18:44:44.969Z","","","","Overdue","2","19","88","Projeto FV"
"https://app.process.st/runs/iFCidP5DN24l5JOTuIhFDw","Isidoro Lavigne Gesteira / Rafael Maschietto 8471-F","pedro.pantaleao@gaussenergia.com.br group-698ea497-ec60-4bde-b165-b8f9ccbb0cfe@process.st","2022-06-08T17:35:21.007Z","2024-02-26T13:12:37.012Z","","","","Overdue","3","26","88","Projeto FV"
"https://app.process.st/runs/srcnbpWzw-VFiayogJJDgw","Jose Carlos de Araujo Guerra / Cleide 4534-F","pedro.pantaleao@gaussenergia.com.br group-698ea497-ec60-4bde-b165-b8f9ccbb0cfe@process.st","2021-03-18T13:18:31.013Z","2024-02-22T19:11:12.047Z","","","","Overdue","3","23","88","Projeto FV"
"https://app.process.st/runs/s1bopLZQmv0Jrr81X5ZETQ","Mega Varejão Matutino Supermercado Eireli 5 / Ponta da Ilha - 7816-F","pedro.pantaleao@gaussenergia.com.br","2023-11-22T19:19:19.851Z","2024-02-22T13:54:01.101Z","","","","Overdue","2","20","88","Projeto FV"
"https://app.process.st/runs/i_Aapycbk3Cp6kEIfidG3Q","Monica Silva / Claudio Nunes Figueiredo 1614-F","pedro.pantaleao@gaussenergia.com.br","2019-03-28T13:57:11.965Z","2024-02-21T18:42:07.556Z","","","","Overdue","5","17","88","Projeto FV"
"https://app.process.st/runs/v6wy7PFe3J4tlTmSuB9FPQ","Mercadinho Buriti LTDA 2755-F","","2019-12-19T22:39:24.146Z","2024-02-20T19:12:49.426Z","","","","Overdue","5","20","88","Projeto FV"
"https://app.process.st/runs/vgWyVKlb-uO-HT-4mcZCvw","Marcos Flávio Costa Lopes 077-F","group-698ea497-ec60-4bde-b165-b8f9ccbb0cfe@process.st group-aa595f0b-d840-4fcb-8407-a22a023e7e0d@process.st","2018-12-10T18:34:37.338Z","2024-02-20T16:42:49.064Z","","","","Overdue","5","22","88","Projeto FV"
"https://app.process.st/runs/rQkgpOUTac_vRQiVfOtC5w","Aline Kasue Watanabe Cova 2 - 10622.2-F","pedro.pantaleao@gaussenergia.com.br","2023-11-30T17:15:31.941Z","2024-02-19T13:43:55.007Z","","","","Overdue","2","20","88","Projeto FV"
"https://app.process.st/runs/o267g276zp9VB-GNE3FM_Q","Ana Cristina Ferreira dos Santos / Eliete AUMENTO 9546-F","pedro.pantaleao@gaussenergia.com.br","2023-11-01T19:30:22.863Z","2024-02-19T13:06:41.813Z","","","","Overdue","3","21","88","Projeto FV"
"https://app.process.st/runs/r7KZbmfMDdoj4sRSBy1O9g","Rildo Carneiro da Silva 8703-F","pedro.pantaleao@gaussenergia.com.br","2022-08-15T13:59:42.774Z","2024-02-19T12:53:22.123Z","","","","Overdue","3","20","88","Projeto FV"
"https://app.process.st/runs/rPgdmX1jTbYBa8qeG9ZEJQ","Magno Leite Machado 2 - 3353.2-F","pedro.pantaleao@gaussenergia.com.br group-698ea497-ec60-4bde-b165-b8f9ccbb0cfe@process.st","2023-11-27T18:09:10.550Z","2024-02-17T18:24:28.388Z","","","","Overdue","3","21","88","Projeto FV"
"https://app.process.st/runs/kJ4J8HqpWdvRTbehGGVGYQ","Roberta Ramos Xavier - 9835-F","pedro.pantaleao@gaussenergia.com.br group-698ea497-ec60-4bde-b165-b8f9ccbb0cfe@process.st","2023-11-13T13:35:37.732Z","2024-02-17T18:23:29.228Z","","","","Overdue","2","20","88","Projeto FV"
"https://app.process.st/runs/tWAXo_NubPD4EdsEqL1LDg","Maglene Dantas Godofredo - 10410-F","pedro.pantaleao@gaussenergia.com.br","2023-11-14T17:13:36.365Z","2024-02-17T18:23:16.192Z","","","","Overdue","3","21","88","Projeto FV"
"https://app.process.st/runs/jdZxypuTMnqOeib3esRHLw","Joaci Pereira dos Santos - 10568-F","pedro.pantaleao@gaussenergia.com.br","2023-11-14T14:41:18.413Z","2024-02-17T18:23:03.446Z","","","","Overdue","3","21","88","Projeto FV"
"https://app.process.st/runs/u2eiTEtv0VVvL5y3LYxGmA","Carlos Miler da Silva - 10507-F","pedro.pantaleao@gaussenergia.com.br group-698ea497-ec60-4bde-b165-b8f9ccbb0cfe@process.st","2023-11-07T18:50:16.605Z","2024-02-17T18:22:49.447Z","","","","Overdue","3","21","88","Projeto FV"
"https://app.process.st/runs/v7tgIO6XyBhiBCipqMFGDw","Ducelia da Silva Almeida - 10458-F","pedro.pantaleao@gaussenergia.com.br","2023-10-25T13:24:16.630Z","2024-02-17T18:22:31.898Z","","","","Overdue","2","20","88","Projeto FV"
"https://app.process.st/runs/itk6Y22yLPngpBaOiIFM7w","Valmir Junior de Arruda Silva - 10258-F","pedro.pantaleao@gaussenergia.com.br","2023-10-17T16:28:57.828Z","2024-02-16T17:44:28.706Z","","","","Overdue","3","25","88","Projeto FV"
"https://app.process.st/runs/kReC63OZoko28QlB6JJEuw","Marcela Bissoli Gomes Rebouças / Eduardo - 4407-F","pedro.pantaleao@gaussenergia.com.br","2021-02-25T18:04:12.736Z","2024-02-16T16:50:24.940Z","","","","Overdue","2","22","88","Projeto FV"
"https://app.process.st/runs/qumtl0Mt7GJzyX6K01xPnQ","Gauss Engenharia MINI 1 / Joao Dourado - 10692.1-F","pedro.pantaleao@gaussenergia.com.br","2024-02-05T13:38:39.477Z","2024-02-16T12:51:33.796Z","","","","OnTrack","0","0","88","Projeto FV"
"https://app.process.st/runs/q4K923VcwojJzx_TztFPYg","Elias Gomes Dourado - Pizzaria a Fornalha AUMENTO 2907-F","pedro.pantaleao@gaussenergia.com.br","2022-10-05T19:00:32.279Z","2024-02-15T18:53:02.189Z","","","","Overdue","2","20","88","Projeto FV"
"https://app.process.st/runs/gpSh-h5Iw7fkgIR6-6JHyw","Amine Machado Moreira Martins - 10395-F","pedro.pantaleao@gaussenergia.com.br","2023-10-31T17:04:35.322Z","2024-02-13T18:03:30.031Z","","","","Overdue","2","20","88","Projeto FV"
"https://app.process.st/runs/nA8GUi6iQVaEFfIKh_xFYg","Juliana Medina Costa / Alexandro Santana - 9930-F","pedro.pantaleao@gaussenergia.com.br group-698ea497-ec60-4bde-b165-b8f9ccbb0cfe@process.st","2023-11-24T18:27:16.081Z","2024-02-13T18:03:18.843Z","","","","Overdue","3","21","88","Projeto FV"
"https://app.process.st/runs/igRL4Dp_7Jhy0DjG4WNA-w","Amanda Felipe de Oliveira Brandão - 10505-F","pedro.pantaleao@gaussenergia.com.br","2023-11-30T18:02:27.538Z","2024-02-10T00:13:01.577Z","","","","Overdue","3","21","88","Projeto FV"
"https://app.process.st/runs/gjB77OWnS1O_aLmgJvFNLw","Jose Camerino de Almeida - 10358-F","pedro.pantaleao@gaussenergia.com.br group-698ea497-ec60-4bde-b165-b8f9ccbb0cfe@process.st","2023-10-19T18:26:42.844Z","2024-02-10T00:11:59.423Z","","","","Overdue","3","21","88","Projeto FV"
"https://app.process.st/runs/mpCW7DBstkjoFOquy-hFKQ","Francisco Elisio 3250-F","pedro.pantaleao@gaussenergia.com.br","2021-08-23T21:08:09.125Z","2024-02-09T16:41:47.847Z","","","","Overdue","2","20","88","Projeto FV"
"https://app.process.st/runs/urntf0kWD9NydZ9F-WZDQA","Zaqueu Silvestre de Oliveira Junior 3354-F","pedro.pantaleao@gaussenergia.com.br group-698ea497-ec60-4bde-b165-b8f9ccbb0cfe@process.st","2021-03-01T19:44:17.902Z","2024-02-09T16:35:02.959Z","","","","Overdue","3","22","88","Projeto FV"
"https://app.process.st/runs/s8WSk48GETsMj6uonlVJdg","Denisia Maria Soares Santos / Sargento Figueiredo 7912-F","pedro.pantaleao@gaussenergia.com.br group-aa595f0b-d840-4fcb-8407-a22a023e7e0d@process.st","2022-05-02T19:18:55.481Z","2024-02-09T16:10:59.093Z","","","","Overdue","1","26","88","Projeto FV"
"https://app.process.st/runs/icZIQB1fhzMUF7vBYY5N8A","Maria Estela Mendes Alves 3 - Caraibas   5021.3-F","pedro.pantaleao@gaussenergia.com.br group-698ea497-ec60-4bde-b165-b8f9ccbb0cfe@process.st","2021-07-22T18:32:47.253Z","2024-02-09T15:52:47.739Z","","","","Overdue","3","19","88","Projeto FV"
"https://app.process.st/runs/hxfbQ3eWbGi_fw0hI3ZOhg","Antônio de Jesus Pereira / Panificadora Farias 3744-F","pedro.pantaleao@gaussenergia.com.br group-698ea497-ec60-4bde-b165-b8f9ccbb0cfe@process.st","2020-09-14T18:41:07.676Z","2024-02-07T19:03:26.094Z","","","","Overdue","1","22","88","Projeto FV"
"https://app.process.st/runs/pPf6AinCmVHTmKxOXUVMrg","Eduardo Cacildo - Educoco 1490-F","pedro.pantaleao@gaussenergia.com.br","2019-04-12T14:55:37.577Z","2024-02-07T18:36:31.452Z","","","","Overdue","4","19","88","Projeto FV"
"https://app.process.st/runs/gZHhRJwMf_oQSUSDHhhKng","Alecsandro Mendes 1787-F","pedro.pantaleao@gaussenergia.com.br","2019-02-19T17:49:22.119Z","2024-02-07T14:16:32.234Z","","","","Overdue","5","16","88","Projeto FV"
"https://app.process.st/runs/tZLk1YHOq_rzwwbmxKVNBw","Naiane Rodrigues de Almeida / Maria Almeida - 10526-F","pedro.pantaleao@gaussenergia.com.br group-698ea497-ec60-4bde-b165-b8f9ccbb0cfe@process.st","2023-11-03T19:25:40.893Z","2024-02-07T12:31:23.420Z","","","","Overdue","3","21","88","Projeto FV"
"https://app.process.st/runs/hPi-PgXt2mKZO-kVyXBIxw","Maria Estela Mendes Alves 1 - Jussara 5021-F","pedro.pantaleao@gaussenergia.com.br","2021-07-22T14:35:05.938Z","2024-02-06T20:32:47.491Z","","","","Overdue","3","20","88","Projeto FV"
"https://app.process.st/runs/j5szn6_go1O5Olg7RtlECg","Maria Estela Mendes Alves 2 - Licinio Barreto (Laje) 5021.2-F","pedro.pantaleao@gaussenergia.com.br group-698ea497-ec60-4bde-b165-b8f9ccbb0cfe@process.st","2021-07-22T18:00:13.009Z","2024-02-06T20:32:38.883Z","","","","Overdue","1","31","88","Projeto FV"
"https://app.process.st/runs/ir00wsF1SIUCdpnx2oVEnQ","Erleilton Manoel Santana ME 7718-F","pedro.pantaleao@gaussenergia.com.br","2022-01-18T12:45:33.976Z","2024-02-06T18:44:58.047Z","","","","Overdue","2","20","88","Projeto FV"
"https://app.process.st/runs/pRw_4x95FbajvPjWIptDWw","Radio Lider - Radio Televisão de Irecê Ltda  Aumento 191.2-F","pedro.pantaleao@gaussenergia.com.br","2020-06-08T19:07:17.741Z","2024-02-06T14:47:48.993Z","","","","OnTrack","0","0","88","Projeto FV"
"https://app.process.st/runs/uR4R6Db7OAsAHvtGvpBHXg","Lirios Administraçao Imoveis Proprios Ltda / Hotel Vie do Capao 8273-F","pedro.pantaleao@gaussenergia.com.br group-698ea497-ec60-4bde-b165-b8f9ccbb0cfe@process.st","2022-05-24T14:42:35.056Z","2024-02-06T13:36:03.354Z","","","","Overdue","3","23","88","Projeto FV"
"https://app.process.st/runs/lkYFjzwJ3nKekoZk1WBPMA","Osias Cardoso Pimenta / Ueliton Alves Barreto 9262-F","pedro.pantaleao@gaussenergia.com.br group-698ea497-ec60-4bde-b165-b8f9ccbb0cfe@process.st","2022-10-06T14:16:32.026Z","2024-02-06T13:27:51.403Z","","","","Overdue","2","20","88","Projeto FV"
"https://app.process.st/runs/pXkECVQO1ywm48xs0e5EOg","Jose Dilson Gonçalves Dourado 1 / Fazenda Tres Irmas II.1 8383.1-F","pedro.pantaleao@gaussenergia.com.br","2022-06-03T13:52:35.629Z","2024-02-05T17:35:05.281Z","","","","Overdue","2","27","88","Projeto FV"
"https://app.process.st/runs/s5g8lDn6ghVK8MZaLh9H-w","Elismaria Nascimento de Souza - 10540-F","pedro.pantaleao@gaussenergia.com.br group-698ea497-ec60-4bde-b165-b8f9ccbb0cfe@process.st","2023-11-14T17:48:39.765Z","2024-02-05T13:59:26.429Z","","","","Overdue","3","21","88","Projeto FV"
"https://app.process.st/runs/j7pqbZXJBhiurVlmy69CNw","Francisco de Assis Gomes dos Santos AUMENTO - 3202-F","pedro.pantaleao@gaussenergia.com.br","2023-10-20T16:45:56.491Z","2024-02-05T13:58:52.490Z","","","","Overdue","3","21","88","Projeto FV"
"https://app.process.st/runs/pLeebdiZEyEqF4MJuvpJrA","Lourival Dantas - UNICOP 3180-F","pedro.pantaleao@gaussenergia.com.br","2020-03-17T14:26:25.157Z","2024-02-05T13:53:38.083Z","","","","Overdue","1","25","88","Projeto FV"
"https://app.process.st/runs/hruQXW1Hqot7ffGaXwJN7g","Espaço Hidro 1 1920-F","","2020-01-13T15:02:36.714Z","2024-02-02T17:46:10.034Z","","","","Overdue","4","21","88","Projeto FV"
"https://app.process.st/runs/lUGiWxelt9e0KZ0uzXNJDA","Espaço Hidro 2 1920.2-F","","2020-01-17T14:43:00.095Z","2024-02-02T17:42:22.267Z","","","","Overdue","5","21","88","Projeto FV"
"https://app.process.st/runs/hO6VXhpcVXPnbZzig8VBRw","Wilson Nunes / Karina --> Clínica Corpus -> Karina Lopes Gemus da Gama 2431-F","raniel.garcia@gaussenergia.com.br","2019-07-31T12:33:52.410Z","2024-02-02T14:11:39.645Z","","","","Overdue","4","19","88","Projeto FV"
"https://app.process.st/runs/ldp3GsCLesFkGhXFsRVBfA","Miriam Medina Bettencourt AUMENTO 7976-F","pedro.pantaleao@gaussenergia.com.br","2023-01-03T21:31:03.639Z","2024-02-02T14:06:44.763Z","","","","Overdue","3","19","88","Projeto FV"
"https://app.process.st/runs/peAYHovFObB28YpRlMVLRg","Renato Silva Filho 9309-F","pedro.pantaleao@gaussenergia.com.br group-698ea497-ec60-4bde-b165-b8f9ccbb0cfe@process.st","2022-10-25T19:03:38.806Z","2024-02-01T15:01:01.951Z","","","","Overdue","3","20","88","Projeto FV"
"https://app.process.st/runs/omn_9iiBt-QXiCJGgNhL8Q","Mari Celeste de Moraes Ferreira 9032-F","group-698ea497-ec60-4bde-b165-b8f9ccbb0cfe@process.st","2022-10-05T14:08:37.415Z","2024-02-01T13:51:46.709Z","","","","Overdue","3","25","88","Projeto FV"
"https://app.process.st/runs/gOnWFiwLFf32A_g5oU9Oqg","Vanessa Dourado Mascarenhas / Opticas Piramide 8540-F","pedro.pantaleao@gaussenergia.com.br group-698ea497-ec60-4bde-b165-b8f9ccbb0cfe@process.st","2022-07-07T18:27:04.948Z","2024-01-31T18:55:22.455Z","","","","Overdue","2","20","88","Projeto FV"
"https://app.process.st/runs/oOggNCJmfEEQHrdJ1B5G6g","Carlos Alberto Almeida Silva 1 (1 de Janeiro)","pedro.pantaleao@gaussenergia.com.br group-698ea497-ec60-4bde-b165-b8f9ccbb0cfe@process.st","2020-10-05T18:19:31.584Z","2024-01-31T17:35:29.380Z","","","","Overdue","2","23","88","Projeto FV"
"https://app.process.st/runs/tsy7B4luWsZFrq-yxnFJgg","Luciano dos Reis Souza / Jose Evaristo de Souza 6145-F","pedro.pantaleao@gaussenergia.com.br group-698ea497-ec60-4bde-b165-b8f9ccbb0cfe@process.st","2022-12-09T12:40:12.499Z","2024-01-31T14:58:19.552Z","","","","Overdue","3","22","88","Projeto FV"
"https://app.process.st/runs/qkzgMUthvkD9N83-JqNEIQ","Carolina Vidal Lopes 6174-F","group-698ea497-ec60-4bde-b165-b8f9ccbb0cfe@process.st","2021-08-05T16:57:08.455Z","2024-01-31T14:03:25.344Z","","","","Overdue","3","21","88","Projeto FV"
"https://app.process.st/runs/oO-3W1O7iPVViFCGOn9D-g","Cleber Martins Barreto 7879-F","pedro.pantaleao@gaussenergia.com.br group-698ea497-ec60-4bde-b165-b8f9ccbb0cfe@process.st","2022-12-07T13:11:48.601Z","2024-01-31T13:46:41.621Z","","","","Overdue","3","25","88","Projeto FV"
"https://app.process.st/runs/mYzDRMrjk3OtgzZ1j1NNiQ","Milena Mendes de Mendonça Moreira / Claudio Moreira 7163-F","pedro.pantaleao@gaussenergia.com.br","2021-10-18T20:07:08.929Z","2024-01-31T13:11:49.064Z","","","","Overdue","2","21","88","Projeto FV"
"https://app.process.st/runs/krLU9yWSOpmQh5sdHuVGIg","Francicleide Ferreira de Andrade - 10528-F","pedro.pantaleao@gaussenergia.com.br group-698ea497-ec60-4bde-b165-b8f9ccbb0cfe@process.st","2023-11-06T18:08:53.192Z","2024-01-30T14:51:11.383Z","","","","Overdue","2","20","88","Projeto FV"
"https://app.process.st/runs/g9CLEScixUsX34Oy1CREwg","Lourival Dantas Nogueira Filho 2 / Chacara - 10018-F","pedro.pantaleao@gaussenergia.com.br group-698ea497-ec60-4bde-b165-b8f9ccbb0cfe@process.st","2023-10-30T13:28:28.827Z","2024-01-30T14:50:56.143Z","","","","Overdue","3","21","88","Projeto FV"
"https://app.process.st/runs/rMe-sAeTMC3QGLbtQLNNgQ","Josercina Vieira de Lima Pereira - 10447-F","pedro.pantaleao@gaussenergia.com.br group-698ea497-ec60-4bde-b165-b8f9ccbb0cfe@process.st","2023-11-03T19:13:52.913Z","2024-01-30T14:50:39.043Z","","","","Overdue","3","21","88","Projeto FV"
"https://app.process.st/runs/vSdpNWlx2yabcNvupOlK-w","Creuza de Castro Dourado Ribeiro / Marcela Ribeiro - 10532-F","pedro.pantaleao@gaussenergia.com.br group-698ea497-ec60-4bde-b165-b8f9ccbb0cfe@process.st","2023-11-06T18:19:05.280Z","2024-01-30T14:50:24.464Z","","","","Overdue","3","21","88","Projeto FV"
"https://app.process.st/runs/odRtAsN1PNGQE0r6Lo5JZg","Heronildo Oliveira de Souza - 10346-F","pedro.pantaleao@gaussenergia.com.br group-698ea497-ec60-4bde-b165-b8f9ccbb0cfe@process.st","2023-09-22T18:53:05.133Z","2024-01-30T14:49:54.142Z","","","","Overdue","3","21","88","Projeto FV"
"https://app.process.st/runs/ixCD5ZcFd8ghjgbnVjlBhw","Heliofabio Cardoso Dourado 4 / Joao Dourado 3 - 9842.2-F","pedro.pantaleao@gaussenergia.com.br","2023-10-05T16:56:18.105Z","2024-01-30T14:48:21.474Z","","","","Overdue","2","20","88","Projeto FV"
"https://app.process.st/runs/giU_AWSIuoUunl1bAEdEeg","Jose Luiz Santos 2 / Fazenda Agua Limpa 8874.2-F","pedro.pantaleao@gaussenergia.com.br","2023-01-04T19:14:05.548Z","2024-01-29T17:50:30.170Z","","","","Overdue","3","20","88","Projeto FV"
"https://app.process.st/runs/iKjUILid1i6HS5OdIytEug","Nivaldo Pires de Oliveira/ Rico da Cebola 3507-F","pedro.pantaleao@gaussenergia.com.br group-698ea497-ec60-4bde-b165-b8f9ccbb0cfe@process.st","2020-07-06T19:53:53.443Z","2024-01-29T13:22:11.409Z","","","","Overdue","1","21","88","Projeto FV"
"https://app.process.st/runs/vjI1P_NwhZRYrD2U-exIRA","Geraldo Nunes da Silva / GND Distribuidora de Alimentos Ltda / Distribuidora Ice Kiss 8569-F","pedro.pantaleao@gaussenergia.com.br group-698ea497-ec60-4bde-b165-b8f9ccbb0cfe@process.st","2022-06-15T18:11:38.248Z","2024-01-29T12:31:25.496Z","","","","Overdue","2","20","88","Projeto FV"
"https://app.process.st/runs/g085lh3HyK992FQNnvdOTg","Mariangela Sampaio Ribeiro - 10407-F","pedro.pantaleao@gaussenergia.com.br","2023-10-05T17:13:47.271Z","2024-01-28T20:17:31.322Z","","","","Overdue","2","20","88","Projeto FV"
"https://app.process.st/runs/opzF7EJMTblMgnwuYQdJdw","Grazielle Dourado Dias - 10374-F","pedro.pantaleao@gaussenergia.com.br","2023-10-17T16:42:36.460Z","2024-01-28T12:57:28.349Z","","","","Overdue","3","24","88","Projeto FV"
"https://app.process.st/runs/nIhRZryem-fC0Oj5XrtLMQ","Luiz Guilherme Cavalcante Duarte 1 / Ibitita 1 - 10134.1-F","pedro.pantaleao@gaussenergia.com.br","2023-09-11T16:45:38.451Z","2024-01-28T12:57:15.265Z","","","","Overdue","3","21","88","Projeto FV"
"https://app.process.st/runs/sxlB3PlvwUbXQkNVN6ROCg","Luiz Guilherme Cavalcante Duarte 2 / Ibitita 2 - 10134.2-F","pedro.pantaleao@gaussenergia.com.br","2023-09-11T17:15:18.914Z","2024-01-28T12:57:01.344Z","","","","Overdue","3","24","88","Projeto FV"
"https://app.process.st/runs/o3A_ISDDHvrCrdPhBpNGtA","Antonio Veras de Oliveira - 10427-F","pedro.pantaleao@gaussenergia.com.br group-698ea497-ec60-4bde-b165-b8f9ccbb0cfe@process.st","2023-10-18T18:39:46.778Z","2024-01-28T12:56:28.365Z","","","","Overdue","3","21","88","Projeto FV"
"https://app.process.st/runs/uMx95luDnue-G0DpUudHQQ","Moacir Cedro Pimenta 5 / Fazenda Aroeira 2 / Antiga Fazenda Mosquito 10128-F","pedro.pantaleao@gaussenergia.com.br","2023-06-15T18:56:50.607Z","2024-01-26T13:34:03.782Z","","","","Overdue","2","20","88","Projeto FV"
"https://app.process.st/runs/qVdWY19dL7-Pk7fuS3BGKQ","JGE Patrimonial 3 / Galpão 10 / JGE 8700.3-F","pedro.pantaleao@gaussenergia.com.br group-698ea497-ec60-4bde-b165-b8f9ccbb0cfe@process.st","2022-09-21T20:35:38.591Z","2024-01-26T12:55:00.130Z","","","","Overdue","3","21","88","Projeto FV"
"https://app.process.st/runs/rc2UzkwjplEH_L5NOiJLlg","JGE Patrimonial 2 / Galpao 09 / JGE 8700.2-F","pedro.pantaleao@gaussenergia.com.br group-698ea497-ec60-4bde-b165-b8f9ccbb0cfe@process.st","2022-09-21T20:30:31.754Z","2024-01-26T12:52:03.992Z","","","","Overdue","3","24","88","Projeto FV"
"https://app.process.st/runs/li7zFYAG0Z4UOKdY53ZAUw","Joao Pedro de Azevedo Figueiredo - 10906-F","pedro.pantaleao@gaussenergia.com.br group-698ea497-ec60-4bde-b165-b8f9ccbb0cfe@process.st group-aa595f0b-d840-4fcb-8407-a22a023e7e0d@process.st","2024-01-25T14:29:46.038Z","2024-01-25T17:42:18.248Z","","","","OnTrack","0","3","88","Projeto FV"
"https://app.process.st/runs/nhp7WdlLTPK1OQIv9MdPXA","Alvaro Affonso Leiro Baqueiro 1249-F","","2018-12-10T18:34:43.211Z","2024-01-22T19:21:21.756Z","","","","Overdue","4","19","88","Projeto FV"
"https://app.process.st/runs/taLmKBxvPBNJ14ilcpRNZw","Antonio Costa Magalhaes 1 / Fazenda Periperi 1 - 8136.1-F","pedro.pantaleao@gaussenergia.com.br","2022-05-30T17:44:52.354Z","2024-01-22T14:08:13.669Z","","","","Overdue","3","21","88","Projeto FV"
"https://app.process.st/runs/nWlfslAPsao65fgbXHVO8g","Antonio Paolillo AUMENTO 7175-F","pedro.pantaleao@gaussenergia.com.br","2022-12-28T14:07:15.594Z","2024-01-19T16:40:55.013Z","","","","Overdue","3","20","88","Projeto FV"
"https://app.process.st/runs/rhwTJeIvnaNjpKdHGCJCpA","Hernandes dos Anjos Oliveira / Ernandes dos Anjos 5644-F","pedro.pantaleao@gaussenergia.com.br","2021-07-09T17:57:41.885Z","2024-01-19T15:24:15.616Z","","","","Overdue","3","24","88","Projeto FV"
"https://app.process.st/runs/sfINc97k7SnEmG55IBlPjA","Gilson de Almeida Rosa / Soraya Meira de Andrade Rosa 6183-F","raniel.garcia@gaussenergia.com.br group-698ea497-ec60-4bde-b165-b8f9ccbb0cfe@process.st","2021-11-29T18:58:40.428Z","2024-01-19T15:21:41.693Z","","","","Overdue","3","27","88","Projeto FV"
"https://app.process.st/runs/rYyyS-fOAxM4yD3Pf3BKag","Simone Pereira Leite Dourado 5625-F","pedro.pantaleao@gaussenergia.com.br group-698ea497-ec60-4bde-b165-b8f9ccbb0cfe@process.st","2022-03-28T17:56:53.509Z","2024-01-19T14:20:03.998Z","","","","OnTrack","0","25","88","Projeto FV"
"https://app.process.st/runs/oa8XRBoTyK5Lr7YaacVA3Q","Carlos Roberto de Melo Filho 3098-F","gabriel@gaussenergia.com.br","2020-02-04T20:56:17.244Z","2024-01-19T14:01:41.294Z","","","","Overdue","1","24","88","Projeto FV"
"https://app.process.st/runs/h0Jr5d3laqKet6pVxXtLHg","Virgínia Leite Ferreira Silva / Douglas Pereira 3037-F","pedro.pantaleao@gaussenergia.com.br group-698ea497-ec60-4bde-b165-b8f9ccbb0cfe@process.st","2021-01-22T14:20:30.180Z","2024-01-19T14:00:38.677Z","","","","Overdue","3","22","88","Projeto FV"
"https://app.process.st/runs/sILLO4HeskOqhBUQ1BJEwg","Condomínio Mansão Jaime Fingergut 1185-F","","2019-10-30T21:32:30.236Z","2024-01-19T13:45:06.637Z","","","","OnTrack","0","28","88","Projeto FV"
"https://app.process.st/runs/nU4hKfAW2HBC3rJUxIpGKQ","Otoniel Seixas Cardoso Neto 2 8413-F","pedro.pantaleao@gaussenergia.com.br","2022-05-25T14:25:50.920Z","2024-01-19T13:31:25.441Z","","","","Overdue","2","24","88","Projeto FV"
"https://app.process.st/runs/lvfIMy5J1aEGvdhN9vNHGg","Valeria Virginia / Mario Belarmino 3017-F","pedro.pantaleao@gaussenergia.com.br","2020-01-13T16:48:43.979Z","2024-01-18T15:13:29.265Z","","","","Overdue","5","20","88","Projeto FV"
"https://app.process.st/runs/rUTjEn4gGvagkhFbKX1Nfw","Alailson de Moura Oliveira 4061-F","pedro.pantaleao@gaussenergia.com.br group-698ea497-ec60-4bde-b165-b8f9ccbb0cfe@process.st","2020-11-26T20:17:24.235Z","2024-01-18T14:16:49.209Z","","","","Overdue","2","24","88","Projeto FV"
"https://app.process.st/runs/hnv-dyu4HqaiTQJwnaVPHw","Otoniel Seixas Cardoso Neto 3461-F","pedro.pantaleao@gaussenergia.com.br","2020-06-26T15:13:03.799Z","2024-01-18T12:30:04.254Z","","","","OnTrack","0","25","88","Projeto FV"
"https://app.process.st/runs/grLHYMvbI0szSTvOZG1OiA","Condomínio Solaris 3 - Primo 4 Guarita 3183.3-F","pedro.pantaleao@gaussenergia.com.br","2020-12-07T17:01:43.256Z","2024-01-18T11:17:39.300Z","","","","Overdue","1","22","88","Projeto FV"
"https://app.process.st/runs/ibzvCeLdLaDj0gBa8mtFgw","Condomínio Solaris 2 - BR 15 + Primo 4 Sul  3183.2-F","pedro.pantaleao@gaussenergia.com.br","2020-12-07T16:44:12.709Z","2024-01-18T11:09:03.901Z","","","","Overdue","3","22","88","Projeto FV"
"https://app.process.st/runs/oHMJTJeMhWpKXYGXRVdKtg","Wilguiman Rangel da Silva 7842-F","pedro.pantaleao@gaussenergia.com.br","2022-02-03T19:31:01.920Z","2024-01-18T10:45:00.796Z","","","","Overdue","2","26","88","Projeto FV"
"https://app.process.st/runs/lwXvMKBz_dQvYm0g6EFEiQ","Ademario Rodrigues dos Santos / Ademar Nunes dos Santos - 10347-F","pedro.pantaleao@gaussenergia.com.br group-698ea497-ec60-4bde-b165-b8f9ccbb0cfe@process.st group-aa595f0b-d840-4fcb-8407-a22a023e7e0d@process.st","2023-09-25T12:49:22.289Z","2024-01-17T19:04:45.006Z","","","","Overdue","1","20","88","Projeto FV"
"https://app.process.st/runs/uJh5PSNtAD7tPIMBO0VArg","Vanecia Malaquias de Sousa 9284-F","pedro.pantaleao@gaussenergia.com.br","2022-10-18T18:16:45.432Z","2024-01-17T13:51:38.580Z","","","","Overdue","3","21","88","Projeto FV"
"https://app.process.st/runs/r94EcigON0H-ztedpxxGhw","Allyson Oliveira Nunes ME 8804-F","pedro.pantaleao@gaussenergia.com.br","2022-09-02T18:03:48.079Z","2024-01-16T15:24:26.353Z","","","","Overdue","3","21","88","Projeto FV"
"https://app.process.st/runs/jUj3UM43BEki6sTZ3HlIKQ","Delio Santos Pereira 2196-F","group-698ea497-ec60-4bde-b165-b8f9ccbb0cfe@process.st","2019-12-13T14:09:26.888Z","2024-01-16T12:07:57.796Z","","","","Overdue","5","21","88","Projeto FV"
"https://app.process.st/runs/o00xfzhVRJTd9dc3DttFTA","Benedito Luis Bomfim de Araujo - 10434-F","","2024-01-15T16:51:28.828Z","2024-01-15T16:51:29.705Z","","","","OnTrack","0","0","88","Projeto FV"
"https://app.process.st/runs/rVWod65d9lELS-GSExxIjQ","Carlos Kleber - Luis Antônio 3912-F","pedro.pantaleao@gaussenergia.com.br","2020-12-08T17:41:52.781Z","2024-01-12T18:02:10.530Z","","","","Overdue","2","23","88","Projeto FV"
"https://app.process.st/runs/tqWe97h5i-Jo62sY1wNPMg","Alisson da Cunha Almeida 5576-F","group-698ea497-ec60-4bde-b165-b8f9ccbb0cfe@process.st","2021-07-12T19:37:43.062Z","2024-01-12T14:37:28.709Z","","","","Overdue","3","20","88","Projeto FV"
"https://app.process.st/runs/gKiWDqcMoD-K1I68hbhAWQ","Eduardo Mazzaroppi Barao Pereira 3 - Casa 8 AUMENTO - 5081.3-F","pedro.pantaleao@gaussenergia.com.br","2023-10-19T18:53:47.184Z","2024-01-12T13:32:35.086Z","","","","Overdue","3","21","88","Projeto FV"
"https://app.process.st/runs/omu5yG8OdtfEvl9DL95IyA","Heliofabio Cardoso Dourado 5 / Joao Dourado 4 - 9842.3-F","pedro.pantaleao@gaussenergia.com.br","2023-10-05T17:36:04.827Z","2024-01-12T13:30:14.189Z","","","","Overdue","2","20","88","Projeto FV"
"https://app.process.st/runs/t3MYoe_zXtAcf_ACsepPKg","Mirineide Lopes da Silva 7407-F","pedro.pantaleao@gaussenergia.com.br","2021-11-05T21:03:27.095Z","2024-01-11T19:14:59.617Z","","","","Overdue","2","21","88","Projeto FV"
"https://app.process.st/runs/p7XqssTXS8EgT3LfnJdGVg","Digeane Cunha Dourado / Simone Maria / Hamburgueria Dourado 3460-F","pedro.pantaleao@gaussenergia.com.br group-698ea497-ec60-4bde-b165-b8f9ccbb0cfe@process.st","2021-03-08T14:10:54.731Z","2024-01-11T18:52:31.685Z","","","","Overdue","3","28","88","Projeto FV"
"https://app.process.st/runs/lD7hO-kSKlfr_w6h6mRMgA","Luiz Otavio Marcolin - 4071-F","pedro.pantaleao@gaussenergia.com.br","2020-11-11T18:14:04.949Z","2024-01-11T18:11:27.593Z","","","","Overdue","1","20","88","Projeto FV"
"https://app.process.st/runs/me5cbwz9ic66TEMsuLFCAg","Milton Cesar Alves Forte 6082-F","pedro.pantaleao@gaussenergia.com.br","2021-07-23T19:40:46.770Z","2024-01-11T17:15:05.599Z","","","","Overdue","3","21","88","Projeto FV"
"https://app.process.st/runs/jHCXnQgjxdzoWyel_r5Htg","Egle Raoni de Brito Montenegro - 10169-F","pedro.pantaleao@gaussenergia.com.br","2024-01-11T13:38:35.602Z","2024-01-11T13:43:34.806Z","","","","OnTrack","0","0","88","Projeto FV"
"https://app.process.st/runs/lSaYKBmOVdTxVS9yD7NLRA","Diogo Menezes / Maria Alves 3940-F","pedro.pantaleao@gaussenergia.com.br group-698ea497-ec60-4bde-b165-b8f9ccbb0cfe@process.st","2020-10-16T14:32:47.860Z","2024-01-11T11:59:42.437Z","","","","Overdue","2","23","88","Projeto FV"
"https://app.process.st/runs/qjJ0LJ7qYWXPQgOwcMNASw","Casas Freire 2083-F","pedro.pantaleao@gaussenergia.com.br group-698ea497-ec60-4bde-b165-b8f9ccbb0cfe@process.st","2019-05-15T21:43:52.760Z","2024-01-10T20:06:31.232Z","","","","Overdue","4","17","88","Projeto FV"
"https://app.process.st/runs/mPh-EcdQrP88UllujZhOCw","Marluce Magalhaes Pinto AUMENTO 7053-F","pedro.pantaleao@gaussenergia.com.br group-aa595f0b-d840-4fcb-8407-a22a023e7e0d@process.st","2023-12-19T14:16:52.899Z","2024-01-10T12:48:47.007Z","","","","OnTrack","0","6","88","Projeto FV"
"https://app.process.st/runs/r3aCjpPoL4NlFxDTHmFKMQ","Emerson Souza Bastos / Pe de serra 2 (residencia) AUMENTO NAO HOMOLOGADO 4346-F","pedro.pantaleao@gaussenergia.com.br group-aa595f0b-d840-4fcb-8407-a22a023e7e0d@process.st","2024-01-10T12:22:31.629Z","2024-01-10T12:44:24.937Z","","","","OnTrack","0","2","88","Projeto FV"
"https://app.process.st/runs/u-vEHTKae69QiXzoG-xNnw","Luis Gustavo D El Rei Dattoli - 10469-F","pedro.pantaleao@gaussenergia.com.br","2023-10-25T18:03:05.859Z","2024-01-08T14:52:39.472Z","","","","Overdue","2","20","88","Projeto FV"
"https://app.process.st/runs/qhCEa4UtMhx203e4b4lMgQ","Luiz Guilherme Cavalcante Duarte 3 / Joao Dourado - 10134.3-F","pedro.pantaleao@gaussenergia.com.br","2023-09-11T17:47:37.170Z","2024-01-08T14:52:04.863Z","","","","Overdue","2","20","88","Projeto FV"
"https://app.process.st/runs/m26V9WPTM0OU9aB8sSNLBA","Eduardo Mazzaroppi Barao Pereira - Casa 7 AUMENTO - 5081-F","pedro.pantaleao@gaussenergia.com.br","2023-10-19T19:48:30.092Z","2024-01-08T14:51:35.811Z","","","","Overdue","2","20","88","Projeto FV"
"https://app.process.st/runs/uzxpGt8dMYTh2hgtD5NDTA","Heliofabio Cardoso Dourado 1 / Joao Dourado AUMENTO 6073.1-F","pedro.pantaleao@gaussenergia.com.br group-aa595f0b-d840-4fcb-8407-a22a023e7e0d@process.st","2023-12-05T13:49:35.334Z","2024-01-03T12:25:15.487Z","","","","OnTrack","0","13","88","Projeto FV"
"https://app.process.st/runs/pQ5UYWd2uxWrO6Qm829JKw","Marina Sampaio Ribeiro - 10360-F","pedro.pantaleao@gaussenergia.com.br","2023-10-11T18:43:45.564Z","2023-12-30T12:21:53.732Z","","","","Overdue","2","21","88","Projeto FV"
"https://app.process.st/runs/i88_NRIja6GixdLQOsxGMw","Luiz Guilherme Cavalcante Duarte 4 / Lapao - 10134.4-F","pedro.pantaleao@gaussenergia.com.br","2023-09-11T17:54:46.604Z","2023-12-30T12:21:36.735Z","","","","Overdue","2","20","88","Projeto FV"
"https://app.process.st/runs/kk5DAm_TINz9cwNQ39hPvw","George Porto Vieira 5039-F","pedro.pantaleao@gaussenergia.com.br","2021-05-13T14:07:39.299Z","2023-12-21T18:00:50.668Z","","","","Overdue","3","20","88","Projeto FV"
"https://app.process.st/runs/kmhBmH1qMPV3ZpVyLRJDBw","Caetano Justino da Silva Neto / Pretto 3176-F","pedro.pantaleao@gaussenergia.com.br group-aa595f0b-d840-4fcb-8407-a22a023e7e0d@process.st","2020-04-15T14:36:07.470Z","2023-12-19T18:46:28.470Z","","","","Overdue","1","26","88","Projeto FV"
"https://app.process.st/runs/raNjIR4zdpbhUNWAspZKjw","Thomaz Barreto Vieira 4576-F","pedro.pantaleao@gaussenergia.com.br","2021-05-06T19:51:58.830Z","2023-12-18T16:55:52.653Z","","","","Overdue","2","19","88","Projeto FV"
"https://app.process.st/runs/hAWq5PMlPGPMZC2fhqNJ0g","Edkilson de Jesus 6066-F","group-aa595f0b-d840-4fcb-8407-a22a023e7e0d@process.st","2021-08-05T13:44:28.293Z","2023-12-18T14:06:38.743Z","","","","Overdue","3","23","88","Projeto FV"
"https://app.process.st/runs/l1bvQ9U-0PxSsbFEo-ZFIw","Stanley Alves de Menezes / Maria José Maruim 6071-F","","2021-08-03T17:01:42.458Z","2023-12-18T13:03:00.284Z","","","","Overdue","3","19","88","Projeto FV"
"https://app.process.st/runs/m2E7KmvVKA8RCwJn9NpOdg","Myosote Pinheiro de Loureiro Maior / Patricia Paternostro 4240-F","pedro.pantaleao@gaussenergia.com.br group-698ea497-ec60-4bde-b165-b8f9ccbb0cfe@process.st","2020-12-22T19:11:53.626Z","2023-12-18T12:14:03.291Z","","","","Overdue","2","27","88","Projeto FV"
"https://app.process.st/runs/tDdN_SINCbzmYzbaFslL3g","Raphael Daumas Rego - 10309-F","pedro.pantaleao@gaussenergia.com.br","2023-09-21T14:32:30.266Z","2023-12-17T18:43:52.916Z","","","","Overdue","2","21","88","Projeto FV"
"https://app.process.st/runs/vYdvW-NQTs2Rj0NzHupIWA","João Moreira de Moura - 10340-F","pedro.pantaleao@gaussenergia.com.br","2023-09-19T17:32:09.683Z","2023-12-16T13:52:48.564Z","","","","Overdue","2","21","88","Projeto FV"
"https://app.process.st/runs/kqNJli5TiRjGFb1gB6FATA","Antonio Marcos Doria Vieira / Nubia Barros - 10233-F","pedro.pantaleao@gaussenergia.com.br group-698ea497-ec60-4bde-b165-b8f9ccbb0cfe@process.st","2023-09-05T14:52:50.494Z","2023-12-16T12:30:20.299Z","","","","Overdue","2","20","88","Projeto FV"
"https://app.process.st/runs/gaOa8-0KseZUE0VfbIhDVw","Anselmo Cedro Pimenta - 7905-F","pedro.pantaleao@gaussenergia.com.br","2022-03-07T16:59:24.389Z","2023-12-15T14:17:18.056Z","","","","Overdue","3","21","88","Projeto FV"
"https://app.process.st/runs/u6yDPbnIh0dxGFpZFmBPkQ","A Gomes da Silva  1487-F","","2018-12-10T18:34:55.242Z","2023-12-15T14:16:52.871Z","","","","Overdue","4","17","88","Projeto FV"
"https://app.process.st/runs/kuq6ymdQps9czSLEJpxO-w","Luiz Alves Barreto Neto AUMENTO - 10199-F","pedro.pantaleao@gaussenergia.com.br","2023-08-28T17:38:21.162Z","2023-12-15T13:48:16.090Z","","","","Overdue","3","28","88","Projeto FV"
"https://app.process.st/runs/lFuWwiAMLmbUp3mytVdJsg","Marcelo Miranda do Nascimento - 10714-F","pedro.pantaleao@gaussenergia.com.br","2023-12-13T15:20:40.005Z","2023-12-13T15:20:41.531Z","","","","OnTrack","0","0","88","Projeto FV"
"https://app.process.st/runs/u-Nu8_m7KL4MHmwXetJDjQ","Reginaldo Souza Martins 1697.2-F","pedro.pantaleao@gaussenergia.com.br","2019-01-31T12:44:42.726Z","2023-12-12T19:19:39.429Z","","","","Overdue","4","18","88","Projeto FV"
"https://app.process.st/runs/nL8E-gXV5vXOTMhU0apFHQ","Tiago Ferreira de Carvalho - 6326-F","pedro.pantaleao@gaussenergia.com.br","2022-02-15T19:44:11.446Z","2023-12-12T18:30:12.416Z","","","","OnTrack","0","28","88","Projeto FV"
"https://app.process.st/runs/jDiisnidZNqVr5bzZ-tMhA","Marciela da Silva Souza Sodre SUBSTITUICAO / Minemercado KML 4009-F","pedro.pantaleao@gaussenergia.com.br","2022-12-15T19:59:43.719Z","2023-12-12T14:19:56.198Z","","","","Overdue","3","19","88","Projeto FV"
"https://app.process.st/runs/skxwEnezG1fBl_tqdCJCtA","Mercantil Souza 4 - Novo Jandani -> Antônio Carlos Pereira de Souza 1740-F","pedro.pantaleao@gaussenergia.com.br","2019-02-07T18:29:45.929Z","2023-12-12T14:19:00.341Z","","","","Overdue","4","17","88","Projeto FV"
"https://app.process.st/runs/pd_pyMaiZDlhBwwR8PtKVw","Edvaldo de Jesus Ferreira (Israel) 3031-F","","2019-12-10T12:39:18.341Z","2023-12-12T13:58:08.397Z","","","","Overdue","4","19","88","Projeto FV"
"https://app.process.st/runs/gmQXhG5pJCk-geJUyDtCZQ","Calvert de Lima Barros 7051-F","pedro.pantaleao@gaussenergia.com.br group-698ea497-ec60-4bde-b165-b8f9ccbb0cfe@process.st","2021-09-21T15:02:33.704Z","2023-12-12T13:18:12.307Z","","","","OnTrack","0","28","88","Projeto FV"
"https://app.process.st/runs/qXfGl3AZoYSlk6uFm2lBlA","Neilton Ferreira dos Santos 2861-F","pedro.pantaleao@gaussenergia.com.br","2020-02-04T18:54:15.282Z","2023-12-12T12:17:55.168Z","","","","Overdue","5","18","88","Projeto FV"
"https://app.process.st/runs/oUD0sA7TsKTbXZg7H3ZIvQ","Altamir Augusto de Lima Brito 8411-F","pedro.pantaleao@gaussenergia.com.br group-aa595f0b-d840-4fcb-8407-a22a023e7e0d@process.st","2022-05-16T19:24:21.646Z","2023-12-11T17:47:07.879Z","","","","Overdue","3","23","88","Projeto FV"
"https://app.process.st/runs/qWzFEIfFDAQTyVSYhQxDqQ","Cidnalva de Araujo Puridade dos Santos 4373-F","pedro.pantaleao@gaussenergia.com.br group-698ea497-ec60-4bde-b165-b8f9ccbb0cfe@process.st","2021-03-10T18:20:57.106Z","2023-12-07T14:26:43.968Z","","","","Overdue","3","29","88","Projeto FV"
"https://app.process.st/runs/pfbm8jZlZtHj1peRUMFCDA","Jose Dilson Gonçalves 2 / Fazenda Lagedinho 8383.2-F","pedro.pantaleao@gaussenergia.com.br","2022-06-03T14:12:16.665Z","2023-12-07T13:37:53.578Z","","","","Overdue","3","28","88","Projeto FV"
"https://app.process.st/runs/oihh71xE8MyCq1_0BEtGMQ","Eusinio Lavigne Gesteira / E.E.S. Empreendimentos 3450-F","gabriel@gaussenergia.com.br group-698ea497-ec60-4bde-b165-b8f9ccbb0cfe@process.st","2020-06-04T18:21:33.651Z","2023-12-07T13:31:51.960Z","","","","Overdue","2","21","88","Projeto FV"
"https://app.process.st/runs/jj5_JEbWMuDtm1-lhpZCBw","Edivaldo Alves Machado Junior 9051-F","pedro.pantaleao@gaussenergia.com.br","2022-09-02T17:15:34.332Z","2023-12-06T14:50:32.884Z","","","","Overdue","3","21","88","Projeto FV"
"https://app.process.st/runs/km_v4at1IYetHCQtYm9OEA","Condominio Edificio Portal das Caravelas / Mozart Guanaes Gomes Junior 10050-F","pedro.pantaleao@gaussenergia.com.br","2023-08-07T19:12:50.108Z","2023-12-06T13:29:22.311Z","","","","Overdue","2","20","88","Projeto FV"
"https://app.process.st/runs/nDzfJygKjn-d1hpkjElPjA","Jose Wilson Salviano da Silva AUMENTO 2 5695-F","pedro.pantaleao@gaussenergia.com.br","2023-09-13T16:55:26.229Z","2023-12-05T20:34:21.618Z","","","","Overdue","3","20","88","Projeto FV"
"https://app.process.st/runs/lVGZfSpC-yQUs7xcB-pCCA","Marizete Martins de Oliveira - 10285-F","pedro.pantaleao@gaussenergia.com.br","2023-08-28T17:12:37.750Z","2023-12-05T20:31:42.511Z","","","","Overdue","2","21","88","Projeto FV"
"https://app.process.st/runs/uMbeCdrlugD0GnhBkgdIvw","Maria Orleide / Edvaldo Santos Moura Filho 2536-F","raniel.garcia@gaussenergia.com.br","2019-09-20T13:52:26.770Z","2023-12-05T20:01:01.757Z","","","","Overdue","4","28","88","Projeto FV"
"https://app.process.st/runs/ubB9XMMtAVUEcFMBNj9Mng","Vitor Antunes Carvalho ME 2 / Casa 9292-F","pedro.pantaleao@gaussenergia.com.br","2022-10-11T18:08:06.335Z","2023-12-05T14:53:36.776Z","","","","Overdue","3","21","88","Projeto FV"
"https://app.process.st/runs/gM6Y7519_a-2-iSTZTRMfA","Vitor Antunes Carvalho ME / Hotel 8733-F","pedro.pantaleao@gaussenergia.com.br","2022-07-21T17:22:08.574Z","2023-12-05T14:53:31.575Z","","","","Overdue","2","25","88","Projeto FV"
"https://app.process.st/runs/lrZGTpaKO0-BcG2BusBKfg","Carlos Benedito Zumaeta Rebouças 3989-F","pedro.pantaleao@gaussenergia.com.br","2021-02-10T14:34:04.508Z","2023-12-05T10:22:58.372Z","","","","Overdue","3","24","88","Projeto FV"
"https://app.process.st/runs/v0qPKvZOgkh0viPuu_hIwQ","Mega Varejao Matutino Supermercado 4 / Dijeane dos Santos 9630.2-F","pedro.pantaleao@gaussenergia.com.br","2022-12-29T19:32:30.836Z","2023-12-04T14:05:58.213Z","","","","Overdue","2","22","88","Projeto FV"
"https://app.process.st/runs/hmuCkag8rnkZsC-6ZtZJ0Q","Losimar Aparecido da Rocha 3360-F","pedro.pantaleao@gaussenergia.com.br group-698ea497-ec60-4bde-b165-b8f9ccbb0cfe@process.st","2021-01-28T14:27:24.100Z","2023-12-04T13:48:53.971Z","","","","Overdue","3","23","88","Projeto FV"
"https://app.process.st/runs/jj0jYUq_Z2hFgZ2Eg0JO9w","Edezia da Silva Paiva Sena 8599-F","pedro.pantaleao@gaussenergia.com.br","2022-06-29T18:40:45.347Z","2023-12-04T13:07:33.347Z","","","","Overdue","2","28","88","Projeto FV"
"https://app.process.st/runs/oc6W-jaE-iXJyILcGkxEkw","Irany Falcão de Castro ADEQUAÇAO - 10175-F","pedro.pantaleao@gaussenergia.com.br","2023-09-13T17:55:55.055Z","2023-12-02T19:43:24.609Z","","","","Overdue","2","20","88","Projeto FV"
"https://app.process.st/runs/lLFtS4dG8kq2pB8LvFtMuw","Bruno Santos Nunes - 10247-F","pedro.pantaleao@gaussenergia.com.br","2023-08-17T17:37:14.829Z","2023-12-02T19:43:13.082Z","","","","Overdue","3","25","88","Projeto FV"
"https://app.process.st/runs/gliziZSwKHa_fesowfBOhw","Orlando Cardoso Pimenta 10151-F","pedro.pantaleao@gaussenergia.com.br","2023-07-04T14:11:36.165Z","2023-12-02T12:58:04.529Z","","","","Overdue","2","21","88","Projeto FV"
"https://app.process.st/runs/mveqvUmg-eEPtyWq62BFxw","Gabriela Center LTDA / Luciana Reis - 9503-F","pedro.pantaleao@gaussenergia.com.br group-698ea497-ec60-4bde-b165-b8f9ccbb0cfe@process.st","2023-01-03T19:04:11.518Z","2023-12-02T12:55:06.598Z","","","","Overdue","3","25","88","Projeto FV"
"https://app.process.st/runs/je8eRaE2jMHEVlWLdKtIIg","Hamilton da Cunha e Silva / Zenaide Oliveira - 10286-F","pedro.pantaleao@gaussenergia.com.br group-698ea497-ec60-4bde-b165-b8f9ccbb0cfe@process.st","2023-09-04T17:21:14.438Z","2023-12-01T20:08:12.223Z","","","","Overdue","3","22","88","Projeto FV"
"https://app.process.st/runs/vLIXP0mb3VyGACLSa45EZw","Florisvaldo Alves de Oliveira - 10229-F","pedro.pantaleao@gaussenergia.com.br group-698ea497-ec60-4bde-b165-b8f9ccbb0cfe@process.st","2023-08-09T14:35:03.851Z","2023-12-01T20:08:03.225Z","","","","Overdue","2","21","88","Projeto FV"
"https://app.process.st/runs/nulXnaiYfZvFEebv8b1N9A","Ubiratan Cedro Pimenta 1 - 10240.1-F","pedro.pantaleao@gaussenergia.com.br group-698ea497-ec60-4bde-b165-b8f9ccbb0cfe@process.st","2023-07-31T14:47:19.058Z","2023-12-01T20:07:54.816Z","","","","Overdue","2","20","88","Projeto FV"
"https://app.process.st/runs/jSi18U5-u2cDWHAqvCNBDA","Joao Mauricio Botelho de Queiroz 2 / Praia do Forte 9584-F","pedro.pantaleao@gaussenergia.com.br","2022-12-27T17:23:33.267Z","2023-12-01T13:54:53.419Z","","","","Overdue","3","33","88","Projeto FV"
"https://app.process.st/runs/myFVKZ66NgRQr5t2lSJPzQ","Maria Jozilene Romao Parente AUMENTO NAO HOMOLOGADO - 3535-F","pedro.pantaleao@gaussenergia.com.br group-aa595f0b-d840-4fcb-8407-a22a023e7e0d@process.st","2023-11-30T12:25:48.935Z","2023-11-30T12:41:41.260Z","","","","OnTrack","0","2","88","Projeto FV"
"https://app.process.st/runs/l4oEixiCUPJKBHwi3VtCxw","Clínica Mãe / Clinica e Laboratório Melo Barros - 2538-F","pedro.pantaleao@gaussenergia.com.br","2019-09-12T21:25:02.785Z","2023-11-29T19:48:37.272Z","","","","Overdue","5","19","88","Projeto FV"
"https://app.process.st/runs/icdXNqit59QMYfxRXqFJMg","Francisco Bastos Cardoso 3529-F","pedro.pantaleao@gaussenergia.com.br group-aa595f0b-d840-4fcb-8407-a22a023e7e0d@process.st","2020-08-20T17:20:40.612Z","2023-11-29T18:49:04.970Z","","","","Overdue","1","24","88","Projeto FV"
"https://app.process.st/runs/tAPZSccfaPQmpeV1QxpNoA","V Gomes Barreto Comercial de Alimentos e Bebidas Ltda - Valfredo Gomes Barreto - 7350-F","pedro.pantaleao@gaussenergia.com.br group-698ea497-ec60-4bde-b165-b8f9ccbb0cfe@process.st","2022-02-22T17:14:28.856Z","2023-11-29T12:56:07.585Z","","","","Overdue","3","22","88","Projeto FV"
"https://app.process.st/runs/oGzmQtWmlDPz2BaBKKtKRw","Rodrigo Mascarenhas Veloso / Isis Barreto Silva Almeida 9511-F","pedro.pantaleao@gaussenergia.com.br group-698ea497-ec60-4bde-b165-b8f9ccbb0cfe@process.st","2022-12-20T12:01:27.439Z","2023-11-29T12:51:27.310Z","","","","Overdue","3","23","88","Projeto FV"
"https://app.process.st/runs/iZP4_mOf_BjkubN-_v5AhQ","Adriana dos Santos Alves - Jonas Eliel 2883-F","pedro.pantaleao@gaussenergia.com.br group-698ea497-ec60-4bde-b165-b8f9ccbb0cfe@process.st","2019-11-21T18:33:46.999Z","2023-11-28T19:52:05.786Z","","","","Overdue","5","17","88","Projeto FV"
"https://app.process.st/runs/vSzDDhYeHvhjCZwjekFOiQ","Celso Silva Dourado 3929-F","pedro.pantaleao@gaussenergia.com.br group-aa595f0b-d840-4fcb-8407-a22a023e7e0d@process.st","2020-11-03T17:16:03.276Z","2023-11-28T18:53:50.833Z","","","","Overdue","2","25","88","Projeto FV"
"https://app.process.st/runs/p25j1ESBRs5tpR2Bu7dJ6A","Rafael Costa Batista - 7975-F","pedro.pantaleao@gaussenergia.com.br group-698ea497-ec60-4bde-b165-b8f9ccbb0cfe@process.st group-aa595f0b-d840-4fcb-8407-a22a023e7e0d@process.st","2023-10-24T17:09:23.236Z","2023-11-28T16:53:15.694Z","","","","OnTrack","0","3","88","Projeto FV"
"https://app.process.st/runs/jvqz2y0GcTsHJEc95cJIzQ","Moacir Cedro Pimenta 3 / Residencias 8315-F","pedro.pantaleao@gaussenergia.com.br group-698ea497-ec60-4bde-b165-b8f9ccbb0cfe@process.st","2022-05-06T18:15:41.984Z","2023-11-28T12:39:39.223Z","","","","Overdue","3","21","88","Projeto FV"
"https://app.process.st/runs/n86e3S__5cXV9AhqIw1MNQ","Sônia Maria Rocha Silva / Ivo 2439-F","","2019-07-02T15:47:28.381Z","2023-11-27T19:23:11.021Z","","","","Overdue","4","24","88","Projeto FV"
"https://app.process.st/runs/p5ez-lujO8GwKSKamHROjA","Gilberto Manuel Ribeiro Ataide 10091-F / Paulo Ataide","pedro.pantaleao@gaussenergia.com.br","2023-07-04T17:11:37.857Z","2023-11-26T18:27:09.862Z","","","","Overdue","3","22","88","Projeto FV"
"https://app.process.st/runs/o1Dr0U8TTNqDXsNLXchIhg","Ubiratan Cedro Pimenta 2 - 10240.2-F","pedro.pantaleao@gaussenergia.com.br group-698ea497-ec60-4bde-b165-b8f9ccbb0cfe@process.st","2023-07-31T14:53:31.403Z","2023-11-26T18:26:29.433Z","","","","Overdue","2","20","88","Projeto FV"
"https://app.process.st/runs/p-nlSO6vVc4y8qP7RupOCA","Celso Luiz Braga de Castro 3817-F","pedro.pantaleao@gaussenergia.com.br","2020-12-17T13:18:27.999Z","2023-11-24T15:09:15.575Z","","","","Overdue","1","24","88","Projeto FV"
"https://app.process.st/runs/olAyof7NRF_zmCqdLgJNSQ","Anselmo Cedro Pimenta / Residencia AUMENTO NAO HOMOLOGADO - 7905-F","pedro.pantaleao@gaussenergia.com.br group-aa595f0b-d840-4fcb-8407-a22a023e7e0d@process.st","2023-11-24T14:44:38.761Z","2023-11-24T14:50:35.286Z","","","","OnTrack","0","2","88","Projeto FV"
"https://app.process.st/runs/vmyMwk3SWK5_H3s9I8ZAlw","Nivaldo Pires de Oliveira 2 / Rico da Cebola 2 6211-F","pedro.pantaleao@gaussenergia.com.br","2021-09-06T18:50:31.166Z","2023-11-24T14:38:00.969Z","","","","Overdue","3","21","88","Projeto FV"
"https://app.process.st/runs/l_aAtbLvwQPjbcqjm6tMJQ","Ramon Moitinho 9769-F","pedro.pantaleao@gaussenergia.com.br group-698ea497-ec60-4bde-b165-b8f9ccbb0cfe@process.st","2023-05-05T14:30:14.109Z","2023-11-24T14:21:14.957Z","","","","Overdue","3","25","88","Projeto FV"
"https://app.process.st/runs/vYvyZAOuKyCHN1fXU3VByA","Cleuzito Sodré Silva 3090-F","pedro.pantaleao@gaussenergia.com.br group-698ea497-ec60-4bde-b165-b8f9ccbb0cfe@process.st","2020-01-09T19:34:05.555Z","2023-11-23T13:51:21.580Z","","","","Overdue","4","20","88","Projeto FV"
"https://app.process.st/runs/h7ArUsd3YCNeNFNpO21LQA","Mercadinho Moreira 388-F","","2018-12-10T18:34:37.590Z","2023-11-22T19:10:32.594Z","","","","Overdue","4","16","88","Projeto FV"
"https://app.process.st/runs/jzrfrGUwgUM3-jtySw9KvA","Egidio Alves dos Santos Filho 8692-F","pedro.pantaleao@gaussenergia.com.br group-698ea497-ec60-4bde-b165-b8f9ccbb0cfe@process.st","2022-07-11T18:54:53.937Z","2023-11-17T18:34:58.569Z","","","","Overdue","2","22","88","Projeto FV"
"https://app.process.st/runs/trmQMFHdxIvDOym6qT9IAw","Oberti dos Santos Almeida 10227-F","pedro.pantaleao@gaussenergia.com.br","2023-08-09T17:39:05.190Z","2023-11-17T13:48:42.503Z","","","","Overdue","2","20","88","Projeto FV"
"https://app.process.st/runs/kCUO5W-Uhw8U3fqGukVNcQ","Allan Matos Dourado 5131-F","","2021-06-16T14:46:31.251Z","2023-11-14T18:35:40.638Z","","","","Overdue","3","21","88","Projeto FV"
"https://app.process.st/runs/vDoATG6xgUowUqjAWJ5LOA","Luiz Fernando Carvalho de Souza 5158-F","pedro.pantaleao@gaussenergia.com.br","2021-05-11T14:37:52.255Z","2023-11-14T17:53:48.457Z","","","","Overdue","2","19","88","Projeto FV"
"https://app.process.st/runs/uSIYoRPxF_bswkrdkFhE5A","Anilton Bastos Pereira 7136-F","pedro.pantaleao@gaussenergia.com.br","2021-10-05T19:13:39.656Z","2023-11-14T17:31:51.860Z","","","","Overdue","2","21","88","Projeto FV"
"https://app.process.st/runs/odmaRa_zE2yUvTMZHLlJVg","Joaquim Batista Pinto Filho 4972-F","pedro.pantaleao@gaussenergia.com.br group-698ea497-ec60-4bde-b165-b8f9ccbb0cfe@process.st","2021-08-02T17:34:51.733Z","2023-11-14T17:27:09.502Z","","","","Overdue","3","18","88","Projeto FV"
"https://app.process.st/runs/jlLcsZHKbJAa0DakbAdHIQ","Supermercado Santos 1 - Carlos Orlei 549.1-F","pedro.pantaleao@gaussenergia.com.br","2019-02-14T13:41:32.340Z","2023-11-14T16:18:15.675Z","","","","Overdue","5","17","88","Projeto FV"
"https://app.process.st/runs/kDpXJF7uio2Tg3eoWEFAHw","Supermercado Santos 2 - Carlos Orlei 549.2-F","pedro.pantaleao@gaussenergia.com.br","2019-02-14T16:56:26.908Z","2023-11-14T16:18:11.260Z","","","","Overdue","4","16","88","Projeto FV"
"https://app.process.st/runs/nFSmk0p9yFN6GaNvyWtDNA","Ede Luiz Seibel 2 - 10163.2-F","pedro.pantaleao@gaussenergia.com.br group-698ea497-ec60-4bde-b165-b8f9ccbb0cfe@process.st","2023-07-20T14:27:59.422Z","2023-11-13T19:02:59.693Z","","","","Overdue","3","22","88","Projeto FV"
"https://app.process.st/runs/g9fmVurqNH2hSB-TZhZOuA","Ede Luiz Seibel 1 - 10163.1-F","pedro.pantaleao@gaussenergia.com.br","2023-07-20T13:40:33.516Z","2023-11-13T19:02:50.512Z","","","","Overdue","2","21","88","Projeto FV"
"https://app.process.st/runs/kthQUlxoPO35M4WA3e9NDg","Andre Henrique Leal de Oliveira 8896-F","pedro.pantaleao@gaussenergia.com.br group-698ea497-ec60-4bde-b165-b8f9ccbb0cfe@process.st","2022-08-16T13:56:01.875Z","2023-11-13T14:17:18.536Z","","","","Overdue","3","21","88","Projeto FV"
"https://app.process.st/runs/ky3Nm4kdRoQPOcRBeIBAcQ","Helder Moreira de Novaes / Olavo Gomes de Novaes 9386-F","pedro.pantaleao@gaussenergia.com.br group-698ea497-ec60-4bde-b165-b8f9ccbb0cfe@process.st","2022-11-29T14:12:19.521Z","2023-11-13T13:49:52.174Z","","","","Overdue","3","21","88","Projeto FV"
"https://app.process.st/runs/icLJj-o8peR1ptuiyb1OpA","Irany Falcão de Castro - 10175-F","pedro.pantaleao@gaussenergia.com.br group-698ea497-ec60-4bde-b165-b8f9ccbb0cfe@process.st","2023-07-27T13:43:40.722Z","2023-11-13T13:49:08.838Z","","","","Overdue","2","20","88","Projeto FV"
"https://app.process.st/runs/i42fBJO3H4IkHH8c1XJMoA","Jose Ricardo / Panificadora Betel/Jose Odílio 3706-F","group-698ea497-ec60-4bde-b165-b8f9ccbb0cfe@process.st","2020-10-01T16:45:11.977Z","2023-11-13T13:05:32.957Z","","","","Overdue","2","28","88","Projeto FV"
"https://app.process.st/runs/kldJ5XOT3vC00ktHB39HuQ","Ana Simoes de Lunas Neta 9665-F","pedro.pantaleao@gaussenergia.com.br","2022-12-26T19:06:20.897Z","2023-11-09T12:29:36.515Z","","","","Overdue","2","19","88","Projeto FV"
"https://app.process.st/runs/q9kTSLNDrKTHISl8fotLXQ","Rodrigo Mascarenhas Veloso / Isis Barreto Silva Almeida AUMENTO NAO HOMOLOGADO 9511-F","pedro.pantaleao@gaussenergia.com.br group-698ea497-ec60-4bde-b165-b8f9ccbb0cfe@process.st group-aa595f0b-d840-4fcb-8407-a22a023e7e0d@process.st","2023-11-06T14:17:27.548Z","2023-11-08T18:52:36.256Z","","","","OnTrack","0","2","88","Projeto FV"
"https://app.process.st/runs/tigHV3JpYRkyQw395uBLBg","Katia Macedo / Cauê 2291-F","pedro.pantaleao@gaussenergia.com.br","2020-08-27T20:17:50.785Z","2023-11-08T17:15:20.281Z","","","","OnTrack","0","22","88","Projeto FV"
"https://app.process.st/runs/qlqyiZdTKRbs7WDeNjNMSQ","Joselito da Conceição Guedes 2549-F","raniel.garcia@gaussenergia.com.br","2019-10-09T15:07:25.541Z","2023-11-08T15:02:28.263Z","","","","Overdue","5","20","88","Projeto FV"
"https://app.process.st/runs/jxZSs_R-4TQa4Uii6t1JFg","Thiago Carvalho da Silva / Elite Fardamentos 7001-F","pedro.pantaleao@gaussenergia.com.br group-698ea497-ec60-4bde-b165-b8f9ccbb0cfe@process.st","2022-03-23T18:37:33.446Z","2023-11-08T13:09:11.154Z","","","","Overdue","1","24","88","Projeto FV"
"https://app.process.st/runs/j8YmgFZl_x8mdr4V6t1BEg","Maurilio Guimaraes / Cloves Lopes 2975-F","pedro.pantaleao@gaussenergia.com.br group-aa595f0b-d840-4fcb-8407-a22a023e7e0d@process.st","2020-01-22T13:42:11.733Z","2023-11-07T16:53:12.864Z","","","","Overdue","4","21","88","Projeto FV"
"https://app.process.st/runs/l0pMyT3V2ch8znAPx-JDLA","Gilson Jose da Silva 2 8612-F","pedro.pantaleao@gaussenergia.com.br","2022-06-28T19:10:15.295Z","2023-11-07T12:08:46.253Z","","","","Overdue","1","20","88","Projeto FV"
"https://app.process.st/runs/u3hx_Q-cmguCz0IIiSFDdQ","Clebio de Souza Sobrinho / Mario Jose Rocha / Joaquim 1712-F","pedro.pantaleao@gaussenergia.com.br group-698ea497-ec60-4bde-b165-b8f9ccbb0cfe@process.st","2021-06-07T14:43:24.886Z","2023-11-06T15:33:59.433Z","","","","Overdue","3","30","88","Projeto FV"
"https://app.process.st/runs/quynelJcjxSmNF7kmfhOJg","Ana Quiteria Dourado Vilela / Pabhlo  8676-F","pedro.pantaleao@gaussenergia.com.br","2022-07-15T14:03:31.443Z","2023-11-06T14:46:10.888Z","","","","Overdue","3","27","88","Projeto FV"
"https://app.process.st/runs/rbz2XzrMO2IHZ6EX7-1I_w","Armando Gerry de Andrade 4557-F","pedro.pantaleao@gaussenergia.com.br","2021-04-09T19:08:42.537Z","2023-11-06T14:19:02.696Z","","","","Overdue","2","22","88","Projeto FV"
"https://app.process.st/runs/nT-JqwOE1yhdePm_YSVOnw","Vagno Seixas de Oliveira -> Vilovaldo Seixas de Oliveira 1710-F","pedro.pantaleao@gaussenergia.com.br","2019-03-15T19:16:10.986Z","2023-11-06T13:11:40.542Z","","","","Overdue","4","18","88","Projeto FV"
"https://app.process.st/runs/iUe9mLga5j4ElQgUm9BG9w","Marcelo Cintra Zarif / Silvia Carneiro 4536-F","pedro.pantaleao@gaussenergia.com.br group-698ea497-ec60-4bde-b165-b8f9ccbb0cfe@process.st","2021-03-09T15:25:08.061Z","2023-11-01T19:05:58.330Z","","","","Overdue","3","25","88","Projeto FV"
"https://app.process.st/runs/hQJHyX73zLhwXxdU0Z5IJw","Alexandre Cerqueira Bastos 9281-F","pedro.pantaleao@gaussenergia.com.br","2022-12-26T19:19:37.275Z","2023-11-01T14:44:53.847Z","","","","Overdue","2","19","88","Projeto FV"
"https://app.process.st/runs/uv7xNEdjN634kH4dMk5L_g","Anderson Nogueira da Silva - 10179-F","pedro.pantaleao@gaussenergia.com.br group-698ea497-ec60-4bde-b165-b8f9ccbb0cfe@process.st group-aa595f0b-d840-4fcb-8407-a22a023e7e0d@process.st","2023-07-25T18:35:51.785Z","2023-11-01T13:13:17.695Z","","","","OnTrack","0","13","88","Projeto FV"
"https://app.process.st/runs/ikLzOL9odavEimhHR0BPJw","Francieli Tomaz da Silva - 10445-F","pedro.pantaleao@gaussenergia.com.br group-698ea497-ec60-4bde-b165-b8f9ccbb0cfe@process.st group-aa595f0b-d840-4fcb-8407-a22a023e7e0d@process.st","2023-10-23T14:24:52.651Z","2023-10-30T19:39:37.906Z","","","","OnTrack","0","3","88","Projeto FV"
"https://app.process.st/runs/j7fhsRaXpXit54JnGVJH1w","Temistocles Silva Pinto 413-F","","2018-12-10T18:34:37.429Z","2023-10-30T18:29:17.980Z","","","","Overdue","4","17","88","Projeto FV"
"https://app.process.st/runs/sZgIGtx7CxKJgiRLsBBOJg","Gleison Pereira da Silva 2809-F","pedro.pantaleao@gaussenergia.com.br group-698ea497-ec60-4bde-b165-b8f9ccbb0cfe@process.st","2020-12-07T17:39:33.736Z","2023-10-30T14:00:17.308Z","","","","Overdue","3","23","88","Projeto FV"
"https://app.process.st/runs/o4lB0Vd5o7xE3OTotOpFVA","Anderson Vaz Rodrigues / Barbara Emily Matos 9614-F","pedro.pantaleao@gaussenergia.com.br group-698ea497-ec60-4bde-b165-b8f9ccbb0cfe@process.st","2022-12-20T13:37:28.239Z","2023-10-30T12:47:50.899Z","","","","Overdue","3","20","88","Projeto FV"
"https://app.process.st/runs/tNtzs-R2KiHtJKJGiTZJ-A","Aguas Bravas Empreendimentos e Participacoes SPE Ltda 7 / Casa 07 9502.7-F","pedro.pantaleao@gaussenergia.com.br","2022-12-12T19:40:52.500Z","2023-10-30T12:41:49.815Z","","","","Overdue","2","20","88","Projeto FV"
"https://app.process.st/runs/srlOEIownYZgqb71ofZGPw","Agnaldo Alves dos Reis - 10253-F","pedro.pantaleao@gaussenergia.com.br group-698ea497-ec60-4bde-b165-b8f9ccbb0cfe@process.st","2023-08-14T14:42:40.565Z","2023-10-30T12:30:33.254Z","","","","Overdue","3","22","88","Projeto FV"
"https://app.process.st/runs/hwxwlAE2FWRCApnwhi5CfQ","Tereza Paim Gastronomia Ltda / Gustavo Praia do Forte 9326-F","pedro.pantaleao@gaussenergia.com.br","2022-11-08T19:20:04.497Z","2023-10-27T14:16:58.234Z","","","","Overdue","3","20","88","Projeto FV"
"https://app.process.st/runs/s8F5fQKBleCBR_k3585HQw","Leide Daiana Pereira Paiva 10131-F","pedro.pantaleao@gaussenergia.com.br","2023-07-04T19:11:07.320Z","2023-10-27T14:06:38.150Z","","","","Overdue","3","21","88","Projeto FV"
"https://app.process.st/runs/pfyXIRPuqV0QbvCyzRFEKQ","Almeida Clinica Medica / Gabriel Almeida 3391-F","pedro.pantaleao@gaussenergia.com.br group-698ea497-ec60-4bde-b165-b8f9ccbb0cfe@process.st","2020-06-01T19:43:13.534Z","2023-10-27T14:01:41.062Z","","","","Overdue","2","22","88","Projeto FV"
"https://app.process.st/runs/ugv6hf1I2RVIwghu2X5FEg","Alexander Bastos / Aurelino 2898-F","pedro.pantaleao@gaussenergia.com.br group-698ea497-ec60-4bde-b165-b8f9ccbb0cfe@process.st","2020-07-09T17:55:42.250Z","2023-10-27T13:54:17.950Z","","","","OnTrack","0","22","88","Projeto FV"
"https://app.process.st/runs/hM_uTwq41DasiFJJKf1AXQ","Tereza Paim Gastronomia Ltda / Gustavo Praia do Forte AUMENTO NAO HOMOLOGADO 9326-F","pedro.pantaleao@gaussenergia.com.br group-aa595f0b-d840-4fcb-8407-a22a023e7e0d@process.st","2023-10-26T13:16:07.964Z","2023-10-26T20:09:45.953Z","","","","OnTrack","0","2","88","Projeto FV"
"https://app.process.st/runs/n9PXDfyt1rxUZXCjfIhFnQ","Ryan Cerqueira / Valdir 1574-F","pedro.pantaleao@gaussenergia.com.br","2019-03-13T23:53:14.437Z","2023-10-26T19:33:55.776Z","","","","Overdue","4","18","88","Projeto FV"
"https://app.process.st/runs/h63jANkk3KPJKWkSbKJCyg","Marcos Paulo Tavares Gomes / Heitor Simoes 9431-F","pedro.pantaleao@gaussenergia.com.br group-698ea497-ec60-4bde-b165-b8f9ccbb0cfe@process.st","2022-12-13T18:19:40.449Z","2023-10-26T13:18:07.304Z","","","","Overdue","3","25","88","Projeto FV"
"https://app.process.st/runs/toNUMGr5xwleWO7A_EpI1Q","Maria Felix Alves 1337-F","pedro.pantaleao@gaussenergia.com.br group-698ea497-ec60-4bde-b165-b8f9ccbb0cfe@process.st","2021-01-27T20:22:45.686Z","2023-10-26T12:28:15.366Z","","","","Overdue","3","23","88","Projeto FV"
"https://app.process.st/runs/kYkpoBw24JVOSL0QtJhAaw","Daniel de Castro 4657-F","pedro.pantaleao@gaussenergia.com.br","2021-03-31T20:15:03.509Z","2023-10-25T13:08:32.143Z","","","","Overdue","3","21","88","Projeto FV"
"https://app.process.st/runs/l0fQMx7yJm6JoLXWjTZBeg","Fernando de Paiva Loula Dourado 3674-F","pedro.pantaleao@gaussenergia.com.br","2020-11-16T14:41:17.545Z","2023-10-25T13:07:36.174Z","","","","Overdue","1","22","88","Projeto FV"
"https://app.process.st/runs/u01qJttpeTAAwZdZKk1GmA","Eduardo Mazzaroppi Barao Pereira 3 - Casa 8 5081.3-F","pedro.pantaleao@gaussenergia.com.br","2021-11-18T19:53:32.221Z","2023-10-24T18:12:49.209Z","","","","Overdue","3","21","88","Projeto FV"
"https://app.process.st/runs/tyKhZbZDVnu0OXCQhtZOCw","Roberto Pires de Carvalho 9387-F","pedro.pantaleao@gaussenergia.com.br","2022-11-14T18:51:42.734Z","2023-10-24T16:35:16.577Z","","","","Overdue","3","21","88","Projeto FV"
"https://app.process.st/runs/jNdoytBE67KtQ9bfNqVOBA","Rouzani Pereira Barreto de Figueiredo 3 / Supermercado Estrela de Davi 3 - 10198-F","pedro.pantaleao@gaussenergia.com.br","2023-07-25T17:14:55.342Z","2023-10-24T14:22:42.085Z","","","","Overdue","3","22","88","Projeto FV"
"https://app.process.st/runs/gApwEsmrX5IFPdK8dqdLJA","Ricardo Nelli Kacerek Coccorese 3085-F","pedro.pantaleao@gaussenergia.com.br","2020-01-27T16:13:58.017Z","2023-10-23T18:52:43.092Z","","","","Overdue","4","19","88","Projeto FV"
"https://app.process.st/runs/jgabP7P02Th7qX8dIHlBIQ","Oscar Menezes Loiola 3875-F","pedro.pantaleao@gaussenergia.com.br group-698ea497-ec60-4bde-b165-b8f9ccbb0cfe@process.st","2020-10-15T19:53:36.863Z","2023-10-23T17:25:45.202Z","","","","Overdue","3","24","88","Projeto FV"
"https://app.process.st/runs/qKZcbepDCtcRbXdm5UhC9w","Silvestre e Oliveira 2517-F","","2020-01-07T16:25:45.183Z","2023-10-23T17:15:42.756Z","","","","Overdue","5","22","88","Projeto FV"
"https://app.process.st/runs/rhcNZ7O_fANf14SUnqJORg","Euno Machado de Oliveira 7554-F","pedro.pantaleao@gaussenergia.com.br group-698ea497-ec60-4bde-b165-b8f9ccbb0cfe@process.st","2022-02-04T19:20:57.046Z","2023-10-23T15:20:37.606Z","","","","Overdue","3","21","88","Projeto FV"
"https://app.process.st/runs/n9ii_u55If-ZvljbyZZNrw","Luiz Alves Barreto Neto - 10199-F","pedro.pantaleao@gaussenergia.com.br group-698ea497-ec60-4bde-b165-b8f9ccbb0cfe@process.st","2023-07-25T17:36:24.481Z","2023-10-22T17:23:11.026Z","","","","Overdue","3","22","88","Projeto FV"
"https://app.process.st/runs/vCXrwkWsNofIVtgMmAlIlg","Edilene Bastos dos Santos 9285-F","pedro.pantaleao@gaussenergia.com.br","2022-12-29T13:25:07.023Z","2023-10-20T13:17:10.267Z","","","","Overdue","2","23","88","Projeto FV"
"https://app.process.st/runs/mmDxF41TQ6TjtY9ObhNGCA","Associaçao Brasileira da Igreja de Jesus Cristo 6 / Jacobina 9112-F","pedro.pantaleao@gaussenergia.com.br group-698ea497-ec60-4bde-b165-b8f9ccbb0cfe@process.st","2022-11-09T14:01:15.933Z","2023-10-20T11:56:25.688Z","","","","Overdue","3","27","88","Projeto FV"
"https://app.process.st/runs/okYhXwlof4bDUiixrgNCOg","Priscilla Oliveira Martins Nascimento / Comercial Oliveira / Fabio Motos 3650-F","pedro.pantaleao@gaussenergia.com.br group-698ea497-ec60-4bde-b165-b8f9ccbb0cfe@process.st","2020-10-05T17:35:13.887Z","2023-10-19T17:57:23.546Z","","","","Overdue","2","22","88","Projeto FV"
"https://app.process.st/runs/i5MAwn1vGRihh6J6TCZN4Q","Cardio Vida 3964-F","pedro.pantaleao@gaussenergia.com.br","2020-10-14T19:23:09.663Z","2023-10-18T18:00:36.615Z","","","","Overdue","1","20","88","Projeto FV"
"https://app.process.st/runs/noLP7GJ6MDmBF0WBLu1F2w","Condomínio Oceania 1783-F","gabriel@gaussenergia.com.br","2019-02-08T18:03:44.629Z","2023-10-18T13:36:05.175Z","","","","Overdue","2","29","88","Projeto FV"
"https://app.process.st/runs/lcyZhl8aa0J5PST1YJ1PYw","William Henry Downs / Jorge Ferreira Costa 5164-F","pedro.pantaleao@gaussenergia.com.br group-698ea497-ec60-4bde-b165-b8f9ccbb0cfe@process.st","2021-05-11T17:48:18.696Z","2023-10-18T13:14:38.676Z","","","","Overdue","2","32","88","Projeto FV"
"https://app.process.st/runs/rNu6oupokhM0xyZUkx5JcA","Valquirio Rodrigues Sobrinho 4301-F","pedro.pantaleao@gaussenergia.com.br","2021-02-08T13:25:47.441Z","2023-10-18T13:12:53.807Z","","","","Overdue","3","22","88","Projeto FV"
"https://app.process.st/runs/o03-Wxy1oXo5sJetxUNEvQ","Pierre Crusoe Cangussu / Maria Lucia Crusoe 9169-F","pedro.pantaleao@gaussenergia.com.br group-698ea497-ec60-4bde-b165-b8f9ccbb0cfe@process.st","2022-10-06T18:13:54.191Z","2023-10-17T14:30:35.538Z","","","","Overdue","3","21","88","Projeto FV"
"https://app.process.st/runs/mVD8rIWGiiVRRT3cP_5F4g","Clinica COP / Clínica COP 1991-F","group-aa595f0b-d840-4fcb-8407-a22a023e7e0d@process.st","2019-12-23T21:49:30.686Z","2023-10-17T12:11:41.187Z","","","","Overdue","2","17","88","Projeto FV"
"https://app.process.st/runs/mOiQBV9L4axSusvWmIBLKw","Jessica Rocha de Jesus AUMENTO NAO HOMOLOGADO 7549-F","pedro.pantaleao@gaussenergia.com.br group-aa595f0b-d840-4fcb-8407-a22a023e7e0d@process.st","2023-10-16T18:55:04.262Z","2023-10-16T18:59:59.984Z","","","","OnTrack","0","1","88","Projeto FV"
"https://app.process.st/runs/puIUAWPcO7pmec2p7xtOZw","Leandro Martins - Solo 1682-F","pedro.pantaleao@gaussenergia.com.br","2020-04-07T14:22:44.253Z","2023-10-16T12:41:37.475Z","","","","Overdue","2","20","88","Projeto FV"
"https://app.process.st/runs/o6btGOh_4WJdOqBTlu9D8w","Helder Moreira de Novaes AUMENTO NAO HOMOLOGADO - 8379-F","pedro.pantaleao@gaussenergia.com.br group-aa595f0b-d840-4fcb-8407-a22a023e7e0d@process.st","2023-10-05T19:02:27.814Z","2023-10-16T12:12:28.040Z","","","","OnTrack","0","2","88","Projeto FV"
"https://app.process.st/runs/g6jIcm1qXyQ4bSS9idZApQ","Rosman Jose Vale Lima AUMENTO 5571-F","pedro.pantaleao@gaussenergia.com.br","2023-01-03T21:58:35.460Z","2023-10-11T19:24:32.003Z","","","","Overdue","3","23","88","Projeto FV"
"https://app.process.st/runs/ozEITr2I6ubbUKgn6GRKaQ","Edmauro Felix 1544-F","","2018-12-10T18:34:58.022Z","2023-10-11T14:31:09.967Z","","","","Overdue","4","28","88","Projeto FV"
"https://app.process.st/runs/n8gmHeUNQn6nr-STlQZL-Q","Erinaldo Vieira / Hiperlojão 539-F","pedro.pantaleao@gaussenergia.com.br","2019-09-06T17:11:12.488Z","2023-10-11T13:15:20.095Z","","","","Overdue","3","21","88","Projeto FV"
"https://app.process.st/runs/mZyT6ou2jQb6jEQS5-pEFA","José Bezerra de Lima - Galego Eletricista 1357-F","","2018-12-10T18:34:51.233Z","2023-10-10T19:56:12.313Z","","","","Overdue","4","25","88","Projeto FV"
"https://app.process.st/runs/g2kT_uBFZNZQAho_yKtFcw","Francisco da Silva - Araripina 8215-F","pedro.pantaleao@gaussenergia.com.br","2022-04-01T18:32:12.130Z","2023-10-10T19:49:29.442Z","","","","Overdue","1","22","88","Projeto FV"
"https://app.process.st/runs/nif7UMqACOqiwmGtdlZM0g","Virginia Barreto - Gilmar Barbosa 1 3032.1-F","","2020-01-09T18:30:40.810Z","2023-10-10T18:07:15.272Z","","","","Overdue","5","19","88","Projeto FV"
"https://app.process.st/runs/lQ2F-i669mCR4gkR7WZKLA","Virgilio Ribeiro dos Santos 4 / Sistema 75 kW 8908-F","pedro.pantaleao@gaussenergia.com.br","2022-08-11T18:51:53.780Z","2023-10-10T18:06:52.061Z","","","","Overdue","3","21","88","Projeto FV"
"https://app.process.st/runs/odCAWTis0pcvRR2wA9VAxQ","Enocival Dourado Freitas 7021-F","pedro.pantaleao@gaussenergia.com.br","2021-09-23T18:38:46.577Z","2023-10-10T12:55:37.197Z","","","","Overdue","3","28","88","Projeto FV"
"https://app.process.st/runs/tqaU0a0d5ZURcTcWX5dPJQ","Aleidiane Costa Silva 4398-F","pedro.pantaleao@gaussenergia.com.br","2021-02-18T21:01:38.255Z","2023-10-10T12:50:20.068Z","","","","Overdue","2","22","88","Projeto FV"
"https://app.process.st/runs/oAgz1r3OW4Lulfx6vgFI9g","Oliveira e Santos 1179-F","","2018-12-10T18:34:41.719Z","2023-10-09T17:25:10.189Z","","","","Overdue","4","18","88","Projeto FV"
"https://app.process.st/runs/lFUuigAjhvg3VpMD3xNCJQ","Comercial Maninho - Valtenice 1481-F","","2019-05-29T19:28:56.887Z","2023-10-09T16:55:07.582Z","","","","Overdue","5","22","88","Projeto FV"
"https://app.process.st/runs/i0p5FqzYnCgD1dPcHVxKWQ","Danilo Figueiredo Alves Pereira 2 / Mercado Barra do Mendes / Cestao da Economia 8680.2-F","pedro.pantaleao@gaussenergia.com.br group-698ea497-ec60-4bde-b165-b8f9ccbb0cfe@process.st","2022-09-09T17:38:26.360Z","2023-10-09T16:35:04.720Z","","","","Overdue","3","21","88","Projeto FV"
"https://app.process.st/runs/vbXdVzGPYjwA5Dgrd0VPng","Paulo Cesar Silva Santana AUMENTO - 9604-F","pedro.pantaleao@gaussenergia.com.br","2023-07-10T13:20:56.058Z","2023-10-08T12:49:39.513Z","","","","Overdue","3","22","88","Projeto FV"
"https://app.process.st/runs/i1ta5ZbKWaEWmpVIsmhHEw","Diogo Teixeira Barreto REALOCACAO 1248-F","pedro.pantaleao@gaussenergia.com.br","2022-12-28T17:36:58.790Z","2023-10-06T17:24:02.932Z","","","","Overdue","3","20","88","Projeto FV"
"https://app.process.st/runs/mtWB9K0eYZg392iyUN9CLw","Jose Rossini de Oliveira 6078-F","pedro.pantaleao@gaussenergia.com.br group-698ea497-ec60-4bde-b165-b8f9ccbb0cfe@process.st","2022-06-08T14:42:25.016Z","2023-10-05T15:26:52.091Z","","","","Overdue","2","23","88","Projeto FV"
"https://app.process.st/runs/gaw4bJMA7OQTHJgSTM5B9Q","João Pereira Freire 1653-F","pedro.pantaleao@gaussenergia.com.br group-aa595f0b-d840-4fcb-8407-a22a023e7e0d@process.st","2019-02-04T21:08:45.078Z","2023-10-04T16:55:01.043Z","","","","Overdue","3","8","88","Projeto FV"
"https://app.process.st/runs/nvTMVW7dEFcrVnQdt21B7Q","Arquivaldo Cardoso Pimenta / Iago Novaes AUMENTO NAO HOMOLOGADO - 8758-F","pedro.pantaleao@gaussenergia.com.br group-aa595f0b-d840-4fcb-8407-a22a023e7e0d@process.st","2023-08-21T17:35:50.820Z","2023-10-04T14:00:47.473Z","","","","OnTrack","0","3","88","Projeto FV"
"https://app.process.st/runs/ki1jyDeAml513UTGNyNJpw","Lenildo Jose Marques de Amorim / Geovana Montalvao da Silva 8767-F","pedro.pantaleao@gaussenergia.com.br group-698ea497-ec60-4bde-b165-b8f9ccbb0cfe@process.st","2022-08-05T19:15:38.728Z","2023-10-03T13:43:27.403Z","","","","Overdue","2","23","88","Projeto FV"
"https://app.process.st/runs/jhWSEuCGP0K2fBxxS4RGTg","Gildario Batista da Rocha 10161-F","pedro.pantaleao@gaussenergia.com.br","2023-07-12T18:07:35.078Z","2023-10-03T13:19:02.685Z","","","","Overdue","3","22","88","Projeto FV"
"https://app.process.st/runs/nQDS4qrSMpRIpAYanrRHlw","Vanessa Oliveira Lima 9985-F","pedro.pantaleao@gaussenergia.com.br","2023-07-04T18:29:09.399Z","2023-10-03T13:18:49.429Z","","","","Overdue","2","21","88","Projeto FV"
"https://app.process.st/runs/vSX47XuvFz35TfbHv8ZMZA","Gleicy Ramos Rocha Lessa / Igor Lessa AUMENTO NAO HOMOLOGADO 1017-F","pedro.pantaleao@gaussenergia.com.br group-aa595f0b-d840-4fcb-8407-a22a023e7e0d@process.st","2023-10-02T14:55:25.085Z","2023-10-02T15:00:33.143Z","","","","OnTrack","0","2","88","Projeto FV"
"https://app.process.st/runs/qfHrtDnLlUR67Vc9KYRHiA","Jose Sa de Jesus 4048-F","pedro.pantaleao@gaussenergia.com.br","2020-11-13T18:43:22.972Z","2023-10-02T14:53:58.767Z","","","","Overdue","3","22","88","Projeto FV"
"https://app.process.st/runs/j40gGP3Eti7bVWPd6TFLQg","Leandro Rodrigues de Oliveira / Doaldo 3294-F","pedro.pantaleao@gaussenergia.com.br group-698ea497-ec60-4bde-b165-b8f9ccbb0cfe@process.st group-aa595f0b-d840-4fcb-8407-a22a023e7e0d@process.st","2021-04-24T13:49:10.335Z","2023-10-02T13:11:16.754Z","","","","Overdue","3","19","88","Projeto FV"
"https://app.process.st/runs/g55v_13lKTtqfELNTgpJKg","Ok Auto Center Peças Pneus e S. Ltda / Copa 70 / 7922-F","pedro.pantaleao@gaussenergia.com.br group-698ea497-ec60-4bde-b165-b8f9ccbb0cfe@process.st group-aa595f0b-d840-4fcb-8407-a22a023e7e0d@process.st","2022-02-25T18:34:27.084Z","2023-10-02T13:07:58.822Z","","","","Overdue","2","22","88","Projeto FV"
"https://app.process.st/runs/tQ-5nwLI1pQ8wFe5OQBFTA","Maria Aparecida Matos de Souza Dourado / Luciano Dourado Nunes 8407-F","pedro.pantaleao@gaussenergia.com.br","2022-06-09T18:51:37.177Z","2023-10-02T12:06:40.472Z","","","","Overdue","2","21","88","Projeto FV"
"https://app.process.st/runs/kNM6nohMfXz7kYWR15BFQg","Ozenildo / Sertão Diesel 2324-F","raniel.garcia@gaussenergia.com.br","2019-05-29T13:57:25.210Z","2023-09-29T18:33:12.784Z","","","","Overdue","4","16","88","Projeto FV"
"https://app.process.st/runs/mAmMGWm0xh20MBqPQeVHMA","Panificadora Flor do Beiru 1 / Rafael Andrade de Araujo 7096.1-F","pedro.pantaleao@gaussenergia.com.br","2021-10-05T13:46:53.493Z","2023-09-29T12:55:31.417Z","","","","Overdue","2","25","88","Projeto FV"
"https://app.process.st/runs/sGlnBncUy27e7QoZKJ5OOA","J e Silva Comercial de Alimentos Eireli / Jose Antonio Alves Gonçalves ME 7904-F","pedro.pantaleao@gaussenergia.com.br group-698ea497-ec60-4bde-b165-b8f9ccbb0cfe@process.st","2022-03-30T17:33:38.450Z","2023-09-27T15:11:50.708Z","","","","Overdue","3","21","88","Projeto FV"
"https://app.process.st/runs/nEBmRQYGeMz9xuCy3XpDhw","Jorge Pereira Teles 3 - Residencia AUMENTO NAO HOMOLOGADO 8067-F","pedro.pantaleao@gaussenergia.com.br group-aa595f0b-d840-4fcb-8407-a22a023e7e0d@process.st","2023-05-05T17:06:15.283Z","2023-09-27T14:43:22.861Z","","","","OnTrack","0","2","88","Projeto FV"
"https://app.process.st/runs/nDhMghlREO9RhJKwqLdE5Q","Hidrofisio - Isabela Melo dos Anjos ME 1994-F","","2019-08-21T21:58:38.416Z","2023-09-27T14:20:59.024Z","","","","Overdue","5","19","88","Projeto FV"
"https://app.process.st/runs/jJwAnHEOP624VcYCmOlAaw","Jose Luiz Santos 4 / Fazenda Graciosa / Fazenda Água Limpa / Irrigaçao Cafe 8874.4-F","pedro.pantaleao@gaussenergia.com.br","2022-12-15T12:37:46.214Z","2023-09-26T19:38:23.602Z","","","","Overdue","3","20","88","Projeto FV"
"https://app.process.st/runs/lQvQAVKKJaAAZrtc8hdDwA","Marcos Sampaio de Souza 7260-F","pedro.pantaleao@gaussenergia.com.br","2021-10-20T13:38:00.619Z","2023-09-26T19:04:02.501Z","","","","Overdue","3","24","88","Projeto FV"
"https://app.process.st/runs/gC686aX77w7R6-OatzFCNw","Gleidison Antonio de Araujo 2543-F","raniel.garcia@gaussenergia.com.br group-aa595f0b-d840-4fcb-8407-a22a023e7e0d@process.st","2019-09-20T15:24:38.762Z","2023-09-26T17:06:07.970Z","","","","Overdue","4","23","88","Projeto FV"
"https://app.process.st/runs/gKIUX4hm-Ou6Oe_emQZDAQ","Jacson Gleidson de Sousa 7797-F","pedro.pantaleao@gaussenergia.com.br","2022-01-20T18:43:44.440Z","2023-09-25T14:36:42.991Z","","","","Overdue","3","22","88","Projeto FV"
"https://app.process.st/runs/vpcaLDYEpPRmA-wfFuVGeA","XL da Construção / Lyder 1 858.1-F","pedro.pantaleao@gaussenergia.com.br","2020-01-22T17:28:49.578Z","2023-09-21T12:43:51.232Z","","","","Overdue","4","19","88","Projeto FV"
"https://app.process.st/runs/m8-iHf-apcAAVD4GMglArA","XL da Construção / Lyder 2 858.2-F","pedro.pantaleao@gaussenergia.com.br","2020-04-24T18:51:30.601Z","2023-09-21T12:43:44.023Z","","","","Overdue","2","23","88","Projeto FV"
"https://app.process.st/runs/i9l0AGot7yU5nBVfaxRKYA","Edilza Bispo dos Santos Paz / Abimael 7282-F","pedro.pantaleao@gaussenergia.com.br group-698ea497-ec60-4bde-b165-b8f9ccbb0cfe@process.st","2021-10-15T19:55:18.492Z","2023-09-20T12:46:40.128Z","","","","Overdue","3","26","88","Projeto FV"
"https://app.process.st/runs/pKyhIByzTy6aqA6qgt1LmA","SRB Revendedora de Comb e Lubrif Ltda / Gustavo Sobral 8019-F","pedro.pantaleao@gaussenergia.com.br","2022-03-30T14:22:01.703Z","2023-09-19T17:56:12.813Z","","","","Overdue","2","23","88","Projeto FV"
"https://app.process.st/runs/lxJ0butu9HYhiKKiKmhJOQ","Francisco Marcelo da Silva Lima 2 / Residência 8187-F","pedro.pantaleao@gaussenergia.com.br group-698ea497-ec60-4bde-b165-b8f9ccbb0cfe@process.st","2022-04-08T18:54:30.695Z","2023-09-19T15:06:36.111Z","","","","Overdue","2","23","88","Projeto FV"
"https://app.process.st/runs/gNwvO41cwSfA5lyxfahPHg","Francisco Marcelo da Silva 1633-F","pedro.pantaleao@gaussenergia.com.br group-698ea497-ec60-4bde-b165-b8f9ccbb0cfe@process.st","2019-01-21T19:04:24.338Z","2023-09-19T14:59:14.528Z","","","","Overdue","5","17","88","Projeto FV"
"https://app.process.st/runs/uptSbK2k0e_O4RB_PV1LJg","Geneci Batista da Costa Rodrigues / Maria Augusta Batista Rodrigues 4348-F","pedro.pantaleao@gaussenergia.com.br","2021-04-22T13:41:04.978Z","2023-09-18T19:41:56.732Z","","","","Overdue","3","22","88","Projeto FV"
"https://app.process.st/runs/ghS56ldyvsKU2G1DrKJN1g","Danilo Leal Batista 1698-F","pedro.pantaleao@gaussenergia.com.br","2019-05-07T18:27:34.465Z","2023-09-18T13:33:55.750Z","","","","Overdue","4","15","88","Projeto FV"
"https://app.process.st/runs/gh5er1C-xoZlJSbl2StNcQ","Marluce Magalhaes Pinto 7053-F","pedro.pantaleao@gaussenergia.com.br","2021-09-29T14:19:13.480Z","2023-09-18T13:20:25.932Z","","","","Overdue","3","22","88","Projeto FV"
"https://app.process.st/runs/tCMl2PWEGbsRMptKua1BUg","Danilo Leal Batista 2 4376-F","pedro.pantaleao@gaussenergia.com.br group-698ea497-ec60-4bde-b165-b8f9ccbb0cfe@process.st","2021-01-22T17:58:17.061Z","2023-09-18T13:08:20.450Z","","","","Overdue","3","23","88","Projeto FV"
"https://app.process.st/runs/klr64TgV4S6m4hqoqxdBuA","Condomínio Parque Imperial 432-F","pedro.pantaleao@gaussenergia.com.br","2019-10-21T20:28:41.592Z","2023-09-14T19:30:40.626Z","","","","Overdue","5","21","88","Projeto FV"
"https://app.process.st/runs/rcKG_KbuMeG8LNQhbpxGMA","Sizenando Pereira Souza 3415-F","pedro.pantaleao@gaussenergia.com.br group-698ea497-ec60-4bde-b165-b8f9ccbb0cfe@process.st","2020-06-04T19:20:45.437Z","2023-09-14T12:38:41.545Z","","","","OnTrack","0","23","88","Projeto FV"
"https://app.process.st/runs/tw5ltbZy4fMLR57a45BCDw","Jose Wilson Salviano da Silva AUMENTO NÃO HOMOLOGADO 5695-F","pedro.pantaleao@gaussenergia.com.br group-aa595f0b-d840-4fcb-8407-a22a023e7e0d@process.st","2023-04-24T17:25:23.513Z","2023-09-13T16:59:10.493Z","","","","OnTrack","0","2","88","Projeto FV"
"https://app.process.st/runs/pmGmjx4xjPEiLwdWZHNFYA","Mercantil Souza 1 - Mercantil (Antônio Carlos Pereira de Souza) 2879.1-F","gabriel@gaussenergia.com.br","2020-01-06T19:51:38.470Z","2023-09-13T11:33:26.631Z","","","","Overdue","4","18","88","Projeto FV"
"https://app.process.st/runs/pfWcaQiPyAEqyINIRhFKXA","Mercantil Souza 2 - Casa (Antônio Carlos Pereira de Souza) 2879.2-F","gabriel@gaussenergia.com.br","2020-01-10T14:16:00.278Z","2023-09-13T11:33:04.065Z","","","","Overdue","5","19","88","Projeto FV"
"https://app.process.st/runs/rXBJekUXwy6h8oswb8VMqQ","E Rocha Bessa ME / Fiesta Park Hotel 1 / Jacobina - 5159-F","pedro.pantaleao@gaussenergia.com.br","2021-10-26T17:32:58.093Z","2023-09-12T15:01:22.299Z","","","","Overdue","2","27","88","Projeto FV"
"https://app.process.st/runs/plB6pVZQE9YwewIFwy9LZA","Joelivaldo Miranda 3293-F","group-698ea497-ec60-4bde-b165-b8f9ccbb0cfe@process.st","2020-04-22T18:11:35.767Z","2023-09-06T17:06:05.198Z","","","","Overdue","4","23","88","Projeto FV"
"https://app.process.st/runs/ufzoQUIbyh57Ay5bH4FEPg","Andre Sigiliano Paradela 5077-F","pedro.pantaleao@gaussenergia.com.br group-698ea497-ec60-4bde-b165-b8f9ccbb0cfe@process.st","2021-04-19T20:05:14.890Z","2023-09-06T16:46:35.302Z","","","","Overdue","3","23","88","Projeto FV"
"https://app.process.st/runs/r3Ja2MEZhrXjw977IF1Egg","Ricardo Paiva do Nascimento 6052-F","pedro.pantaleao@gaussenergia.com.br","2022-07-06T20:42:30.744Z","2023-09-06T16:32:09.156Z","","","","Overdue","3","22","88","Projeto FV"
"https://app.process.st/runs/gKCI8eR2uMMRUAsT289M6A","Helder Moreira de Novaes 8379-F","pedro.pantaleao@gaussenergia.com.br","2022-05-18T17:00:57.622Z","2023-09-05T18:47:47.832Z","","","","OnTrack","0","24","88","Projeto FV"
"https://app.process.st/runs/pECz_yJQNSMi21muIsVKGw","Fabio Seixas Cardoso / Mercado Fabio  1775-F","pedro.pantaleao@gaussenergia.com.br","2021-02-04T13:52:36.431Z","2023-09-04T13:38:29.099Z","","","","Overdue","3","21","88","Projeto FV"
"https://app.process.st/runs/qpZmDjNmStOKh69hqfFI9Q","Augusto Sergio Vasconcelos de Oliveira 9987-F","pedro.pantaleao@gaussenergia.com.br group-698ea497-ec60-4bde-b165-b8f9ccbb0cfe@process.st","2023-05-04T13:59:24.357Z","2023-09-02T12:40:29.744Z","","","","Overdue","3","25","88","Projeto FV"
"https://app.process.st/runs/jApZ7d4TNsEgDYBd4FpDJQ","Mario Malaquias de Sousa Filho 10016-F","pedro.pantaleao@gaussenergia.com.br group-698ea497-ec60-4bde-b165-b8f9ccbb0cfe@process.st","2023-05-16T14:10:10.529Z","2023-09-02T12:19:15.094Z","","","","Overdue","3","22","88","Projeto FV"
"https://app.process.st/runs/vXDTq8IUcdQrNK4A_GRAYQ","Velma Factum Dutra / Almir Dutra 9914-F","pedro.pantaleao@gaussenergia.com.br group-698ea497-ec60-4bde-b165-b8f9ccbb0cfe@process.st","2023-05-09T18:59:30.912Z","2023-09-02T12:18:23.527Z","","","","Overdue","2","21","88","Projeto FV"
"https://app.process.st/runs/q5kWTBueIpB1XFLmhgtBpg","Instituto Alfa de Medicina Integrada LTDA / Everton de Andrade Torres 9689-F","pedro.pantaleao@gaussenergia.com.br","2023-05-11T14:20:09.147Z","2023-09-02T12:17:59.620Z","","","","Overdue","3","25","88","Projeto FV"
"https://app.process.st/runs/tcwtqwRuDglpXWBr1ihN2A","Otoclinica da Cidade de Irece Ltda / Superclinica / Everton de Andrade Torres 10030-F","pedro.pantaleao@gaussenergia.com.br group-698ea497-ec60-4bde-b165-b8f9ccbb0cfe@process.st","2023-05-29T19:44:22.313Z","2023-09-02T12:08:47.903Z","","","","Overdue","2","21","88","Projeto FV"
"https://app.process.st/runs/hSV2wBGAqwN4IjMT8YlNdw","Gilmar Soares Coelho / Fernando Tude -> Caique Rios Da Silva Coelho 7930-F","pedro.pantaleao@gaussenergia.com.br group-698ea497-ec60-4bde-b165-b8f9ccbb0cfe@process.st","2022-03-07T14:45:40.618Z","2023-09-01T17:56:49.368Z","","","","Overdue","3","23","88","Projeto FV"
"https://app.process.st/runs/ndOmquvzo0vsCQJHa99Bng","Edivaldo Luiz Ferreira / Padaria Zabete AUMENTO 548-F","pedro.pantaleao@gaussenergia.com.br group-aa595f0b-d840-4fcb-8407-a22a023e7e0d@process.st","2023-08-29T18:42:47.347Z","2023-08-31T18:33:07.015Z","","","","OnTrack","0","9","88","Projeto FV"
"https://app.process.st/runs/tuujIp2heiIo6MLr4N5MBg","Leonardo Sena Gomes Teixeira 6202-F","pedro.pantaleao@gaussenergia.com.br","2021-08-12T14:25:41.486Z","2023-08-29T13:21:28.439Z","","","","Overdue","3","19","88","Projeto FV"
"https://app.process.st/runs/k_yOa_UO1HTwgE2rWShBIw","Euriclesia Amorim de Sousa Barreto / Carlos Alves 4319-F","pedro.pantaleao@gaussenergia.com.br group-698ea497-ec60-4bde-b165-b8f9ccbb0cfe@process.st","2021-02-05T17:28:20.116Z","2023-08-28T14:45:01.664Z","","","","Overdue","3","26","88","Projeto FV"
"https://app.process.st/runs/lOVaCbzqPGQQZwkhQjhLqg","Marcela Alves Santana Rebouças 2 7113-F","pedro.pantaleao@gaussenergia.com.br group-698ea497-ec60-4bde-b165-b8f9ccbb0cfe@process.st","2021-12-02T19:34:51.109Z","2023-08-28T12:23:38.417Z","","","","Overdue","3","22","88","Projeto FV"
"https://app.process.st/runs/iAllXhguIKqSGzWIoctE9g","Francisco de Oliveira Santos / CETAF / Cirleide Camarão 9523-F","pedro.pantaleao@gaussenergia.com.br group-698ea497-ec60-4bde-b165-b8f9ccbb0cfe@process.st","2022-12-13T13:38:30.652Z","2023-08-25T14:03:23.005Z","","","","Overdue","3","24","88","Projeto FV"
"https://app.process.st/runs/rbOtjJrPX015IfFqSY5F-A","Bar do Leno / Heleno Izidio Silva - 1505-F","","2018-12-10T18:34:56.490Z","2023-08-24T13:55:14.458Z","","","","Overdue","4","23","88","Projeto FV"
"https://app.process.st/runs/okmE3yW7ZCDTLOOlxXZFiw","Debora Maria Almeida Dias AUMENTO / Edvalso / Autoescola Irece 3812-F","pedro.pantaleao@gaussenergia.com.br","2023-01-04T12:23:13.161Z","2023-08-24T13:11:09.274Z","","","","Overdue","3","20","88","Projeto FV"
"https://app.process.st/runs/q-tvApzUlxCvleh8RYNOzw","Valdeni José Rocha 2789-F","raniel.garcia@gaussenergia.com.br","2019-11-01T13:10:07.660Z","2023-08-23T18:39:47.108Z","","","","Overdue","4","20","88","Projeto FV"
"https://app.process.st/runs/vEIfWNDEw4x9502QUVhHCg","Dijuan Marlon Ramos Dourado 9671-F","pedro.pantaleao@gaussenergia.com.br","2022-12-26T19:56:50.290Z","2023-08-23T14:07:39.619Z","","","","Overdue","2","19","88","Projeto FV"
"https://app.process.st/runs/rkdzgfIAg1XGWASlpfBIhw","Leandro Silva Oliveira 7892-F","pedro.pantaleao@gaussenergia.com.br","2022-03-16T14:05:46.059Z","2023-08-22T18:28:50.311Z","","","","OnTrack","0","25","88","Projeto FV"
"https://app.process.st/runs/uEqpFh6dFk_6TEeP8P5B0w","Vagner Darlei Costa de Alencar / Elizangela Tavares de Oliveira 8463-F","pedro.pantaleao@gaussenergia.com.br group-698ea497-ec60-4bde-b165-b8f9ccbb0cfe@process.st","2022-10-25T14:01:26.088Z","2023-08-22T14:08:23.017Z","","","","Overdue","3","28","88","Projeto FV"
"https://app.process.st/runs/t-4J3MwayHMNrQZ39eVAQQ","Milton Oliveira Santos Silva 9279-F","pedro.pantaleao@gaussenergia.com.br","2022-11-03T13:40:57.881Z","2023-08-22T13:39:22.418Z","","","","Overdue","3","20","88","Projeto FV"
"https://app.process.st/runs/tMnxlFB8VGP8fyK1W2hMsg","Perfil Patrimonial Ltda Epp 6 / Praia do Forte 2597.6-F","pedro.pantaleao@gaussenergia.com.br","2022-07-07T17:51:45.877Z","2023-08-21T14:14:18.478Z","","","","Overdue","3","26","88","Projeto FV"
"https://app.process.st/runs/uFoARwa3V2_L74gmOrpM-A","Noberta Bacelar Novaes Santos 6063-F","group-aa595f0b-d840-4fcb-8407-a22a023e7e0d@process.st","2021-07-09T18:05:47.365Z","2023-08-21T13:32:02.444Z","","","","Overdue","3","18","88","Projeto FV"
"https://app.process.st/runs/m_OFYOHfHw6vw3Av34VN_A","Luiz Wanderley 1 1452.1-F","","2018-12-10T18:34:54.362Z","2023-08-18T18:18:42.593Z","","","","Overdue","5","20","88","Projeto FV"
"https://app.process.st/runs/ptGAa46Mcjjq0iFjxZNHjg","Jose Batista Pinto  6337-F","pedro.pantaleao@gaussenergia.com.br","2022-11-24T13:48:37.149Z","2023-08-18T16:57:01.845Z","","","","Overdue","3","20","88","Projeto FV"
"https://app.process.st/runs/hS2JlEsBBERtXCpVhyFJ_A","Jose Henrique Mendonça Costa 2 / Fazenda Jaborandi 8267.2-F","pedro.pantaleao@gaussenergia.com.br","2022-12-26T14:14:00.153Z","2023-08-18T14:45:00.232Z","","","","Overdue","3","19","88","Projeto FV"
"https://app.process.st/runs/qTgTtA7abjFApsFJE9VOxQ","Supermercado Coração - Galpão novo / Gessivaldo 2 3141.2-F","pedro.pantaleao@gaussenergia.com.br","2020-11-01T21:10:18.339Z","2023-08-18T13:42:38.178Z","","","","Overdue","3","29","88","Projeto FV"
"https://app.process.st/runs/k8tsD10Do5J3wUUlDCxDCA","Abrigo Salvador - ETAPA 2 Estacionamento Crematorio 9918-F","pedro.pantaleao@gaussenergia.com.br group-aa595f0b-d840-4fcb-8407-a22a023e7e0d@process.st","2023-05-09T17:57:54.967Z","2023-08-18T13:36:18.541Z","","","","OnTrack","0","17","88","Projeto FV"
"https://app.process.st/runs/gFeqMOjuyIbsyh7vy-BDIg","Silvio Luiz Xavier de Lima 9359-F","pedro.pantaleao@gaussenergia.com.br group-aa595f0b-d840-4fcb-8407-a22a023e7e0d@process.st","2022-11-04T16:52:35.558Z","2023-08-18T12:58:58.706Z","","","","Overdue","3","25","88","Projeto FV"
"https://app.process.st/runs/m9zvvAoKSfuP-wP3FHJNcg","Gilberto Gomes Costa Junior / GL locações / Sergipe 4963-F","pedro.pantaleao@gaussenergia.com.br","2021-08-11T22:01:10.747Z","2023-08-17T16:37:45.498Z","","","","Overdue","3","20","88","Projeto FV"
"https://app.process.st/runs/rQmTJ0DILYSQWxtguUVPoQ","Espaço Hidro Clinica de Fisioterapia Ltda 1 ADEQUAÇÃO","pedro.pantaleao@gaussenergia.com.br","2022-12-28T18:44:13.278Z","2023-08-16T13:56:23.816Z","","","","Overdue","2","19","88","Projeto FV"
"https://app.process.st/runs/i6_ht4OeoZth3Xx5fvRPvw","Josue de Azevedo Rezende 2  5674.2-F","pedro.pantaleao@gaussenergia.com.br group-698ea497-ec60-4bde-b165-b8f9ccbb0cfe@process.st","2021-09-04T23:37:46.731Z","2023-08-16T13:41:37.450Z","","","","Overdue","3","22","88","Projeto FV"
"https://app.process.st/runs/jprMxSABSbXZVlQWRGpJ3A","Humberto Sturaro - Bruno Colnago 2981-F","","2020-01-16T17:57:48.455Z","2023-08-16T13:17:29.431Z","","","","Overdue","4","19","88","Projeto FV"
"https://app.process.st/runs/jN8c4WxX3jh_eqZjhC5JYA","Juliana de Fatima Garcia Diniz / Erasmo de Souza 9941-F","pedro.pantaleao@gaussenergia.com.br group-698ea497-ec60-4bde-b165-b8f9ccbb0cfe@process.st","2023-05-09T17:20:21.577Z","2023-08-15T19:07:43.077Z","","","","Overdue","2","21","88","Projeto FV"
"https://app.process.st/runs/jvw27RTC_1w1e7GYn55Kuw","Outlet da Construçao Ltda 8048-F","pedro.pantaleao@gaussenergia.com.br","2022-10-20T19:06:03.088Z","2023-08-14T14:39:12.133Z","","","","Overdue","2","19","88","Projeto FV"
"https://app.process.st/runs/igJAdkz54REEweKaeVZM6A","Manoel Soares Magalhaes 2 9564-F","pedro.pantaleao@gaussenergia.com.br group-698ea497-ec60-4bde-b165-b8f9ccbb0cfe@process.st","2022-12-16T14:36:56.876Z","2023-08-14T13:28:29.927Z","","","","Overdue","3","21","88","Projeto FV"
"https://app.process.st/runs/tlbUbO4a2SKdB9nkoC9LOw","Pousada Pier do Pontal Ltda-ME / Jose Adrian Flroes Bustamante 8217-F","pedro.pantaleao@gaussenergia.com.br group-698ea497-ec60-4bde-b165-b8f9ccbb0cfe@process.st","2022-11-23T13:30:27.410Z","2023-08-13T13:17:05.325Z","","","","Overdue","2","22","88","Projeto FV"
"https://app.process.st/runs/kO6hMG063cohAZvWbitBpg","Edvaldo Viana Menezes 9975-F","pedro.pantaleao@gaussenergia.com.br","2023-05-02T17:12:53.200Z","2023-08-13T12:35:43.156Z","","","","Overdue","2","20","88","Projeto FV"
"https://app.process.st/runs/lKIzyfkrqPRY3V7lIH9GXA","Micael Martins Sousa Novais 10048-F","pedro.pantaleao@gaussenergia.com.br","2023-05-26T17:13:02.499Z","2023-08-12T17:08:39.791Z","","","","Overdue","3","21","88","Projeto FV"
"https://app.process.st/runs/rr-W_J-NdzpVO6Xq04xC9g","Lisani de Azevedo Vilas Boas AUMENTO / Adriano 3346-F","pedro.pantaleao@gaussenergia.com.br","2023-01-04T13:18:24.829Z","2023-08-12T17:07:25.354Z","","","","Overdue","3","27","88","Projeto FV"
"https://app.process.st/runs/ljHNLAhjXODrUSml_VlFZw","Jairo Santana Dias Cia Ltda / Rafael Dias Paolilo 6158-F","pedro.pantaleao@gaussenergia.com.br","2021-11-01T14:41:58.907Z","2023-08-11T16:17:55.588Z","","","","Overdue","3","22","88","Projeto FV"
"https://app.process.st/runs/iwISPyGXsm3zPOsd0WBPDA","Creuza Ramos de Mattos 4652-F","pedro.pantaleao@gaussenergia.com.br","2021-04-06T13:43:26.463Z","2023-08-11T15:40:02.512Z","","","","Overdue","3","22","88","Projeto FV"
"https://app.process.st/runs/uPAuZGQQqdyGi912ajdFww","Antonio Lomes do Nascimento 4 / Radio Regional de Alagoinhas 9318-F","pedro.pantaleao@gaussenergia.com.br group-698ea497-ec60-4bde-b165-b8f9ccbb0cfe@process.st","2022-10-21T12:06:23.318Z","2023-08-11T14:54:14.610Z","","","","Overdue","3","20","88","Projeto FV"
"https://app.process.st/runs/r4hceM9A3S5IQxHuV49N8g","Marcela Alves Santana Rebouças / Paulo Roberto 4328-F","pedro.pantaleao@gaussenergia.com.br group-698ea497-ec60-4bde-b165-b8f9ccbb0cfe@process.st","2021-01-20T15:26:02.122Z","2023-08-11T13:18:02.870Z","","","","Overdue","3","25","88","Projeto FV"
"https://app.process.st/runs/gTTsKu6Jk1LC23CLxWhPBg","Aguas Bravas Empreendimentos e Participacoes SPE Ltda 4 / Casa 04 --> GAUSS ENGENHARIA LTDA 9502.4","pedro.pantaleao@gaussenergia.com.br","2022-12-12T18:51:38.829Z","2023-08-11T12:02:50.422Z","","","","Overdue","2","24","88","Projeto FV"
"https://app.process.st/runs/sRJrwtMxOdzpqyYqeMpBcA","Sertão Ferro / Edson Machado 1977-F","pedro.pantaleao@gaussenergia.com.br","2019-12-19T12:48:44.909Z","2023-08-11T11:58:02.229Z","","","","Overdue","5","19","88","Projeto FV"
"https://app.process.st/runs/msbkXG2jEQZb42XNO65MCw","João Americo de Farias 2527-F","pedro.pantaleao@gaussenergia.com.br","2020-03-11T14:17:59.663Z","2023-08-10T13:02:20.177Z","","","","Overdue","4","20","88","Projeto FV"
"https://app.process.st/runs/mGGadX9_GWfXOqfo3jpJJQ","Jozilei / Mercado Seixas 1325-F","pedro.pantaleao@gaussenergia.com.br","2019-03-15T14:08:22.946Z","2023-08-10T12:44:03.031Z","","","","Overdue","4","17","88","Projeto FV"
"https://app.process.st/runs/oAOqwCn3dx8OBjOJgOVC7g","Sandra Leticia da Silva Rodrigues AUMENTO / Rogerio de Almeida Farani 5679-F","pedro.pantaleao@gaussenergia.com.br","2022-12-28T13:52:09.099Z","2023-08-10T12:28:23.870Z","","","","Overdue","3","20","88","Projeto FV"
"https://app.process.st/runs/muvESlLKFaEslU8ICMpEyQ","Ismenia Machado Mateus  9501-F","pedro.pantaleao@gaussenergia.com.br group-698ea497-ec60-4bde-b165-b8f9ccbb0cfe@process.st","2022-12-22T12:17:25.839Z","2023-08-09T16:26:10.462Z","","","","Overdue","3","20","88","Projeto FV"
"https://app.process.st/runs/vk3gSe6DztBv88B_zbhLXg","Jose Dilson Gonçalves Dourado 4 / Jamala 8383.4-F","pedro.pantaleao@gaussenergia.com.br","2022-06-03T20:02:54.116Z","2023-08-09T16:14:38.806Z","","","","Overdue","2","25","88","Projeto FV"
"https://app.process.st/runs/kxinulObo1OW3gS-p51NWg","Alan Evangelista de Sousa / Rosinete Ribeiro / Isabela Barreto 9632-F","pedro.pantaleao@gaussenergia.com.br group-698ea497-ec60-4bde-b165-b8f9ccbb0cfe@process.st group-aa595f0b-d840-4fcb-8407-a22a023e7e0d@process.st","2022-12-26T12:55:00.504Z","2023-08-09T14:12:34.377Z","","","","Overdue","2","18","88","Projeto FV"
"https://app.process.st/runs/qxnVXnxfVDrqskJk61xKdg","Efraim Gorges 3044-F","gabriel@gaussenergia.com.br","2020-01-17T20:12:11.503Z","2023-08-08T16:06:15.293Z","","","","Overdue","2","21","88","Projeto FV"
"https://app.process.st/runs/gqS2wQK3BHpyymaiRsxCTw","Diego Antonio Parada Haye 9694-F","pedro.pantaleao@gaussenergia.com.br","2023-01-03T21:19:46.772Z","2023-08-07T13:55:46.505Z","","","","Overdue","3","20","88","Projeto FV"
"https://app.process.st/runs/qdZSM6fpUWuBbQlH4iVM2A","Hedemi Menezes da Silva / Prolab 7687-F","pedro.pantaleao@gaussenergia.com.br group-698ea497-ec60-4bde-b165-b8f9ccbb0cfe@process.st","2022-02-02T19:41:14.532Z","2023-08-07T13:41:27.061Z","","","","Overdue","3","26","88","Projeto FV"
"https://app.process.st/runs/luE72IKg_fM3p8PxdTFMKQ","Brena Calini Marques da Silva Sales / Sonia Maria 10011-F","pedro.pantaleao@gaussenergia.com.br group-698ea497-ec60-4bde-b165-b8f9ccbb0cfe@process.st","2023-05-23T17:52:00.287Z","2023-08-05T16:57:45.539Z","","","","Overdue","3","21","88","Projeto FV"
"https://app.process.st/runs/onYaShIjLAY8tg7Cd7RHDw","Centro de Educação Integral de Irecê 9067-F","pedro.pantaleao@gaussenergia.com.br group-698ea497-ec60-4bde-b165-b8f9ccbb0cfe@process.st","2023-05-16T14:49:04.577Z","2023-08-05T15:25:56.554Z","","","","Overdue","3","25","88","Projeto FV"
"https://app.process.st/runs/rQ04E-Uu22J3gWkzwGpN6Q","Jorge Pereira Teles 2 - Lajedo de Euripedes AUMENTO NAO HOMOLOGADO 7739-F","pedro.pantaleao@gaussenergia.com.br group-aa595f0b-d840-4fcb-8407-a22a023e7e0d@process.st","2023-05-22T17:32:55.644Z","2023-08-04T18:11:39.964Z","","","","OnTrack","0","2","88","Projeto FV"
"https://app.process.st/runs/kIyR7-xQZtPHD5yXGQhFNg","Wilton Queiroz 1120-F","raniel.garcia@gaussenergia.com.br","2019-02-14T14:49:07.838Z","2023-08-03T17:59:31.868Z","","","","Overdue","5","21","88","Projeto FV"
"https://app.process.st/runs/uzvtjfB63xAgR6Fwx0dNiQ","Aureslindo Pires - 2 728.2-F","pedro.pantaleao@gaussenergia.com.br group-698ea497-ec60-4bde-b165-b8f9ccbb0cfe@process.st","2019-01-10T18:46:12.942Z","2023-08-03T17:07:32.907Z","","","","Overdue","4","19","88","Projeto FV"
"https://app.process.st/runs/pLcjK6lsCtAG-f8u81tLeg","Condominio Reserva Timeantube 8859-F","pedro.pantaleao@gaussenergia.com.br","2022-12-27T17:36:55.138Z","2023-08-02T19:26:44.784Z","","","","Overdue","2","22","88","Projeto FV"
"https://app.process.st/runs/mKnwdsG4zx_oSaxkeJxB-w","Luiz Fernando de Souza Ramos 8830-F","pedro.pantaleao@gaussenergia.com.br","2022-12-26T20:08:11.672Z","2023-08-02T18:40:45.091Z","","","","Overdue","3","26","88","Projeto FV"
"https://app.process.st/runs/jvldwHpc-FWdLCwoTSdE_A","Antonio Aloisio Cerqueira Nunes - 4128-F","pedro.pantaleao@gaussenergia.com.br","2020-12-21T20:47:28.336Z","2023-08-02T16:53:52.522Z","","","","Overdue","2","20","88","Projeto FV"
"https://app.process.st/runs/t9-5TEZwS3MzGcQ9xKNKWA","Hebert Carvalho Palma - 4135-F","pedro.pantaleao@gaussenergia.com.br","2020-12-17T13:50:11.237Z","2023-08-02T16:53:42.923Z","","","","Overdue","2","21","88","Projeto FV"
"https://app.process.st/runs/gCTbDQWk1yB-zI8s101K2A","Gercinio Martins da Silva 4352-F","pedro.pantaleao@gaussenergia.com.br","2021-02-09T18:52:01.480Z","2023-08-02T16:50:52.797Z","","","","Overdue","2","19","88","Projeto FV"
"https://app.process.st/runs/scQ2pcvObZxLInRuAeNHgw","Hospital de Atendimento M. I. L. ME 1 / HAMI / AV. Caraibas / Auridete 7661.1-F","pedro.pantaleao@gaussenergia.com.br","2022-08-19T12:39:55.001Z","2023-08-02T14:03:22.448Z","","","","Overdue","2","30","88","Projeto FV"
"https://app.process.st/runs/kL_j05Ekohv4t4m8LuRFaA","Rafael Dias Oliveira 4603-F","pedro.pantaleao@gaussenergia.com.br group-698ea497-ec60-4bde-b165-b8f9ccbb0cfe@process.st","2021-04-13T21:04:53.869Z","2023-08-01T19:15:49.189Z","","","","Overdue","2","21","88","Projeto FV"
"https://app.process.st/runs/nvYm799R78u0jvg9M1VMVw","Antonio Carlos Sousa Brandao 7101-F","pedro.pantaleao@gaussenergia.com.br","2021-11-03T20:10:07.432Z","2023-08-01T17:40:34.918Z","","","","Overdue","3","21","88","Projeto FV"
"https://app.process.st/runs/j6n_-Hv5HkaTCNzxpW5NfA","Antonio Alves de Menezes 9307-F","pedro.pantaleao@gaussenergia.com.br","2022-11-11T13:32:07.667Z","2023-08-01T14:26:58.777Z","","","","Overdue","3","20","88","Projeto FV"
"https://app.process.st/runs/k3DCgAFO2cTgtc1qAtdJGA","Elvis Sousa Rodrigues 1 AUMENTO / Irece 1065.1-F","pedro.pantaleao@gaussenergia.com.br","2022-12-23T15:05:52.604Z","2023-07-31T17:43:11.889Z","","","","Overdue","3","22","88","Projeto FV"
"https://app.process.st/runs/gmBsm5sjnCeCFAH9V-BACA","João Pereira / Maria Aparecida - 1653-F","raniel.garcia@gaussenergia.com.br","2019-03-01T18:41:39.729Z","2023-07-31T14:56:08.337Z","","","","Overdue","5","19","88","Projeto FV"
"https://app.process.st/runs/g6YywLrFYgc8D9weweVCAQ","Bomboniere Nunes  / Josefa Ferreira Neta Nunes AUMENTO 1525-F","pedro.pantaleao@gaussenergia.com.br","2022-07-05T16:53:33.687Z","2023-07-29T15:01:34.239Z","","","","Overdue","3","21","88","Projeto FV"
"https://app.process.st/runs/oFm6p6hFFKoNs-TroedJRA","Carlos Eduardo Sena da Silva 6036-F","pedro.pantaleao@gaussenergia.com.br","2021-10-01T18:58:48.599Z","2023-07-28T13:17:32.120Z","","","","Overdue","3","25","88","Projeto FV"
"https://app.process.st/runs/myfauOxxNqSYam9s7RFISg","Rouzani Pereira Barreto de Figueiredo 2 / Supermercado Estrela de Davi 2 / David Rodrigues 8290-F","pedro.pantaleao@gaussenergia.com.br group-698ea497-ec60-4bde-b165-b8f9ccbb0cfe@process.st","2022-04-13T18:22:49.407Z","2023-07-27T14:00:33.403Z","","","","OnTrack","0","23","88","Projeto FV"
"https://app.process.st/runs/vpoGPNkek_pubrt7nPtLNQ","Manoel Soares 2191-F","pedro.pantaleao@gaussenergia.com.br","2019-10-28T20:12:48.290Z","2023-07-26T16:48:06.224Z","","","","Overdue","5","20","88","Projeto FV"
"https://app.process.st/runs/ndpLtl-1PX3FHqEJXtRD6w","W4 3 - aumento do projeto 1 067.3-F","pedro.pantaleao@gaussenergia.com.br","2021-10-14T18:54:33.423Z","2023-07-26T16:28:33.250Z","","","","Overdue","2","26","88","Projeto FV"
"https://app.process.st/runs/rBsnBiOsLuLOhdiImktEnA","AHR Empreendimentos Hoteleiros / Edmara N S Peleteiro / Vigo Patrimonial / Motel Class 4193-F","pedro.pantaleao@gaussenergia.com.br group-698ea497-ec60-4bde-b165-b8f9ccbb0cfe@process.st","2021-03-02T20:43:45.895Z","2023-07-26T14:02:29.135Z","","","","Overdue","3","22","88","Projeto FV"
"https://app.process.st/runs/jYHrc3n2IhUplRx02VBIIQ","Lupercino de Souza Neto 3512-F","pedro.pantaleao@gaussenergia.com.br group-698ea497-ec60-4bde-b165-b8f9ccbb0cfe@process.st","2021-02-09T13:20:59.097Z","2023-07-26T13:51:25.818Z","","","","Overdue","3","23","88","Projeto FV"
"https://app.process.st/runs/i8by1wEsvzkwcO3MmmJG1w","Condominio Edf Alto da Enseada  7684-F","pedro.pantaleao@gaussenergia.com.br","2022-09-26T18:53:29.557Z","2023-07-26T12:16:11.435Z","","","","Overdue","2","24","88","Projeto FV"
"https://app.process.st/runs/oS_ovTccM4TboqYDM7JEag","Ineuzita Fernandes 2500-F","raniel.garcia@gaussenergia.com.br","2019-10-22T13:34:22.611Z","2023-07-25T18:32:24.765Z","","","","Overdue","5","23","88","Projeto FV"
"https://app.process.st/runs/uvp-PCFDRuyM4r0J1tBFXQ","Eliana Fernandes / Criança e Cia 2988-F","pedro.pantaleao@gaussenergia.com.br","2020-01-28T17:03:38.179Z","2023-07-25T16:45:15.024Z","","","","Overdue","5","21","88","Projeto FV"
"https://app.process.st/runs/mzO4uHRUv2YyJ_MdaVZCXg","Joao Carlos dos Santos Novais / Luciana Novaes 9021-F","pedro.pantaleao@gaussenergia.com.br group-698ea497-ec60-4bde-b165-b8f9ccbb0cfe@process.st","2022-12-13T13:28:12.452Z","2023-07-24T14:38:49.964Z","","","","Overdue","3","21","88","Projeto FV"
"https://app.process.st/runs/uxM9O1uUobrsW8fzbAtARg","Adeilson Bastos da Silva / Anderson Bastos - 4114-F","pedro.pantaleao@gaussenergia.com.br group-698ea497-ec60-4bde-b165-b8f9ccbb0cfe@process.st group-aa595f0b-d840-4fcb-8407-a22a023e7e0d@process.st","2021-05-03T19:10:04.333Z","2023-07-21T18:01:18.175Z","","","","Overdue","4","25","88","Projeto FV"
"https://app.process.st/runs/o_g_i6kdKzfcPaqJ8qZNIg","Danilo Dourado Bezerra 10096-F","pedro.pantaleao@gaussenergia.com.br group-aa595f0b-d840-4fcb-8407-a22a023e7e0d@process.st","2023-07-04T17:42:11.335Z","2023-07-21T13:02:49.437Z","","","","OnTrack","0","13","88","Projeto FV"
"https://app.process.st/runs/lWAIb5B2wZrDY_wXcTBNmw","Elvis Sousa Rodrigues 2 1065.2-F","pedro.pantaleao@gaussenergia.com.br group-698ea497-ec60-4bde-b165-b8f9ccbb0cfe@process.st","2020-10-29T18:00:05.397Z","2023-07-20T14:18:24.740Z","","","","Overdue","2","24","88","Projeto FV"
"https://app.process.st/runs/uya4Dw3r8XIOVD8ZyyhPgg","Mercadinho Queiroz / Adao dos Santos Queiroz 9175-F","pedro.pantaleao@gaussenergia.com.br group-698ea497-ec60-4bde-b165-b8f9ccbb0cfe@process.st","2023-02-21T20:57:02.478Z","2023-07-18T14:59:07.413Z","","","","Overdue","3","21","88","Projeto FV"
"https://app.process.st/runs/uYCjp6aSfmpp6f5j875Obg","Jose Rocha Neto - 2708-F","pedro.pantaleao@gaussenergia.com.br group-698ea497-ec60-4bde-b165-b8f9ccbb0cfe@process.st","2019-12-19T21:00:48.270Z","2023-07-17T18:31:28.441Z","","","","Overdue","5","19","88","Projeto FV"
"https://app.process.st/runs/mUHvUUAGKc_Af-ZTrjNHFQ","Nivaldo Ferreira Nunes 4208-F","pedro.pantaleao@gaussenergia.com.br","2020-12-10T18:59:29.943Z","2023-07-17T16:27:25.354Z","","","","Overdue","2","19","88","Projeto FV"
"https://app.process.st/runs/g9GGoeIhTniBxE1GZvhNiw","Cristovão Bonfim da Silva 4136-F","pedro.pantaleao@gaussenergia.com.br group-698ea497-ec60-4bde-b165-b8f9ccbb0cfe@process.st","2020-12-16T15:00:08.638Z","2023-07-17T16:18:05.977Z","","","","Overdue","3","23","88","Projeto FV"
"https://app.process.st/runs/rcBZIqp2pWm8JEOV0RFCCw","Hans Guerrieri Schleier Filho 4254-F","pedro.pantaleao@gaussenergia.com.br","2021-01-13T13:43:46.337Z","2023-07-17T15:20:16.508Z","","","","Overdue","3","23","88","Projeto FV"
"https://app.process.st/runs/vxDWqWsLg6xdax7IVDZNyQ","Mauricio Rocha de Cerqueira Lima Souza - Sonia Raquel 9324-F","pedro.pantaleao@gaussenergia.com.br group-698ea497-ec60-4bde-b165-b8f9ccbb0cfe@process.st","2022-10-25T17:03:28.974Z","2023-07-17T15:08:24.432Z","","","","Overdue","3","20","88","Projeto FV"
"https://app.process.st/runs/lqwfWn1_mXliJnLfUmhGig","Danilo Andrade Peixoto Rego 9269-F","pedro.pantaleao@gaussenergia.com.br group-698ea497-ec60-4bde-b165-b8f9ccbb0cfe@process.st","2022-10-26T14:35:33.155Z","2023-07-17T15:08:09.825Z","","","","Overdue","3","21","88","Projeto FV"
"https://app.process.st/runs/ol4l-zk8w-tdUYJdOBlHeg","Antonio Danilo Machado de Carvalho / Telma Ferreira Gomes de Carvalho 9248-F","pedro.pantaleao@gaussenergia.com.br group-698ea497-ec60-4bde-b165-b8f9ccbb0cfe@process.st","2022-10-26T13:33:44.028Z","2023-07-17T15:07:51.106Z","","","","Overdue","3","24","88","Projeto FV"
"https://app.process.st/runs/rw_WtcZuTeUpAUVEGu5IqQ","Luiz Carlos Demoro Caparelli / Andre Luigi Santos Ribeiro Cosenza / Rosangela Leal 9343-F","pedro.pantaleao@gaussenergia.com.br group-698ea497-ec60-4bde-b165-b8f9ccbb0cfe@process.st","2022-11-17T17:30:36.916Z","2023-07-17T15:07:13.505Z","","","","Overdue","2","21","88","Projeto FV"
"https://app.process.st/runs/lZ7rqn22f9_N_iLCR-xFCg","Leonardo Pinheiro Magalhaes 9224-F","pedro.pantaleao@gaussenergia.com.br","2022-10-19T16:32:56.167Z","2023-07-17T15:07:04.711Z","","","","Overdue","2","27","88","Projeto FV"
"https://app.process.st/runs/ngmpdjYvym9vX1q3QZZC4Q","Assoc Brasileira de Igreja de Jesus Cristo dos Ultimos 3 / Sergipe - Itabaiana 6288-F","pedro.pantaleao@gaussenergia.com.br","2021-12-02T19:09:28.895Z","2023-07-17T15:07:00.467Z","","","","Overdue","3","29","88","Projeto FV"
"https://app.process.st/runs/tJcJJeCnljAO_BgLqpROKQ","Valdeiq Francisco de Souza 2 - Galpão - 1833.2-F","pedro.pantaleao@gaussenergia.com.br","2020-06-24T14:50:01.545Z","2023-07-17T15:06:43.658Z","","","","Overdue","2","27","88","Projeto FV"
"https://app.process.st/runs/p583wB3LIsFkB7olPFNPyg","Luana Pinheiro Magalhaes Ribeiro 9299-F","pedro.pantaleao@gaussenergia.com.br","2022-10-19T16:39:46.727Z","2023-07-17T15:06:37.750Z","","","","Overdue","2","20","88","Projeto FV"
"https://app.process.st/runs/spYwqbiZF4rLoh4ai7dBaQ","Pinheiro Andrade Empreendimentos e Participaçoes / Ronaldo de Vasconcelos Maciel 9300-F","pedro.pantaleao@gaussenergia.com.br group-698ea497-ec60-4bde-b165-b8f9ccbb0cfe@process.st","2022-10-19T13:47:16.946Z","2023-07-17T15:06:17.420Z","","","","Overdue","2","20","88","Projeto FV"
"https://app.process.st/runs/vUvWNih7fGnMvBWzAFZECA","Natt Academia de Tiro e Esportes Ltda / Ricardo Guedes 3 - 9319-F","pedro.pantaleao@gaussenergia.com.br","2022-11-03T12:38:14.513Z","2023-07-17T15:05:40.657Z","","","","Overdue","2","21","88","Projeto FV"
"https://app.process.st/runs/l1S6-uzpq8Yc0v0VEPlB6Q","Nelson de Carvalho Assis Barros Neto 8054-F","pedro.pantaleao@gaussenergia.com.br","2022-11-30T13:18:04.512Z","2023-07-17T15:03:58.957Z","","","","Overdue","2","22","88","Projeto FV"
"https://app.process.st/runs/o9nQZoh6VPtSbOmdsz9LDQ","Mary Jane Oliveira Reis / Jorge Vieira Reis 9288-F","pedro.pantaleao@gaussenergia.com.br group-698ea497-ec60-4bde-b165-b8f9ccbb0cfe@process.st","2022-11-21T18:53:03.203Z","2023-07-17T15:02:01.489Z","","","","Overdue","3","21","88","Projeto FV"
"https://app.process.st/runs/uoFaxCeqmd99epZ_A35Euw","Ariana Carughi (Eduardo Mazzaroppi Barao Pereira 2 - Casa 4) 5081.2-F","pedro.pantaleao@gaussenergia.com.br","2021-09-29T18:22:35.075Z","2023-07-17T15:00:41.235Z","","","","OnTrack","0","23","88","Projeto FV"
"https://app.process.st/runs/nuUa4mfNFwWmz5z0SrBGHg","Claudia Alessandra Sampaio Santos 9207-F","pedro.pantaleao@gaussenergia.com.br","2022-11-10T18:21:18.483Z","2023-07-17T14:59:57.336Z","","","","Overdue","3","20","88","Projeto FV"
"https://app.process.st/runs/j2BqE_x3IBHasZqFuC5EqA","Marcos Antonio Fernandes Saldanha 9344-F","pedro.pantaleao@gaussenergia.com.br","2022-11-02T14:54:27.260Z","2023-07-17T14:59:15.957Z","","","","Overdue","3","21","88","Projeto FV"
"https://app.process.st/runs/vSeddmAemkrUtuHFh41B0Q","Hellder Clesio Menezes Lima 9213-F","pedro.pantaleao@gaussenergia.com.br","2022-11-30T12:45:07.575Z","2023-07-17T14:58:50.045Z","","","","Overdue","2","20","88","Projeto FV"
"https://app.process.st/runs/jYRztAVzm-JL3VIVJkdIBw","Liliane de Sales Ferreira Paranhos 5578-F","pedro.pantaleao@gaussenergia.com.br","2022-11-25T19:21:44.396Z","2023-07-17T14:58:32.433Z","","","","Overdue","2","19","88","Projeto FV"
"https://app.process.st/runs/kBSVf0xw-IbwytW6U-dK3g","Parmenia de Araujo Lima Moreira - 7429-F","pedro.pantaleao@gaussenergia.com.br","2022-01-11T13:20:17.451Z","2023-07-17T14:56:08.249Z","","","","Overdue","3","22","88","Projeto FV"
"https://app.process.st/runs/utyZ9QlomUk4zC2Hy85Iyg","Diego Garcia Haye / Casa 06 1000-F","pedro.pantaleao@gaussenergia.com.br group-698ea497-ec60-4bde-b165-b8f9ccbb0cfe@process.st group-aa595f0b-d840-4fcb-8407-a22a023e7e0d@process.st","2022-03-10T20:02:03.432Z","2023-07-17T14:53:42.394Z","","","","Overdue","1","17","88","Projeto FV"
"https://app.process.st/runs/qtDNU6LajepXx2ka2TpNCA","Elida Nascimento dos Santos 9679-F","pedro.pantaleao@gaussenergia.com.br","2022-12-29T17:47:21.115Z","2023-07-17T14:29:39.492Z","","","","Overdue","3","20","88","Projeto FV"
"https://app.process.st/runs/uomBUc71JryWFBtuJZJFsg","Marcio Rogerio Santos Leao 2 / Camaçari 8520-F","pedro.pantaleao@gaussenergia.com.br","2022-12-07T18:44:34.824Z","2023-07-17T14:27:53.354Z","","","","Overdue","3","21","88","Projeto FV"
"https://app.process.st/runs/lnB8_5gkQ3t4PpvUIW9N3A","Carlos Alberto Gomes Silva Junior 8224-F","pedro.pantaleao@gaussenergia.com.br group-698ea497-ec60-4bde-b165-b8f9ccbb0cfe@process.st","2022-12-13T17:47:43.098Z","2023-07-17T14:24:11.298Z","","","","Overdue","3","21","88","Projeto FV"
"https://app.process.st/runs/hahOo8e7zMZMpEYr76lAqg","Jose Augusto Pinto Queiroz 9225-F","pedro.pantaleao@gaussenergia.com.br","2022-12-19T14:36:50.322Z","2023-07-17T14:21:14.772Z","","","","Overdue","2","19","88","Projeto FV"
"https://app.process.st/runs/iLf7iYWb7ADk6vTv4FBN8A","Nelson Alves Cortes Filho 8825-F","pedro.pantaleao@gaussenergia.com.br group-698ea497-ec60-4bde-b165-b8f9ccbb0cfe@process.st","2022-12-23T18:07:25.971Z","2023-07-17T14:17:57.575Z","","","","Overdue","3","21","88","Projeto FV"
"https://app.process.st/runs/gf7L5rLmTJuKmI1OXt9A1w","Elizeu Andrade Barreto 8486-F","pedro.pantaleao@gaussenergia.com.br","2022-09-14T18:20:07.265Z","2023-07-17T14:12:29.416Z","","","","Overdue","2","21","88","Projeto FV"
"https://app.process.st/runs/sFm3zGjEYqSGOVvOu7RH1w","Marcus Alban Suarez 8226-F","pedro.pantaleao@gaussenergia.com.br","2022-10-11T17:33:41.206Z","2023-07-17T14:12:02.156Z","","","","Overdue","3","21","88","Projeto FV"
"https://app.process.st/runs/uCfT7PNaEW05FUh9FFNAPQ","Fernando Jose Silva Telles 9533-F","pedro.pantaleao@gaussenergia.com.br","2022-12-19T14:56:28.843Z","2023-07-17T14:11:01.523Z","","","","Overdue","2","19","88","Projeto FV"
"https://app.process.st/runs/nfk8a8Ypsb0wNmohkhlApA","Fernanda Lorenzo Amoedo Freire 9060-F","group-698ea497-ec60-4bde-b165-b8f9ccbb0cfe@process.st","2022-10-05T12:50:09.928Z","2023-07-17T14:09:37.100Z","","","","Overdue","3","21","88","Projeto FV"
"https://app.process.st/runs/o7j9PAQ5rNBhO_ad9ZtJew","Fundaçao de Apoio a P. Extensao / FAPEX 8730-F","pedro.pantaleao@gaussenergia.com.br","2022-09-27T21:12:30.778Z","2023-07-17T14:09:15.063Z","","","","Overdue","2","29","88","Projeto FV"
"https://app.process.st/runs/kviKJBZZjL0eqfsDM7xOUA","Eduardo Jose Chagas Pires Filho 8779-F","pedro.pantaleao@gaussenergia.com.br","2022-11-01T18:16:58.518Z","2023-07-17T14:08:33.672Z","","","","Overdue","3","20","88","Projeto FV"
"https://app.process.st/runs/gtoMUHvUwdTvuq7bTDBNhQ","Eduardo Jose Chagas Pires Filho AUMENTO 8779-F","pedro.pantaleao@gaussenergia.com.br","2022-12-28T13:45:10.152Z","2023-07-17T14:08:32.514Z","","","","Overdue","3","20","88","Projeto FV"
"https://app.process.st/runs/sQJWU4rRpWaPW9Jm3n1Kiw","Vidal da Silva Mauricio 8332-F","pedro.pantaleao@gaussenergia.com.br","2022-10-07T18:07:37.565Z","2023-07-17T14:06:56.040Z","","","","Overdue","2","20","88","Projeto FV"
"https://app.process.st/runs/oFLII_CIDym46UhKhAJBPA","Mario da Silva Louzado 7637-F","pedro.pantaleao@gaussenergia.com.br","2022-10-25T17:42:40.531Z","2023-07-17T14:05:28.919Z","","","","Overdue","3","21","88","Projeto FV"
"https://app.process.st/runs/uw_k9aQ_iUO7HUcPm5xKLA","Homero Ruben Rocha Arandas - Rosane Bravo 8858-F","pedro.pantaleao@gaussenergia.com.br","2022-10-11T16:59:52.667Z","2023-07-17T14:03:32.589Z","","","","Overdue","3","21","88","Projeto FV"
"https://app.process.st/runs/hSi1ZuqpR83grRfyLuBHQA","A G M Serra 3 / Mix Mercadinho 3 / Gideon Fernandes 9305-F","pedro.pantaleao@gaussenergia.com.br group-698ea497-ec60-4bde-b165-b8f9ccbb0cfe@process.st","2022-12-16T14:06:14.786Z","2023-07-17T14:02:04.198Z","","","","Overdue","3","21","88","Projeto FV"
"https://app.process.st/runs/nKoEijyzyDzxGdBmJ3ZCMQ","Franklin Costa Monaco Filho / Marieta Alves 9017-F","pedro.pantaleao@gaussenergia.com.br group-698ea497-ec60-4bde-b165-b8f9ccbb0cfe@process.st","2022-10-07T14:09:54.844Z","2023-07-17T14:01:06.595Z","","","","Overdue","3","21","88","Projeto FV"
"https://app.process.st/runs/nKdQNAKhvCv9kww6P_5DNQ","PetroMetal 6 / Posto Sao Jorge / Estrada Irece - Lapao - 8068-F","pedro.pantaleao@gaussenergia.com.br","2022-03-14T19:29:45.773Z","2023-07-17T13:58:43.541Z","","","","Overdue","1","23","88","Projeto FV"
"https://app.process.st/runs/twk3yo1r_H6T_wZ1BLJL5Q","Vitor Silva Rocha / Francimara Amaral S. R. P. S. Academia 8011-F","pedro.pantaleao@gaussenergia.com.br group-698ea497-ec60-4bde-b165-b8f9ccbb0cfe@process.st","2022-10-26T12:30:53.528Z","2023-07-17T13:58:19.114Z","","","","Overdue","2","20","88","Projeto FV"
"https://app.process.st/runs/rniNs9bQWdwgUKY_znpIrQ","Josiselma Conceiçao dos Santos 9212-F","pedro.pantaleao@gaussenergia.com.br","2022-10-11T18:38:28.006Z","2023-07-17T13:58:13.892Z","","","","Overdue","2","20","88","Projeto FV"
"https://app.process.st/runs/oLLbo-1u2wn-uTuAeFpDcg","Cond Edf Nobre do Parque Residence / Condominio Edificio 8532-F","pedro.pantaleao@gaussenergia.com.br","2022-06-15T13:46:52.363Z","2023-07-17T13:51:07.184Z","","","","Overdue","2","26","88","Projeto FV"
"https://app.process.st/runs/lze7I3hNOeJpXXEFM_hEeA","Eloi Amoedo Santos 9342-F","pedro.pantaleao@gaussenergia.com.br","2022-11-17T19:25:35.120Z","2023-07-17T13:45:12.191Z","","","","Overdue","2","19","88","Projeto FV"
"https://app.process.st/runs/iMqNNdl6CyoEciRxeahPFQ","Cristiano Lacerda da Silva / Eduardo Chagas 2 9522-F","pedro.pantaleao@gaussenergia.com.br group-698ea497-ec60-4bde-b165-b8f9ccbb0cfe@process.st group-aa595f0b-d840-4fcb-8407-a22a023e7e0d@process.st","2022-12-16T13:38:48.080Z","2023-07-17T13:41:27.844Z","","","","Overdue","3","20","88","Projeto FV"
"https://app.process.st/runs/u_1N-fYMSk1VW1xojexG9A","Leila Rocha Medrado Santos 9456-F","pedro.pantaleao@gaussenergia.com.br group-698ea497-ec60-4bde-b165-b8f9ccbb0cfe@process.st","2022-12-13T17:31:50.416Z","2023-07-17T13:39:52.731Z","","","","Overdue","3","20","88","Projeto FV"
"https://app.process.st/runs/iCKlRKhdxOJ1nmf_4X1Lxw","Edna Amado Nonato - Arionka Amado 9582-F","pedro.pantaleao@gaussenergia.com.br","2022-12-16T13:53:53.258Z","2023-07-17T13:38:25.819Z","","","","Overdue","2","19","88","Projeto FV"
"https://app.process.st/runs/vFwAN2hqlgQoFwkf1h1OiA","Jose Antonio Brito dos Santos 9615-F","pedro.pantaleao@gaussenergia.com.br","2022-12-19T14:26:46.207Z","2023-07-17T13:32:22.031Z","","","","Overdue","2","20","88","Projeto FV"
"https://app.process.st/runs/v2pz6i6HCEmFLQSTQ5ZCww","Marcus Vinicius Theofilo Gomes 9623-F","pedro.pantaleao@gaussenergia.com.br","2022-12-26T18:09:40.180Z","2023-07-17T13:31:06.872Z","","","","Overdue","3","24","88","Projeto FV"
"https://app.process.st/runs/n1Jq_JWGu-7wLoonWGpOaQ","Katia Lacerda Sampaio - José Coelho 9572-F","pedro.pantaleao@gaussenergia.com.br","2022-12-23T12:30:28.910Z","2023-07-17T13:29:35.805Z","","","","Overdue","2","22","88","Projeto FV"
"https://app.process.st/runs/rDJtrUP2qqt2FqdqBvtHhQ","Emanuel Claudio Borges de Carvalho / Tiago Ferreira de Carvalho 2 8918-F","pedro.pantaleao@gaussenergia.com.br","2022-12-01T22:02:35.526Z","2023-07-17T13:27:45.499Z","","","","Overdue","2","20","88","Projeto FV"
"https://app.process.st/runs/sLLeArVaRH5ymA9SyshPtQ","Carlos Alberto Mascarenhas 9593-F","pedro.pantaleao@gaussenergia.com.br","2022-12-20T14:24:38.246Z","2023-07-17T13:23:05.976Z","","","","Overdue","3","22","88","Projeto FV"
"https://app.process.st/runs/lDc5jOd1obsDK3GakrtNQw","Jorge Luiz Ferreira de Aragao 8714-F","pedro.pantaleao@gaussenergia.com.br group-698ea497-ec60-4bde-b165-b8f9ccbb0cfe@process.st","2022-09-09T17:24:02.223Z","2023-07-17T13:19:13.439Z","","","","Overdue","3","23","88","Projeto FV"
"https://app.process.st/runs/r7HRPfI4TWNGcKmwcdxNXg","Felipe Antonio Nascimento Madureira 4158-F","pedro.pantaleao@gaussenergia.com.br","2022-08-30T13:42:14.365Z","2023-07-17T13:18:20.513Z","","","","Overdue","3","21","88","Projeto FV"
"https://app.process.st/runs/kYq4x2VeRJjJ7gJ_5YBG6Q","Roberto Gomes da Silva 9040-F","pedro.pantaleao@gaussenergia.com.br","2022-09-12T13:08:30.451Z","2023-07-17T13:17:16.810Z","","","","Overdue","3","25","88","Projeto FV"
"https://app.process.st/runs/qlu0uGfuAY2tuIUm9WpLvw","Condominio Horto Barcelona 2 - Torre B  8526.2-F","pedro.pantaleao@gaussenergia.com.br","2022-09-08T18:07:22.150Z","2023-07-17T13:16:34.870Z","","","","Overdue","2","22","88","Projeto FV"
"https://app.process.st/runs/tjfE-GN7xMgMxCNU9AFPcw","Condominio Horto Barcelona 1 - Torre A 8526.1-F","pedro.pantaleao@gaussenergia.com.br","2022-09-08T17:54:53.270Z","2023-07-17T13:16:23.448Z","","","","Overdue","2","22","88","Projeto FV"
"https://app.process.st/runs/pQQwlUSeadnCREjao5VC_g","Carlos Alberto Mota Lima 2 8726.2-F","pedro.pantaleao@gaussenergia.com.br group-aa595f0b-d840-4fcb-8407-a22a023e7e0d@process.st","2023-01-05T17:37:12.619Z","2023-07-17T13:15:43.599Z","","","","OnTrack","0","12","88","Projeto FV"
"https://app.process.st/runs/hLkf_DftBCopLpUdF_5NMA","Patricia Dantas Lima AUMENTO 7859-F","pedro.pantaleao@gaussenergia.com.br","2022-11-08T14:51:25.549Z","2023-07-17T13:14:44.104Z","","","","Overdue","3","27","88","Projeto FV"
"https://app.process.st/runs/nihSkMNWZjrLKGO9XFhCRg","Patricia Dantas Lima 7859-F","pedro.pantaleao@gaussenergia.com.br group-698ea497-ec60-4bde-b165-b8f9ccbb0cfe@process.st","2022-09-27T18:39:49.391Z","2023-07-17T13:14:06.623Z","","","","Overdue","3","25","88","Projeto FV"
"https://app.process.st/runs/q27mMubi_axb_jbiLhZFCA","Selma Silva de Oliveira Santos ME 1 / Predio Amarelo 8499.1-F","pedro.pantaleao@gaussenergia.com.br","2022-09-09T18:10:22.242Z","2023-07-17T13:11:32.472Z","","","","Overdue","2","20","88","Projeto FV"
"https://app.process.st/runs/rHDhPeQhXJNkNjqRo3RM8g","Rosangela dos Santos Teixeira 9217-F","pedro.pantaleao@gaussenergia.com.br","2022-10-18T12:59:49.866Z","2023-07-17T13:05:04.863Z","","","","Overdue","2","20","88","Projeto FV"
"https://app.process.st/runs/gWVIDjB1VtweIj0An09Psg","Zilmar Vaz de Castro / CPR Comercial Produtos Radiologicos Ltda 3805-F","pedro.pantaleao@gaussenergia.com.br group-698ea497-ec60-4bde-b165-b8f9ccbb0cfe@process.st","2022-08-12T14:28:05.275Z","2023-07-17T13:02:55.091Z","","","","Overdue","3","21","88","Projeto FV"
"https://app.process.st/runs/vA_rDuQuTWikfB9c9e5MqQ","Geovan Hormindo dos Santos 9023-F","pedro.pantaleao@gaussenergia.com.br group-aa595f0b-d840-4fcb-8407-a22a023e7e0d@process.st","2022-09-26T15:01:22.055Z","2023-07-17T13:00:22.140Z","","","","Overdue","3","17","88","Projeto FV"
"https://app.process.st/runs/oNbeNwqse8yyqCoF4oFNfA","Maria Lucia de Assis 6002-F","pedro.pantaleao@gaussenergia.com.br","2022-06-06T18:55:01.397Z","2023-07-17T12:42:42.730Z","","","","Overdue","2","20","88","Projeto FV"
"https://app.process.st/runs/nSJvKFtBo5jFOi9_dm9NBQ","Marcio Rebouças Oliveira Cruz 8588-F","pedro.pantaleao@gaussenergia.com.br","2022-07-18T19:32:15.255Z","2023-07-17T12:41:28.428Z","","","","Overdue","2","20","88","Projeto FV"
"https://app.process.st/runs/lwm5UhEi7laBMxfQ6ENJGg","William Franklin Machado / Willianne Franklin Machado / Alphaville 8694-F","pedro.pantaleao@gaussenergia.com.br group-698ea497-ec60-4bde-b165-b8f9ccbb0cfe@process.st","2022-07-29T17:58:55.192Z","2023-07-17T12:36:39.150Z","","","","Overdue","3","25","88","Projeto FV"
"https://app.process.st/runs/g09me1Ck2aTpNBDOSx1KIA","Nilda Francisca de Souza 8813-F","pedro.pantaleao@gaussenergia.com.br group-aa595f0b-d840-4fcb-8407-a22a023e7e0d@process.st","2022-08-03T14:57:04.515Z","2023-07-17T12:36:22.986Z","","","","Overdue","1","18","88","Projeto FV"
"https://app.process.st/runs/twGC_EctlI_mOQscoAJCMg","Jaqueline Andrade Silva 9093-F","pedro.pantaleao@gaussenergia.com.br","2022-09-15T12:03:02.563Z","2023-07-17T12:32:28.840Z","","","","Overdue","2","20","88","Projeto FV"
"https://app.process.st/runs/qY9qOXX9qMVp0k4uR31FzQ","Uacai de Magalhaes Lopes - 8799F","pedro.pantaleao@gaussenergia.com.br","2022-08-12T18:50:35.673Z","2023-07-17T12:30:13.648Z","","","","Overdue","2","20","88","Projeto FV"
"https://app.process.st/runs/nIw4U6ChU4HumtbymghJKg","Fabio Lacerda Souza 8718-F","pedro.pantaleao@gaussenergia.com.br","2022-08-15T13:04:05.625Z","2023-07-17T12:29:13.636Z","","","","Overdue","3","21","88","Projeto FV"
"https://app.process.st/runs/hnzaMTwuOpwPag6RvKxHrw","Helder Tiago Costa Santos / Mauricio Almeida Coelho 8364-F","pedro.pantaleao@gaussenergia.com.br group-698ea497-ec60-4bde-b165-b8f9ccbb0cfe@process.st","2022-06-13T14:14:09.284Z","2023-07-17T12:23:55.892Z","","","","Overdue","3","27","88","Projeto FV"
"https://app.process.st/runs/lEopQkZpbv340C_88JxB-w","Marcio Rogerio Santos Leao AUMENTO 854-F","pedro.pantaleao@gaussenergia.com.br","2022-07-08T13:41:42.891Z","2023-07-17T12:22:26.499Z","","","","Overdue","1","22","88","Projeto FV"
"https://app.process.st/runs/mhROFyilQnbJZX1wSJ5FHA","TDP Usinagem e Serviços Ltda / Dilma Fernandes dos Santos 3277-F","pedro.pantaleao@gaussenergia.com.br group-698ea497-ec60-4bde-b165-b8f9ccbb0cfe@process.st","2022-07-08T12:56:53.714Z","2023-07-17T12:21:22.465Z","","","","Overdue","3","21","88","Projeto FV"
"https://app.process.st/runs/l14_Ed_K8_-_hjDPGCdKzQ","Jaguaribe Empreendimentos V M S Ltda / Rogelio Veiga 8116-F","pedro.pantaleao@gaussenergia.com.br","2022-04-07T13:49:24.257Z","2023-07-17T12:18:54.783Z","","","","Overdue","2","22","88","Projeto FV"
"https://app.process.st/runs/jED3K1FdyAciZ9jL_DZPvA","Adson dos Santos Silva 8747-F","pedro.pantaleao@gaussenergia.com.br group-698ea497-ec60-4bde-b165-b8f9ccbb0cfe@process.st","2022-07-22T14:14:32.179Z","2023-07-17T12:16:10.508Z","","","","Overdue","3","21","88","Projeto FV"
"https://app.process.st/runs/tHALx5YNAhD2amTaVy9OdA","Salvador de Arruda Rocha 9763-F","pedro.pantaleao@gaussenergia.com.br","2023-03-15T14:48:48.287Z","2023-07-14T18:34:54.526Z","","","","Overdue","2","19","88","Projeto FV"
"https://app.process.st/runs/igIJPb3VN82clnZZAwZPtQ","Joao Sousa Sobreira AUMENTO NAO HOMOLOGADO 9984-F","pedro.pantaleao@gaussenergia.com.br group-aa595f0b-d840-4fcb-8407-a22a023e7e0d@process.st","2023-04-26T12:54:04.969Z","2023-07-14T15:44:19.873Z","","","","OnTrack","0","1","88","Projeto FV"
"https://app.process.st/runs/t8248V_DFxNylU6vwJ1HYQ","Andiara Coberio Terena AUMENTO NAO HOMOLOGADO 8509-F","pedro.pantaleao@gaussenergia.com.br group-aa595f0b-d840-4fcb-8407-a22a023e7e0d@process.st","2023-04-24T17:05:29.508Z","2023-07-14T15:41:49.618Z","","","","OnTrack","0","2","88","Projeto FV"
"https://app.process.st/runs/qGC3OIBmCPsHQyw-U8hE5Q","Monia Cristina de Souza Oliveira 8365-F","pedro.pantaleao@gaussenergia.com.br","2022-05-25T14:47:41.118Z","2023-07-14T14:07:32.249Z","","","","Overdue","3","22","88","Projeto FV"
"https://app.process.st/runs/mumvYpP4JQJ01rKOri9NPQ","Telma Magalhães Cavalcante 8306-F","pedro.pantaleao@gaussenergia.com.br group-698ea497-ec60-4bde-b165-b8f9ccbb0cfe@process.st","2022-05-20T19:10:52.334Z","2023-07-14T14:07:14.465Z","","","","Overdue","2","29","88","Projeto FV"
"https://app.process.st/runs/hMQyiYORBW1kqG13Ok1NVw","Altamar Nascimento Santana 7939-F","pedro.pantaleao@gaussenergia.com.br group-698ea497-ec60-4bde-b165-b8f9ccbb0cfe@process.st","2022-05-25T17:17:46.689Z","2023-07-14T14:06:52.980Z","","","","Overdue","2","23","88","Projeto FV"
"https://app.process.st/runs/k6LGthPpQKnmEmeT-1hLFg","Marcela Sepreny da Costa 8846-F","pedro.pantaleao@gaussenergia.com.br","2022-12-27T17:57:41.131Z","2023-07-14T13:59:43.166Z","","","","Overdue","2","25","88","Projeto FV"
"https://app.process.st/runs/s48Kahw0zrc_BxF3DRNJwA","Rodrigo Cruz da Silva 8481-F","pedro.pantaleao@gaussenergia.com.br","2022-06-10T13:28:21.306Z","2023-07-14T13:58:49.148Z","","","","Overdue","2","25","88","Projeto FV"
"https://app.process.st/runs/s9T-6PsZ83uF8FV_pxJKMw","PostoTropical de Combustivel Ltda / Aramary Comercial de Gas Ltda / Wilde Postos 8421-F","pedro.pantaleao@gaussenergia.com.br group-698ea497-ec60-4bde-b165-b8f9ccbb0cfe@process.st group-aa595f0b-d840-4fcb-8407-a22a023e7e0d@process.st","2022-05-27T17:38:26.953Z","2023-07-14T13:57:41.584Z","","","","Overdue","1","17","88","Projeto FV"
"https://app.process.st/runs/tKiFyFZF0IWAonjeT15I4A","Vinicius Freitas Aspahan / Mauricio Aspahan 8405-F","pedro.pantaleao@gaussenergia.com.br group-698ea497-ec60-4bde-b165-b8f9ccbb0cfe@process.st","2022-06-07T14:45:46.070Z","2023-07-14T13:57:20.293Z","","","","Overdue","3","21","88","Projeto FV"
"https://app.process.st/runs/l1VCfvKbmpbEqN0h9nxAKw","Alex Batista Dias 8488-F","pedro.pantaleao@gaussenergia.com.br","2022-06-21T20:45:54.492Z","2023-07-14T13:54:47.384Z","","","","Overdue","2","20","88","Projeto FV"
"https://app.process.st/runs/r2HWhp1vjlLGGnWyQupBAA","Empresa Tecnica E. Alagoinhas 1 /  Colegio Dinamo 30 kW 8135.1-F","pedro.pantaleao@gaussenergia.com.br","2022-07-05T19:50:47.628Z","2023-07-14T13:54:16.901Z","","","","Overdue","1","25","88","Projeto FV"
"https://app.process.st/runs/igHCWKGHQEHQ1gFkdWZPpg","Hotel Absolar Ltda ME 7851-F","pedro.pantaleao@gaussenergia.com.br","2022-06-07T18:00:04.931Z","2023-07-14T13:51:07.562Z","","","","Overdue","2","22","88","Projeto FV"
"https://app.process.st/runs/pv2qvX6eWhLdZSIEpG9BFw","Max Henrique Rocha Catanho 8514-F","pedro.pantaleao@gaussenergia.com.br group-698ea497-ec60-4bde-b165-b8f9ccbb0cfe@process.st","2022-06-10T20:05:30.160Z","2023-07-14T13:49:17.004Z","","","","Overdue","1","22","88","Projeto FV"
"https://app.process.st/runs/qGeGlswqtzLbsCpD4CNLXA","Zuleika Marcia Ribeiro Costa Janot 8367-F","pedro.pantaleao@gaussenergia.com.br","2022-05-19T18:16:18.576Z","2023-07-14T13:39:33.417Z","","","","Overdue","1","21","88","Projeto FV"
"https://app.process.st/runs/le8VVlqk6YfQumkBNstIwQ","Rui Cesar Evangelista Souza 8216-F","pedro.pantaleao@gaussenergia.com.br group-698ea497-ec60-4bde-b165-b8f9ccbb0cfe@process.st","2022-04-12T19:18:09.137Z","2023-07-14T13:38:27.900Z","","","","Overdue","3","25","88","Projeto FV"
"https://app.process.st/runs/tuAYkFtUeEqNQ9ADWKJN4Q","Adary Oliveira 8243-F","pedro.pantaleao@gaussenergia.com.br","2022-05-05T19:40:49.824Z","2023-07-14T13:30:06.528Z","","","","Overdue","3","22","88","Projeto FV"
"https://app.process.st/runs/rW5xhhN3KQTQyOEMKCJH2w","Arnaldo Santos Menezes 7711-F","pedro.pantaleao@gaussenergia.com.br","2022-12-26T17:35:49.979Z","2023-07-14T13:27:45.146Z","","","","Overdue","2","19","88","Projeto FV"
"https://app.process.st/runs/iTq7ftt7dFGbHU7zuDtJVA","Eunice Mayoral Pedroso da Silva 8308-F","pedro.pantaleao@gaussenergia.com.br","2022-05-19T18:29:27.975Z","2023-07-14T13:18:20.219Z","","","","OnTrack","0","22","88","Projeto FV"
"https://app.process.st/runs/toQULGOV4C4y322n0ENKEw","Cardosa Agropecuaria Ltda 8904-F","pedro.pantaleao@gaussenergia.com.br group-698ea497-ec60-4bde-b165-b8f9ccbb0cfe@process.st","2022-12-15T12:50:41.546Z","2023-07-14T13:18:14.953Z","","","","Overdue","3","19","88","Projeto FV"
"https://app.process.st/runs/s58n34eleT5kkEV6QMhLTw","Everton Luiz Macedo Almeida 8004-F","pedro.pantaleao@gaussenergia.com.br group-698ea497-ec60-4bde-b165-b8f9ccbb0cfe@process.st","2022-05-17T13:49:04.535Z","2023-07-14T13:17:46.514Z","","","","Overdue","3","25","88","Projeto FV"
"https://app.process.st/runs/meOWO00Scmq1vN3oLw9CfA","Small Pet Assistencia Veterinaria Ltda / Eric Tarssio 6011-F","pedro.pantaleao@gaussenergia.com.br","2022-04-04T18:38:46.799Z","2023-07-14T13:17:11.902Z","","","","Overdue","3","21","88","Projeto FV"
"https://app.process.st/runs/lqfGp0j4yWAxi7wNoJpMpA","Casa Eloy Ltda / Maria Auxiliadora Lima da Costa 3891-F","pedro.pantaleao@gaussenergia.com.br","2022-12-21T14:27:59.673Z","2023-07-14T13:06:31.906Z","","","","Overdue","2","27","88","Projeto FV"
"https://app.process.st/runs/uYAvd4C8WnmLU1QH0hZKSA","Marla Regina Frantz Vecchi AUMENTO 9476-F","","2023-02-03T16:50:49.632Z","2023-07-14T13:03:34.851Z","","","","Overdue","2","18","88","Projeto FV"
"https://app.process.st/runs/se2L1h2DgbesxTXqKdNEKw","Portomar Patrimonial Ltda / Jose Anchieta 2 8374.2","pedro.pantaleao@gaussenergia.com.br","2023-01-03T20:25:00.648Z","2023-07-14T12:55:02.717Z","","","","Overdue","2","21","88","Projeto FV"
"https://app.process.st/runs/gMwb_rbFVaCXTt5f2NRHFQ","Felipe do Rego Dias 7036-F","","2021-10-08T17:21:43.012Z","2023-07-14T12:31:04.736Z","","","","Overdue","3","20","88","Projeto FV"
"https://app.process.st/runs/uq_D04v7HMyrrBoclh5Bug","Marques Ameliano Lopes da Silva 2261-F","pedro.pantaleao@gaussenergia.com.br","2022-10-28T13:24:32.054Z","2023-07-14T12:22:30.378Z","","","","Overdue","3","21","88","Projeto FV"
"https://app.process.st/runs/hs_W778QhgkBhHOymc9MzA","Renovadora de Pneus Subae / Tiago Doria Godeiro 2021 6085-F","pedro.pantaleao@gaussenergia.com.br","2021-07-23T18:16:05.426Z","2023-07-13T18:25:48.808Z","","","","Overdue","2","21","88","Projeto FV"
"https://app.process.st/runs/v5t3iYCszftj9PYH4mJP-g","Barbara Teixeira Pereira 6049-F","pedro.pantaleao@gaussenergia.com.br","2021-08-17T15:04:48.717Z","2023-07-13T12:23:45.129Z","","","","Overdue","3","19","88","Projeto FV"
"https://app.process.st/runs/sYufwCr7QwOo3W9AHz5LJw","Luiz Carlos Pesqueira Cunha 2022 8440-F","pedro.pantaleao@gaussenergia.com.br","2022-12-16T16:26:26.105Z","2023-07-12T18:48:59.774Z","","","","Overdue","2","19","88","Projeto FV"
"https://app.process.st/runs/jUpfvkG33SSwzmz7xShPxA","Antonio Lomes do Nascimento 6 / Radio FM Aracaju CASA 9034.2-F","pedro.pantaleao@gaussenergia.com.br","2022-11-07T15:34:34.113Z","2023-07-12T17:42:45.127Z","","","","Overdue","3","20","88","Projeto FV"
"https://app.process.st/runs/gkAfjf9wPRnLeBkHlXVFXA","Antonio Lomes do Nascimento 5 / Radio FM Aracaju  9034-F","pedro.pantaleao@gaussenergia.com.br","2022-10-28T13:37:05.844Z","2023-07-12T17:42:37.137Z","","","","Overdue","2","18","88","Projeto FV"
"https://app.process.st/runs/kO-bqUxFSzs4cnDx4odFhg","Luciana Barros Cordeiro Schroeder - 7651-F","pedro.pantaleao@gaussenergia.com.br","2022-05-06T19:20:56.926Z","2023-07-12T17:39:23.307Z","","","","Overdue","2","20","88","Projeto FV"
"https://app.process.st/runs/voTZb8w4uV10NRViM9BLDw","Alex Freire Spinola / Maria Emilia Marques Aldonce - 8040-F","pedro.pantaleao@gaussenergia.com.br group-698ea497-ec60-4bde-b165-b8f9ccbb0cfe@process.st","2022-04-11T14:24:32.099Z","2023-07-12T17:11:16.466Z","","","","OnTrack","0","25","88","Projeto FV"
"https://app.process.st/runs/r9PiiVnDxoj8dmxlsmBHUQ","Humberto Moraes Ribeiro - 8198-F","pedro.pantaleao@gaussenergia.com.br","2022-04-07T17:27:53.212Z","2023-07-12T17:10:45.348Z","","","","OnTrack","0","25","88","Projeto FV"
"https://app.process.st/runs/lCmE0F0mWrRzSyWEQCtENQ","Abimael Dourado Loula - 8141-F","pedro.pantaleao@gaussenergia.com.br","2022-03-29T20:04:58.484Z","2023-07-12T17:09:56.826Z","","","","Overdue","3","21","88","Projeto FV"
"https://app.process.st/runs/lmdVebxD-RfIE1qPD5NJXg","Oldegard Pinto - 1181-F","gabriel@gaussenergia.com.br","2019-07-19T15:36:08.440Z","2023-07-12T15:07:45.125Z","","","","Overdue","4","19","88","Projeto FV"
"https://app.process.st/runs/ucSdUaXZa6ZZUVlxJCdGDQ","Oldegard Pinto da Silva Filho AUMENTO - 1181-F","pedro.pantaleao@gaussenergia.com.br","2022-04-28T19:05:01.862Z","2023-07-12T15:07:07.993Z","","","","Overdue","2","25","88","Projeto FV"
"https://app.process.st/runs/kGFmaIda4yil1Zu7TDFGsw","Carlos Tadeu Coelho Benevides - 7968-F","pedro.pantaleao@gaussenergia.com.br","2022-03-16T18:44:52.479Z","2023-07-12T15:03:16.853Z","","","","OnTrack","0","24","88","Projeto FV"
"https://app.process.st/runs/hrpAKKW1YQsdNpvPy1FNQQ","Jose Orlando Lima de Oliveira / Pedro Medeiros da Silva - 7958-F","pedro.pantaleao@gaussenergia.com.br","2022-03-16T17:37:09.258Z","2023-07-12T15:02:37.999Z","","","","Overdue","2","20","88","Projeto FV"
"https://app.process.st/runs/orPC_-eKOeU0gkSokPFGtA","Joelma de Miranda Vasques / Iuri Teixeira - 7895-F","pedro.pantaleao@gaussenergia.com.br group-698ea497-ec60-4bde-b165-b8f9ccbb0cfe@process.st","2022-02-24T18:56:58.071Z","2023-07-12T14:55:46.973Z","","","","OnTrack","0","28","88","Projeto FV"
"https://app.process.st/runs/pTaBxH5V-oa7SpN9HTBPaw","Francisco Higino Alves de Souza - 7824-F","pedro.pantaleao@gaussenergia.com.br","2022-03-15T20:09:23.898Z","2023-07-12T14:53:55.134Z","","","","OnTrack","0","26","88","Projeto FV"
"https://app.process.st/runs/kQ4HKd8omyvjqwUU43FMsA","Laura Lothhammer Wrasse 2 / casa filha - 8017-F","pedro.pantaleao@gaussenergia.com.br","2022-03-18T19:03:43.291Z","2023-07-12T14:53:08.400Z","","","","OnTrack","0","22","88","Projeto FV"
"https://app.process.st/runs/kZF531_eN5jYWqAr-I9HfQ","Anderson de Paula Vidal - 8013-F","pedro.pantaleao@gaussenergia.com.br","2022-03-14T19:40:49.110Z","2023-07-12T14:50:31.661Z","","","","OnTrack","0","24","88","Projeto FV"
"https://app.process.st/runs/m6wE6G0Zmv6ZmcQNgmJNcw","Contudo Engenharia Ltda / Todavia Construções / Luiz Paulo 7864-F","pedro.pantaleao@gaussenergia.com.br group-698ea497-ec60-4bde-b165-b8f9ccbb0cfe@process.st","2022-02-10T20:34:54.341Z","2023-07-12T14:48:43.984Z","","","","Overdue","3","26","88","Projeto FV"
"https://app.process.st/runs/iDes3bFe1kHZCSneZtBCJw","Simone Bessa Cerqueira / Gilton Vieira dos Santos - 7970-F","pedro.pantaleao@gaussenergia.com.br group-698ea497-ec60-4bde-b165-b8f9ccbb0cfe@process.st","2022-03-23T19:37:30.621Z","2023-07-12T14:43:31.032Z","","","","Overdue","2","21","88","Projeto FV"
"https://app.process.st/runs/pWKZSI6WuBG0-tqYwWpPgQ","Carlos Alex de Cantuaria Cypriano - 3795-F","pedro.pantaleao@gaussenergia.com.br","2022-03-29T17:53:49.968Z","2023-07-12T14:42:44.042Z","","","","Overdue","3","29","88","Projeto FV"
"https://app.process.st/runs/jTGYiVhgSTh-ICBIcoFCBQ","Pedro Santa Rosa Matos - 8153-F","pedro.pantaleao@gaussenergia.com.br","2022-03-29T14:46:39.528Z","2023-07-12T14:37:55.992Z","","","","Overdue","2","23","88","Projeto FV"
"https://app.process.st/runs/mn-UQjOA1HVK_bLzhoJPTw","Adeliene Maria Teles Vilas Boas / Avahildo - 7777-F","pedro.pantaleao@gaussenergia.com.br group-698ea497-ec60-4bde-b165-b8f9ccbb0cfe@process.st group-aa595f0b-d840-4fcb-8407-a22a023e7e0d@process.st","2022-02-07T18:16:02.836Z","2023-07-12T14:20:09.425Z","","","","OnTrack","0","14","88","Projeto FV"
"https://app.process.st/runs/qee_wcmygc_egvLqQTBPXg","Aroldo Regis - Praia do Forte - 3509-F","gabriel@gaussenergia.com.br","2020-11-09T21:27:18.345Z","2023-07-12T14:08:46.785Z","","","","Overdue","2","18","88","Projeto FV"
"https://app.process.st/runs/oN4JLTKmAAtRlNc43ixCJQ","Aroldo Regis - 2842-F","pedro.pantaleao@gaussenergia.com.br raniel.garcia@gaussenergia.com.br gabriel@gaussenergia.com.br","2019-10-28T19:03:50.938Z","2023-07-12T14:08:40.524Z","","","","Overdue","4","22","88","Projeto FV"
"https://app.process.st/runs/q_mr7z4YPpHKWflp3ANGNQ","Aroldo Regis - Praia do Forte - AUMENTO - 3509-F","pedro.pantaleao@gaussenergia.com.br","2022-03-22T14:16:52.278Z","2023-07-12T14:08:28.551Z","","","","Overdue","2","20","88","Projeto FV"
"https://app.process.st/runs/vXRGttyQHG9689XQ7g9Hww","Onofre de Oliveira - 7665-F","pedro.pantaleao@gaussenergia.com.br","2019-04-22T20:07:56.674Z","2023-07-12T13:35:31.642Z","","","","Overdue","5","16","88","Projeto FV"
"https://app.process.st/runs/nSlkF5usNnMFQCbSTP9H5Q","Onofre Eduardo Carvalho de Oliveira - AUMENTO - 7665-F","pedro.pantaleao@gaussenergia.com.br","2022-03-31T14:22:43.361Z","2023-07-12T13:35:25.750Z","","","","Overdue","3","22","88","Projeto FV"
"https://app.process.st/runs/mZ6o_9OqAvylchaGzIhBuw","Edielson Souza Carmo / Lobato Alimentos 6304-F","pedro.pantaleao@gaussenergia.com.br group-698ea497-ec60-4bde-b165-b8f9ccbb0cfe@process.st","2021-09-28T21:03:03.733Z","2023-07-12T12:49:48.950Z","","","","Overdue","2","31","88","Projeto FV"
"https://app.process.st/runs/jeZvXFl4gq8otpZwS7tPtg","Myung San Do / Lucas Myung/ MK Comércio - 7045-F","pedro.pantaleao@gaussenergia.com.br group-698ea497-ec60-4bde-b165-b8f9ccbb0cfe@process.st","2021-09-16T13:25:33.284Z","2023-07-11T18:43:13.363Z","","","","Overdue","2","24","88","Projeto FV"
"https://app.process.st/runs/vSJaYi_RAf6wsCoSMwlHeg","MK Comercio de Alimentos / Myung / Fsat / Restaurante Take - 7030-F","pedro.pantaleao@gaussenergia.com.br group-698ea497-ec60-4bde-b165-b8f9ccbb0cfe@process.st","2021-10-05T19:32:10.655Z","2023-07-11T18:38:12.755Z","","","","Overdue","1","25","88","Projeto FV"
"https://app.process.st/runs/khZCHHw_AVRlNR-uCQpHNQ","Vinicius Sodre de Jesus - 7806-F","pedro.pantaleao@gaussenergia.com.br group-698ea497-ec60-4bde-b165-b8f9ccbb0cfe@process.st","2022-01-24T14:34:50.667Z","2023-07-11T18:36:07.937Z","","","","Overdue","3","22","88","Projeto FV"
"https://app.process.st/runs/gOizFjWO7AceUf5Nb9ZE9A","Paulo Roberto da Cruz Azevedo - 7514-F","pedro.pantaleao@gaussenergia.com.br group-698ea497-ec60-4bde-b165-b8f9ccbb0cfe@process.st","2022-01-11T14:50:57.820Z","2023-07-11T18:33:45.017Z","","","","Overdue","3","28","88","Projeto FV"
"https://app.process.st/runs/hxdRP2o_9Fs6o24a2E1AdA","ABAI Associacao Benef ao Anciao de Irece - 7057-F","pedro.pantaleao@gaussenergia.com.br","2021-09-16T14:14:18.122Z","2023-07-11T14:12:46.337Z","","","","Overdue","2","22","88","Projeto FV"
"https://app.process.st/runs/pzPixsGT88JfH2kd4EdM_w","Murilo Luchiari Tumioto AUMENTO 7812-F","pedro.pantaleao@gaussenergia.com.br","2022-12-15T15:03:30.574Z","2023-07-11T13:40:37.648Z","","","","Overdue","3","21","88","Projeto FV"
"https://app.process.st/runs/qS29kdJett0bHtH8ejpAMQ","Murilo Luchiari Tumioto 2 / Fazenda 2 7812.2-F","pedro.pantaleao@gaussenergia.com.br","2022-12-15T15:15:57.180Z","2023-07-11T13:20:01.902Z","","","","Overdue","2","20","88","Projeto FV"
"https://app.process.st/runs/sKVv6gWQVKkPUfddZgVNng","Selma Silva de Oliveira Santos ME 2 / Predio Esquina 8499.2-F","pedro.pantaleao@gaussenergia.com.br","2022-10-19T13:27:03.100Z","2023-07-10T15:11:51.546Z","","","","Overdue","3","21","88","Projeto FV"
"https://app.process.st/runs/tSBLmr_x73FNyxj5AqxGdA","Paulo Cesar Silva Santana - 9604-F","pedro.pantaleao@gaussenergia.com.br","2022-12-16T14:24:34.768Z","2023-07-10T13:17:03.497Z","","","","Overdue","3","20","88","Projeto FV"
"https://app.process.st/runs/o3xNdjhRMPoG_sGdUmlOiQ","Escola Reino da Criança / Denise da Silva Araujo 9045-F","pedro.pantaleao@gaussenergia.com.br","2022-10-31T18:32:36.362Z","2023-07-10T12:58:02.054Z","","","","Overdue","3","21","88","Projeto FV"
"https://app.process.st/runs/jGBQHy1PY-QBiRS_u5BA-g","Vanderlei de Souza Matos 9690-F","pedro.pantaleao@gaussenergia.com.br","2023-01-03T19:27:08.813Z","2023-07-09T14:08:29.111Z","","","","Overdue","3","20","88","Projeto FV"
"https://app.process.st/runs/ldVNFviTxUvR_3IvAjNKkw","Advania Dos Santos Brito 9730-F","group-698ea497-ec60-4bde-b165-b8f9ccbb0cfe@process.st","2023-01-27T13:34:48.567Z","2023-07-07T14:18:11.488Z","","","","Overdue","3","24","88","Projeto FV"
"https://app.process.st/runs/jVgCkd_t8WNt3DG9anpMQg","Gilvan Alves dos Santos 9114-F","pedro.pantaleao@gaussenergia.com.br","2022-11-11T17:07:07.526Z","2023-07-07T14:05:55.666Z","","","","Overdue","3","28","88","Projeto FV"
"https://app.process.st/runs/lushQf9YFmm7j4ftkWxOeA","Luiz Otavio Costa Tourinho Tosta AUMENTO NAO HOMOLOGADO - 9014-F","pedro.pantaleao@gaussenergia.com.br group-aa595f0b-d840-4fcb-8407-a22a023e7e0d@process.st","2023-07-06T18:40:35.724Z","2023-07-06T18:46:14.752Z","","","","OnTrack","0","1","88","Projeto FV"
"https://app.process.st/runs/snA8-7H6QK7GL643yCJJyw","Empresa Tecnica E. Alagoinhas 2 /  Colegio Dinamo 110 kW 8135.2-F","pedro.pantaleao@gaussenergia.com.br","2022-07-06T20:06:45.727Z","2023-07-05T18:22:19.668Z","","","","Overdue","2","22","88","Projeto FV"
"https://app.process.st/runs/g67t-9JHNqQDM2st_3tP6Q","Quy Sorwetto Recife / Incolat 4220-F","pedro.pantaleao@gaussenergia.com.br","2021-03-29T17:56:02.375Z","2023-07-05T18:18:49.803Z","","","","Overdue","2","19","88","Projeto FV"
"https://app.process.st/runs/rhxtIjORM15cq_wYel9Nog","Auro Construtora / Antônio Melo 1 (loja 00) 2402.1-F","pedro.pantaleao@gaussenergia.com.br group-698ea497-ec60-4bde-b165-b8f9ccbb0cfe@process.st","2019-09-12T19:21:56.872Z","2023-07-05T15:27:06.922Z","","","","Overdue","5","19","88","Projeto FV"
"https://app.process.st/runs/gIJzQpeYeF1LrXS_DkVNyQ","Auro Construtora / Antônio Melo 2 (loja 03) 2402.2-F","pedro.pantaleao@gaussenergia.com.br","2019-10-01T19:09:03.164Z","2023-07-05T13:03:42.985Z","","","","Overdue","4","17","88","Projeto FV"
"https://app.process.st/runs/rVc3QPNRoDPxk2TVzwZEjw","Auro Construtora / Antônio Melo 3 (loja 06) 2402.3-F","pedro.pantaleao@gaussenergia.com.br group-698ea497-ec60-4bde-b165-b8f9ccbb0cfe@process.st","2019-10-11T23:00:06.027Z","2023-07-05T13:03:37.307Z","","","","Overdue","5","17","88","Projeto FV"
"https://app.process.st/runs/nGW422c2BCAmx3DOouRPiw","Joao Neto Queiroz 7698-F","pedro.pantaleao@gaussenergia.com.br","2021-12-03T19:37:24.664Z","2023-07-05T12:01:33.077Z","","","","Overdue","3","27","88","Projeto FV"
"https://app.process.st/runs/mqxcDB59WBdgMJOQATVBiA","Wirlei Fernandes de Carvalho 9797-F","pedro.pantaleao@gaussenergia.com.br","2023-02-23T14:49:06.341Z","2023-07-04T18:21:48.029Z","","","","Overdue","3","21","88","Projeto FV"
"https://app.process.st/runs/tW-pQqSta3LzIPbQR2pILA","Iberia Transportes e Serviços Ltda 7734-F","pedro.pantaleao@gaussenergia.com.br","2022-01-11T14:17:58.887Z","2023-07-04T16:21:45.135Z","","","","Overdue","1","25","88","Projeto FV"
"https://app.process.st/runs/qQYWqkMfSrfhbm_IzP1PKg","Tiago Alecrim Dourado 7542-F","pedro.pantaleao@gaussenergia.com.br","2021-12-14T12:58:39.308Z","2023-07-04T16:04:01.574Z","","","","Overdue","3","29","88","Projeto FV"
"https://app.process.st/runs/ss_o-YklqVtG-FfgWAZGEg","Freitas Frios 2 / Leidimar Alves 5619-F","","2021-07-01T14:05:28.558Z","2023-06-26T05:44:42.397Z","","","","Overdue","3","20","88","Projeto FV"
"https://app.process.st/runs/iDO-YBFMNM4AGswlO3BApQ","Ana Cristina Ferreira dos Santos / Eliete  9546-F","pedro.pantaleao@gaussenergia.com.br group-698ea497-ec60-4bde-b165-b8f9ccbb0cfe@process.st","2023-01-03T19:15:51.736Z","2023-06-24T13:41:25.062Z","","","","Overdue","3","20","88","Projeto FV"
"https://app.process.st/runs/k1YYFPzP6lPOf4ZiwI5POQ","Giuliano Rodrigues 2903-F","pedro.pantaleao@gaussenergia.com.br group-698ea497-ec60-4bde-b165-b8f9ccbb0cfe@process.st","2019-12-19T22:01:31.575Z","2023-06-21T15:09:49.511Z","","","","Overdue","5","21","88","Projeto FV"
"https://app.process.st/runs/panhh1rule4xFbAtKitGxw","Luiz Augusto Matos 3 - Mercado de Daniela 1788.3","pedro.pantaleao@gaussenergia.com.br","2020-11-19T19:50:32.856Z","2023-06-21T13:31:33.330Z","","","","Overdue","1","21","88","Projeto FV"
"https://app.process.st/runs/lrqBG27a1xUsJ5GWc9pPqQ","Luiz Augusto Matos 1 / Merc. São Luiz 1788.1-F","pedro.pantaleao@gaussenergia.com.br","2019-03-16T22:23:26.180Z","2023-06-21T13:31:28.802Z","","","","Overdue","5","19","88","Projeto FV"
"https://app.process.st/runs/kP1869res6tGSONZW8FFIQ","Luiz Augusto Matos 2 / Merc. São Luiz 1788.2","pedro.pantaleao@gaussenergia.com.br","2019-03-16T22:44:54.154Z","2023-06-21T13:31:23.286Z","","","","Overdue","4","18","88","Projeto FV"
"https://app.process.st/runs/sBbh-e77AkBnFZuyJJ5OUg","Heliofabio Cardoso Dourado 1 / Joao Dourado 6073.1-F","pedro.pantaleao@gaussenergia.com.br","2021-08-11T17:46:04.096Z","2023-06-16T19:14:58.378Z","","","","Overdue","2","23","88","Projeto FV"
"https://app.process.st/runs/hfuBvFYF3S98imTtKQpM7Q","Thiago Paulo Teixeira dos Santos 2 / Paulo Queiroz dos Santos / km 7","pedro.pantaleao@gaussenergia.com.br group-aa595f0b-d840-4fcb-8407-a22a023e7e0d@process.st","2022-12-15T19:06:55.992Z","2023-06-14T19:01:34.910Z","","","","OnTrack","0","12","88","Projeto FV"
"https://app.process.st/runs/h31iqptnyxEhuyGLXzVGEA","Bruno Nery Andrade AUMENTO NAO HOMOLOGADO 9320-F","pedro.pantaleao@gaussenergia.com.br group-aa595f0b-d840-4fcb-8407-a22a023e7e0d@process.st","2023-06-07T15:04:53.844Z","2023-06-13T19:02:45.309Z","","","","OnTrack","0","2","88","Projeto FV"
"https://app.process.st/runs/jY0M9ar4NmKh_FoVeqtPCQ","Elaine de Jesus Santos 9668-F","pedro.pantaleao@gaussenergia.com.br","2023-02-15T18:33:26.069Z","2023-06-13T16:49:19.210Z","","","","Overdue","2","20","88","Projeto FV"
"https://app.process.st/runs/pUQB4uaIzizlhDCmscBAXA","Pelir Engenharia Ltda / Rogelio Veiga Peleteiro Filho 8820-F","pedro.pantaleao@gaussenergia.com.br group-698ea497-ec60-4bde-b165-b8f9ccbb0cfe@process.st","2022-10-25T18:31:28.717Z","2023-06-13T14:21:07.637Z","","","","Overdue","3","21","88","Projeto FV"
"https://app.process.st/runs/sp5LL2itL9b1jeIMaVZCHw","Maria do Rosario Vianna de Magalhaes 8074-F","pedro.pantaleao@gaussenergia.com.br group-698ea497-ec60-4bde-b165-b8f9ccbb0cfe@process.st","2022-07-19T17:25:13.369Z","2023-06-12T13:31:27.991Z","","","","Overdue","3","28","88","Projeto FV"
"https://app.process.st/runs/ml1iZXfmYzBfLV5oUxRL0A","Edvard Rodrigues da Mata 7338-F","pedro.pantaleao@gaussenergia.com.br","2021-10-22T18:54:49.238Z","2023-06-12T12:28:38.757Z","","","","Overdue","3","22","88","Projeto FV"
"https://app.process.st/runs/vFGu_jpV-W35zg5E0eNIZw","Elaine Reis Santos de Oliveira / Jessé 4507-F","pedro.pantaleao@gaussenergia.com.br","2021-03-17T21:31:16.605Z","2023-06-09T14:33:35.213Z","","","","Overdue","3","20","88","Projeto FV"
"https://app.process.st/runs/qQoDcBbR4931G7VqknhNUw","Rosimeri Oliveira da Silva 5177-F","pedro.pantaleao@gaussenergia.com.br","2021-06-09T20:12:10.815Z","2023-06-09T13:57:13.180Z","","","","Overdue","3","22","88","Projeto FV"
"https://app.process.st/runs/nw4CBOcXjYijnsztVXJD3g","Calçados e Confecçoes Sao Francisco 2 / Casa Sao Francisco 2 9657-F","pedro.pantaleao@gaussenergia.com.br","2022-12-26T13:12:16.647Z","2023-06-09T13:44:05.713Z","","","","Overdue","3","24","88","Projeto FV"
"https://app.process.st/runs/hgqG7_2QrR7CEwOYFK5KCQ","Supermercado Bom de Preço - Macia Alencar Sousa 1 1761.1-F","pedro.pantaleao@gaussenergia.com.br gabriel@gaussenergia.com.br","2019-03-30T18:26:46.489Z","2023-06-07T16:59:40.469Z","","","","Overdue","4","15","88","Projeto FV"
"https://app.process.st/runs/jD32oTFm1EHgOJFzBm9Biw","Supermercado Bom de Preço - Macia Alencar Sousa 2 1761.2-F","gabriel@gaussenergia.com.br group-698ea497-ec60-4bde-b165-b8f9ccbb0cfe@process.st group-aa595f0b-d840-4fcb-8407-a22a023e7e0d@process.st","2019-03-30T19:03:26.090Z","2023-06-07T16:59:31.003Z","","","","Overdue","6","24","88","Projeto FV"
"https://app.process.st/runs/uY02eK6o6C7lCfCprOpMhw","Fredson da Silva Bento 7315-F","pedro.pantaleao@gaussenergia.com.br","2021-10-20T14:37:47.722Z","2023-06-05T18:09:30.223Z","","","","Overdue","3","25","88","Projeto FV"
"https://app.process.st/runs/piqK5vwi4_H0hFGx1F9MDA","Marcelo Sa Moreira Masagao 9581-F","pedro.pantaleao@gaussenergia.com.br","2022-12-26T16:22:51.549Z","2023-06-04T18:52:45.231Z","","","","Overdue","2","19","88","Projeto FV"
"https://app.process.st/runs/q2YsVr3T9Xn1q3rx3iBHgw","Ariosvaldo Silva 9698-F","group-698ea497-ec60-4bde-b165-b8f9ccbb0cfe@process.st","2023-01-30T16:06:21.911Z","2023-05-31T14:14:30.113Z","","","","Overdue","3","19","88","Projeto FV"
"https://app.process.st/runs/iJmVa7ayCGPuQ-cAiy1EQQ","Jose Henrique Mendonça Costa 3 / Achado 500 8267.3-F","pedro.pantaleao@gaussenergia.com.br","2022-12-29T12:20:20.280Z","2023-05-31T12:06:27.757Z","","","","Overdue","3","20","88","Projeto FV"
"https://app.process.st/runs/nJwsGc90hiNoYWw4YnFGRw","Murilo Luchiari Tumioto - 7812F","pedro.pantaleao@gaussenergia.com.br group-698ea497-ec60-4bde-b165-b8f9ccbb0cfe@process.st","2022-02-11T19:33:40.181Z","2023-05-30T19:05:21.862Z","","","","Overdue","2","24","88","Projeto FV"
"https://app.process.st/runs/vaHdifKDIay28QgQSu5GsA","2570-F Frango Frito / Rosy Meire","raniel.garcia@gaussenergia.com.br","2019-09-06T11:33:11.965Z","2023-05-30T19:05:05.347Z","","","","Overdue","4","19","88","Projeto FV"
"https://app.process.st/runs/msmomZEmyJkKDRnJD-xAHQ","Miriam Medina Bettencourt 7976-F","pedro.pantaleao@gaussenergia.com.br","2022-03-04T19:28:49.060Z","2023-05-29T15:10:55.449Z","","","","OnTrack","0","23","88","Projeto FV"
"https://app.process.st/runs/nX3GvajRdJLM_JKn7WRAcg","Joao Marlon / Fazenda bem tivi 5999-F","pedro.pantaleao@gaussenergia.com.br","2021-06-28T21:10:56.785Z","2023-05-26T16:18:33.715Z","","","","Overdue","2","23","88","Projeto FV"
"https://app.process.st/runs/rRI5DWb0jNnME6fggnRN_g","Ary Pereira de Oliveira 1743-F","","2019-01-23T18:03:21.166Z","2023-05-25T18:01:26.408Z","","","","Overdue","5","24","88","Projeto FV"
"https://app.process.st/runs/ikXub6q-RHwNF5nnA39J2g","Dalmo Pereira Dourado 8237-F","pedro.pantaleao@gaussenergia.com.br group-698ea497-ec60-4bde-b165-b8f9ccbb0cfe@process.st group-aa595f0b-d840-4fcb-8407-a22a023e7e0d@process.st","2022-04-08T19:14:27.778Z","2023-05-25T13:36:07.678Z","","","","Overdue","5","19","88","Projeto FV"
"https://app.process.st/runs/mY2kYIymwdG1o_pVxdlK9g","Edilson Amorim Santos 7403-F","pedro.pantaleao@gaussenergia.com.br","2021-11-05T14:15:09.464Z","2023-05-24T18:04:24.767Z","","","","Overdue","3","23","88","Projeto FV"
"https://app.process.st/runs/jyV1WhkcBGZdXZ7lUHhMBw","1153-F E. Passos dos Santos - Ventura Camisetas","","2018-12-10T18:34:40.918Z","2023-05-24T16:33:22.085Z","","","","Overdue","4","16","88","Projeto FV"
"https://app.process.st/runs/lPP60-tUFuMTqn-fg85Ekg","Urania de Oliveira Paiva","pedro.pantaleao@gaussenergia.com.br group-aa595f0b-d840-4fcb-8407-a22a023e7e0d@process.st","2023-04-06T14:38:28.973Z","2023-05-23T14:38:21.277Z","","","","OnTrack","0","3","88","Projeto FV"
"https://app.process.st/runs/r_xYn9ZjP_5fkzSE7DBOSw","Jorge Pereira Teles 2 - Lajedo de Euripedes 7739-F","pedro.pantaleao@gaussenergia.com.br","2021-12-16T20:30:00.456Z","2023-05-22T17:34:13.780Z","","","","Overdue","2","21","88","Projeto FV"
"https://app.process.st/runs/vyaAw4mCnOWlzKT5VFZJzA","Jorge Pereira Teles - Fazenda Bela Vista 5623-F","pedro.pantaleao@gaussenergia.com.br","2021-08-17T21:45:30.582Z","2023-05-22T17:21:52.376Z","","","","Overdue","2","25","88","Projeto FV"
"https://app.process.st/runs/l4CfmLqsSHM5mQjAkRJPqw","Jorge Pereira Teles 5 - Fazenda Bela Vista 2 - 8223-F","pedro.pantaleao@gaussenergia.com.br","2022-04-07T19:53:42.875Z","2023-05-22T16:34:54.070Z","","","","Overdue","1","29","88","Projeto FV"
"https://app.process.st/runs/mL2VN3VykoDmV2RM6ORMvA","Fabio Lucio Santana de Araujo AUMENTO / Antigo Luiz Carlos Pesqueira Cunha 5098-F","pedro.pantaleao@gaussenergia.com.br","2023-01-03T22:06:58.461Z","2023-05-22T13:09:43.454Z","","","","Overdue","3","24","88","Projeto FV"
"https://app.process.st/runs/ki5Pas6goAsFin4t3vpMqQ","Jorge Pereira Teles 4 - Fazenda Agroverde 8233-F","pedro.pantaleao@gaussenergia.com.br","2022-04-07T19:28:56.368Z","2023-05-18T19:14:45.129Z","","","","Overdue","2","24","88","Projeto FV"
"https://app.process.st/runs/qeA2h219qCE9ku6Q9Q9Ayg","Francisco das Chagas Pereira AUMENTO NAO HOMOLOGADO 3477-F","pedro.pantaleao@gaussenergia.com.br group-aa595f0b-d840-4fcb-8407-a22a023e7e0d@process.st","2023-05-02T13:37:59.781Z","2023-05-02T14:23:12.329Z","","","","OnTrack","0","2","88","Projeto FV"
"https://app.process.st/runs/iKQ4PtLUfpXvWq1TbLBGRg","Gauss Irece - APENAS PARA TESTE","pedro.pantaleao@gaussenergia.com.br group-aa595f0b-d840-4fcb-8407-a22a023e7e0d@process.st","2023-04-25T18:02:26.452Z","2023-04-26T16:26:28.651Z","","","","OnTrack","0","3","88","Projeto FV"
"https://app.process.st/runs/mXDBggGCKtg5qzKEeyNJXg","Jose Wilson Salviano da Silva 5695-F","","2021-07-21T18:35:49.676Z","2023-04-24T17:25:18.026Z","","","","Overdue","3","19","88","Projeto FV"
"https://app.process.st/runs/gmPmRBcnjtHw3X8AK-RMBg","Marciela da Silva Souza Sodré AUMENTO / Mercado KML","pedro.pantaleao@gaussenergia.com.br group-aa595f0b-d840-4fcb-8407-a22a023e7e0d@process.st","2022-11-08T14:59:12.345Z","2023-03-20T15:04:24.159Z","","","","Overdue","1","17","88","Projeto FV"
"https://app.process.st/runs/kXdt85I97lV7JF9mJS9BPQ","GMG Solar SPE Ltda 3 AUMENTO / Povoado Vila de Recife / Reinalva","pedro.pantaleao@gaussenergia.com.br","2022-11-21T14:13:58.220Z","2023-03-13T19:25:33.352Z","","","","Overdue","3","21","88","Projeto FV"
"https://app.process.st/runs/iZWo55whsExW6IY8slNGWQ","Thiago Paulo Teixeira dos Santos 1 / km 20","pedro.pantaleao@gaussenergia.com.br group-aa595f0b-d840-4fcb-8407-a22a023e7e0d@process.st","2022-12-15T18:39:27.071Z","2023-03-13T13:02:00.679Z","","","","OnTrack","0","12","88","Projeto FV"
"https://app.process.st/runs/s_9BbzfA328nLUrzAYhM4A","Antônio Vieira - Neide Melo - JN Mercado","raniel.garcia@gaussenergia.com.br group-aa595f0b-d840-4fcb-8407-a22a023e7e0d@process.st","2019-04-09T14:06:32.039Z","2023-03-01T12:06:20.241Z","","","","Overdue","5","19","88","Projeto FV"
"https://app.process.st/runs/oaxPxGdiZCi_NjZsABpBTQ","Danilo Lima Costa AUMENTO","pedro.pantaleao@gaussenergia.com.br","2022-09-14T13:41:27.554Z","2023-02-28T19:13:18.841Z","","","","Overdue","3","21","88","Projeto FV"
"https://app.process.st/runs/sZdi5wZtXGHD0jXpPltGCw","Avantti Medicina e Cirurgia Ltda / Gustavo Leal fazenda","pedro.pantaleao@gaussenergia.com.br group-aa595f0b-d840-4fcb-8407-a22a023e7e0d@process.st","2022-12-13T13:08:50.145Z","2023-02-14T12:38:49.971Z","","","","OnTrack","0","13","88","Projeto FV"
"https://app.process.st/runs/vClJraZnfyHKGaj5nS5HrA","GRGD Tavares Centro Hospitalar / Gustavo Leal Fazenda 2","pedro.pantaleao@gaussenergia.com.br group-aa595f0b-d840-4fcb-8407-a22a023e7e0d@process.st","2022-12-21T17:23:57.854Z","2023-01-08T16:00:55.793Z","","","","Overdue","1","10","88","Projeto FV"
"https://app.process.st/runs/rbnvRx-QScjRwAOPqXxD4g","Nadir Perez Rodrigues / Vitor Almeida Perez / Caio Perez","pedro.pantaleao@gaussenergia.com.br group-698ea497-ec60-4bde-b165-b8f9ccbb0cfe@process.st group-aa595f0b-d840-4fcb-8407-a22a023e7e0d@process.st","2022-11-29T12:27:34.630Z","2023-01-06T22:02:07.186Z","","","","OnTrack","0","3","88","Projeto FV"
"https://app.process.st/runs/mo-L_JZaikSVm-mcvmhBmA","Irece Temeiros AUMENTO PARA O BANCO DO BRASIL / Erinaldo Vieira / Hiperlojao","pedro.pantaleao@gaussenergia.com.br group-698ea497-ec60-4bde-b165-b8f9ccbb0cfe@process.st group-aa595f0b-d840-4fcb-8407-a22a023e7e0d@process.st","2022-05-27T14:49:54.581Z","2022-12-29T13:29:54.300Z","","","","OnTrack","0","16","88","Projeto FV"
"https://app.process.st/runs/hdlY4Jw50FGpD-ZP21xA4A","Aguas Bravas Empreendimentos e Participacoes SPE Ltda 1 / Casa 01","pedro.pantaleao@gaussenergia.com.br group-aa595f0b-d840-4fcb-8407-a22a023e7e0d@process.st","2022-12-12T17:38:07.504Z","2022-12-26T18:55:15.962Z","","","","OnTrack","0","13","88","Projeto FV"
"https://app.process.st/runs/r2LDG_LI5L_vaHJW9FNKfw","Aguas Bravas Empreendimentos e Participacoes SPE Ltda 2 / Casa 02","pedro.pantaleao@gaussenergia.com.br group-aa595f0b-d840-4fcb-8407-a22a023e7e0d@process.st","2022-12-12T17:48:35.201Z","2022-12-26T18:55:08.061Z","","","","OnTrack","0","13","88","Projeto FV"
"https://app.process.st/runs/jOoVB4J6giCxH6T_4zlELQ","Aguas Bravas Empreendimentos e Participacoes SPE Ltda 3 / Casa 03","pedro.pantaleao@gaussenergia.com.br group-aa595f0b-d840-4fcb-8407-a22a023e7e0d@process.st","2022-12-12T18:30:58.734Z","2022-12-26T18:55:00.020Z","","","","OnTrack","0","13","88","Projeto FV"
"https://app.process.st/runs/uBu-F6Mxn1DYZd4U2npNxQ","Aguas Bravas Empreendimentos e Participacoes SPE Ltda 5 / Casa 05","pedro.pantaleao@gaussenergia.com.br group-aa595f0b-d840-4fcb-8407-a22a023e7e0d@process.st","2022-12-12T19:01:58.979Z","2022-12-26T18:54:40.684Z","","","","OnTrack","0","13","88","Projeto FV"
"https://app.process.st/runs/hGvBsTi8tSc21KxvevpHAA","Aguas Bravas Empreendimentos e Participacoes SPE Ltda 6 / Casa 06","pedro.pantaleao@gaussenergia.com.br group-aa595f0b-d840-4fcb-8407-a22a023e7e0d@process.st","2022-12-12T19:12:14.126Z","2022-12-26T18:54:31.167Z","","","","OnTrack","0","13","88","Projeto FV"
"https://app.process.st/runs/qPxFP0kD55yL964MJIdD4A","Aguas Bravas Empreendimentos e Participacoes SPE Ltda 8 / Casa 08","pedro.pantaleao@gaussenergia.com.br group-aa595f0b-d840-4fcb-8407-a22a023e7e0d@process.st","2022-12-12T19:48:33.830Z","2022-12-26T18:54:15.674Z","","","","OnTrack","0","13","88","Projeto FV"
"https://app.process.st/runs/pnjhR9Tla3xQe2RkHWVJ0w","Aguas Bravas Empreendimentos e Participacoes SPE Ltda 9 / Casa 09","pedro.pantaleao@gaussenergia.com.br group-aa595f0b-d840-4fcb-8407-a22a023e7e0d@process.st","2022-12-12T19:52:46.327Z","2022-12-26T18:54:10.905Z","","","","OnTrack","0","13","88","Projeto FV"
"https://app.process.st/runs/s34jbyfbEzwmqyvsKYZMqA","LS Assunção","gabriel@gaussenergia.com.br group-aa595f0b-d840-4fcb-8407-a22a023e7e0d@process.st","2019-12-09T21:51:32.800Z","2022-12-15T14:14:06.605Z","","","","Overdue","2","18","88","Projeto FV"
"https://app.process.st/runs/r5s9HFsH63kSjHBY__NCXA","Padaria Juazeiro","pedro.pantaleao@gaussenergia.com.br","2019-01-09T20:35:38.337Z","2022-12-12T19:06:07.672Z","","","","Overdue","5","21","88","Projeto FV"
"https://app.process.st/runs/iwWt620H55fd1tU0Q0NCvQ","Rosiane Cardoso Neves de Matos / Joao Cardoso","pedro.pantaleao@gaussenergia.com.br group-698ea497-ec60-4bde-b165-b8f9ccbb0cfe@process.st group-aa595f0b-d840-4fcb-8407-a22a023e7e0d@process.st","2022-10-14T18:24:11.398Z","2022-12-05T13:29:02.086Z","","","","OnTrack","0","14","88","Projeto FV"
"https://app.process.st/runs/qGXYPEXw6lfyu_B_FuhO0A","Ailton Almeida dos Santos 2 / Lado do Palace Hotel","pedro.pantaleao@gaussenergia.com.br","2022-11-14T17:54:40.904Z","2022-11-14T17:57:28.581Z","","","","OnTrack","0","0","88","Projeto FV"
"https://app.process.st/runs/nfoNJqTyHhTigneNfGVP8Q","Cândido Azeredo","gabriel@gaussenergia.com.br","2020-01-20T13:19:15.062Z","2022-10-26T13:59:32.160Z","","","","Overdue","1","21","88","Projeto FV"
"https://app.process.st/runs/p1ys04NY6hlTt5FcWX9ArQ","Andiara Coberio Terena","pedro.pantaleao@gaussenergia.com.br","2022-06-10T19:44:52.313Z","2022-10-22T17:43:24.592Z","","","","Overdue","1","22","88","Projeto FV"
"https://app.process.st/runs/trw6H0fFKV5LFV0wqz5Jnw","Danilo Lima Costa","pedro.pantaleao@gaussenergia.com.br","2021-10-26T18:32:14.926Z","2022-09-14T14:12:08.555Z","","","","Overdue","3","26","88","Projeto FV"
"https://app.process.st/runs/le8aa8Vs5UyuLAnGUH9Fyg","Jason Xx / Josilane Azevedo dos Santos","","2018-12-10T18:34:51.916Z","2022-09-01T18:14:06.312Z","","","","Overdue","5","18","88","Projeto FV"
"https://app.process.st/runs/t0r5B3ht6CMD35D5k7RLsg","CEOM","pedro.pantaleao@gaussenergia.com.br","2019-06-05T19:37:47.462Z","2022-08-30T16:50:42.602Z","","","","Overdue","4","18","88","Projeto FV"
"https://app.process.st/runs/uaI6-8eML0je9bCgaTJEWQ","Lua Souza Cunha / Francinete Souza Cunha","pedro.pantaleao@gaussenergia.com.br group-698ea497-ec60-4bde-b165-b8f9ccbb0cfe@process.st","2022-05-13T13:23:32.888Z","2022-08-19T17:48:02.900Z","","","","Overdue","3","21","88","Projeto FV"
"https://app.process.st/runs/ugeR4ZgWjsIudS7Vq2FMbA","Gercy Dourado de Castro / Thales Dourado","pedro.pantaleao@gaussenergia.com.br group-698ea497-ec60-4bde-b165-b8f9ccbb0cfe@process.st","2020-04-14T19:18:38.082Z","2022-08-18T19:21:17.377Z","","","","Overdue","2","29","88","Projeto FV"
"https://app.process.st/runs/gMecWYlxAShmGq-Vo2pKww","Pedro Oliveira Lopes / Adega Drinks","pedro.pantaleao@gaussenergia.com.br group-698ea497-ec60-4bde-b165-b8f9ccbb0cfe@process.st","2021-01-06T18:48:48.509Z","2022-08-18T16:46:09.211Z","","","","Overdue","3","21","88","Projeto FV"
"https://app.process.st/runs/n6U3YMji2L9Ad5OkHChNVQ","Fotolar","raniel.garcia@gaussenergia.com.br","2019-02-22T13:52:14.015Z","2022-08-18T12:38:43.665Z","2019-05-01T22:19:00.000Z","","","Overdue","4","21","88","Projeto FV"
"https://app.process.st/runs/kvLlmocb5VdRxBVHpX5AFQ","Deubivan / D Santos","pedro.pantaleao@gaussenergia.com.br","2019-04-13T19:42:27.870Z","2022-08-01T19:19:04.604Z","2019-05-01T22:19:00.000Z","","","Overdue","5","17","88","Projeto FV"
"https://app.process.st/runs/oANUhs_vluoF8d0Nd9FK6Q","André Luis Teles dos Santos","","2018-12-10T18:34:58.212Z","2022-07-25T17:36:51.903Z","","","","Overdue","4","20","88","Projeto FV"
"https://app.process.st/runs/ruyxB1fT-X_dYQ7Rv_VGrg","Luciano Candemil Valim - 7897","pedro.pantaleao@gaussenergia.com.br group-698ea497-ec60-4bde-b165-b8f9ccbb0cfe@process.st","2022-02-24T19:21:08.896Z","2022-07-12T17:15:22.184Z","","","","Overdue","3","21","88","Projeto FV"
"https://app.process.st/runs/qRj4wl5WSrAQxX8LJzlJWA","Centro Medico Labimagem Subae - 4638","group-698ea497-ec60-4bde-b165-b8f9ccbb0cfe@process.st","2021-07-19T17:02:31.728Z","2022-07-11T20:41:07.213Z","","","","Overdue","2","26","88","Projeto FV"
"https://app.process.st/runs/u0AZXja_BrGat3s4MKZGOw","Thais Magalhaes Dourado / Cayo Carona - 7112","pedro.pantaleao@gaussenergia.com.br","2022-02-21T14:06:41.784Z","2022-07-11T20:13:30.980Z","","","","OnTrack","0","26","88","Projeto FV"
"https://app.process.st/runs/hFi6ibw-tQ7iJKgg1bxNKQ","Leandro Alves de Carvalho - 7837","pedro.pantaleao@gaussenergia.com.br","2022-02-04T18:57:05.060Z","2022-07-11T19:11:48.551Z","","","","Overdue","1","27","88","Projeto FV"
"https://app.process.st/runs/qRNnn6LZzj_No0r59JZPHg","Maria Ivoni da Silva Cirino - 7313","pedro.pantaleao@gaussenergia.com.br","2021-10-28T17:13:31.259Z","2022-07-11T16:04:36.448Z","","","","Overdue","2","30","88","Projeto FV"
"https://app.process.st/runs/grpANhvMq3f2_vhANh9FzQ","Raimundo / Clay Ferraz","pedro.pantaleao@gaussenergia.com.br","2020-01-09T20:24:54.997Z","2022-06-02T20:31:19.374Z","","","","Overdue","5","20","88","Projeto FV"
"https://app.process.st/runs/qf_YPepOzQCvkEUvfflB8g","Gilvan Barbosa - Comercial de Estivas 3 - Servilar Antigo","gabriel@gaussenergia.com.br group-aa595f0b-d840-4fcb-8407-a22a023e7e0d@process.st","2019-12-03T21:13:21.560Z","2022-04-29T19:49:13.638Z","","","","Overdue","4","20","88","Projeto FV"
"https://app.process.st/runs/i89A-aBFMCNujq-Ko49ISQ","Maison do Vidro / Philippe Franco / Fernanda Palhares","pedro.pantaleao@gaussenergia.com.br","2021-06-10T16:47:43.999Z","2022-04-27T15:16:54.970Z","","","","Overdue","3","31","88","Projeto FV"
"https://app.process.st/runs/i08xsKnrW5e0GXLZ9GJB3w","Resiak","raniel.garcia@gaussenergia.com.br","2019-03-16T20:09:34.874Z","2022-04-04T20:02:15.494Z","","","","Overdue","4","19","88","Projeto FV"
"https://app.process.st/runs/t0w0-lrhrmmKNxbWwltKfg","Dant Douglas Alves Abreu","pedro.pantaleao@gaussenergia.com.br","2021-10-14T20:10:28.982Z","2022-01-22T18:39:35.170Z","","","","Overdue","2","23","88","Projeto FV"
"https://app.process.st/runs/vjyg5feyuxg5p9IYNY5HpQ","Debora Maria Almeida Dias / Edvalso / Autoescola Irece","pedro.pantaleao@gaussenergia.com.br group-698ea497-ec60-4bde-b165-b8f9ccbb0cfe@process.st","2020-10-16T14:54:04.867Z","2022-01-18T19:52:05.796Z","","","","Overdue","3","23","88","Projeto FV"
"https://app.process.st/runs/voaBs6iuW5VpTl3wID9Czg","Pedro Rodrigues / Portal Seabra","pedro.pantaleao@gaussenergia.com.br","2019-02-25T18:50:51.671Z","2021-12-20T19:02:49.466Z","","","","Overdue","4","19","88","Projeto FV"
"https://app.process.st/runs/u4UVex5CEMuU--uVgNxCmg","José Robson","raniel.garcia@gaussenergia.com.br","2019-03-14T17:15:39.017Z","2021-11-04T18:08:31.018Z","","","","Overdue","5","19","88","Projeto FV"
"https://app.process.st/runs/qzVEp-F40X315MglkzlHdA","Josefa","","2019-09-16T16:17:53.097Z","2021-10-28T16:50:29.333Z","","","","Overdue","5","19","88","Projeto FV"
"https://app.process.st/runs/nnljXCQvRhu8CUOI3I5KEw","W4 Hotel 2","pedro.pantaleao@gaussenergia.com.br","2020-05-15T20:35:33.714Z","2021-10-14T19:27:58.611Z","","","","Overdue","3","20","88","Projeto FV"
"https://app.process.st/runs/pj95Rc_TvoV5cxY7C75JOg","Sandra Letícia da Silva Rodrigues","group-698ea497-ec60-4bde-b165-b8f9ccbb0cfe@process.st group-aa595f0b-d840-4fcb-8407-a22a023e7e0d@process.st","2021-07-09T18:30:03.889Z","2021-10-06T15:31:28.260Z","","","","OnTrack","0","3","88","Projeto FV"
"https://app.process.st/runs/szIsQC7OlQiDPIEBGjVFiA","Josenir Magalhaes","raniel.garcia@gaussenergia.com.br","2019-04-15T16:22:08.648Z","2021-09-01T13:44:05.703Z","","","","Overdue","5","17","88","Projeto FV"
"https://app.process.st/runs/txfsuGOiKEltmcASn21EpA","Carlos Barreto / Barreto Cereais","pedro.pantaleao@gaussenergia.com.br","2019-10-21T18:16:59.965Z","2021-08-20T21:11:15.811Z","","","","Overdue","4","19","88","Projeto FV"
"https://app.process.st/runs/m9-36uzpS2rzsL2doUREfA","Romison Quirino","pedro.pantaleao@gaussenergia.com.br","2019-10-01T14:22:27.682Z","2021-08-16T15:00:05.767Z","","","","Overdue","4","19","88","Projeto FV"
"https://app.process.st/runs/uZ-nIOXLhBw4DoAW3iJF6A","Gildazio da Silva Viana / Marcelo Cruz","pedro.pantaleao@gaussenergia.com.br group-698ea497-ec60-4bde-b165-b8f9ccbb0cfe@process.st","2020-12-17T14:59:10.985Z","2021-06-22T17:52:43.868Z","","","","Overdue","2","24","88","Projeto FV"
"https://app.process.st/runs/io3aHDSPXFJ8-q9ZGkZDmQ","Maria de Fátima","","2018-12-10T18:34:42.577Z","2021-05-28T17:35:23.529Z","","","","Overdue","4","16","88","Projeto FV"
"https://app.process.st/runs/ooWSLV9ztzMur_9HqVRI7A","Pollyana de Lima Dias / Di Tudo 2","pedro.pantaleao@gaussenergia.com.br","2020-10-29T19:36:53.830Z","2021-05-28T17:28:12.812Z","","","","Overdue","3","20","88","Projeto FV"
"https://app.process.st/runs/tQRBv2QT8J7SCNsYrYBHBQ","Marcelo Martins 2 - Graça Lanches","pedro.pantaleao@gaussenergia.com.br","2019-05-06T17:45:09.209Z","2021-05-28T14:00:42.989Z","","","","Overdue","4","15","88","Projeto FV"
"https://app.process.st/runs/koyF7UY5xECuVQE863VJYQ","Antônio Paulo Mendes Sobrinho","pedro.pantaleao@gaussenergia.com.br","2020-02-12T14:29:48.390Z","2021-05-13T17:54:44.185Z","","","","Overdue","5","18","88","Projeto FV"
"https://app.process.st/runs/ln7fETRVsdFtMYdqxyJKLg","NogPack - Antonio Nogueira","raniel.garcia@gaussenergia.com.br","2019-05-29T15:28:10.839Z","2021-05-12T18:55:35.081Z","","","","Overdue","4","18","88","Projeto FV"
"https://app.process.st/runs/rkpSWbN3ligsWNYhTWVMxw","Edileuza Barboza de Souza 2","pedro.pantaleao@gaussenergia.com.br","2020-02-06T20:00:40.748Z","2021-05-12T18:53:28.941Z","","","","Overdue","5","18","88","Projeto FV"
"https://app.process.st/runs/scsXf0536OKFu7ngm61BRA","Gilecio Dourado Fernandes / Padaria e Mercadinho Souza","raniel.garcia@gaussenergia.com.br","2019-08-13T13:21:32.071Z","2021-05-12T18:22:19.431Z","","","","Overdue","5","21","88","Projeto FV"
"https://app.process.st/runs/rqdO2ElYZ7czNNzhdp5DjQ","Marciela da Silva Souza Sodré / Mercado KML","pedro.pantaleao@gaussenergia.com.br","2021-01-19T17:41:14.256Z","2021-04-20T18:37:18.359Z","","","","Overdue","3","23","88","Projeto FV"
"https://app.process.st/runs/k9w0CuPV8xfaZHh0vIFBkw","Giba / Giorlan Xavier","raniel.garcia@gaussenergia.com.br","2019-04-16T14:53:37.433Z","2021-04-19T12:37:29.374Z","","","","Overdue","5","17","88","Projeto FV"
"https://app.process.st/runs/toWsAPl0WnrofcIjXNFJ4g","Edmilson de Jesus","pedro.pantaleao@gaussenergia.com.br group-aa595f0b-d840-4fcb-8407-a22a023e7e0d@process.st","2021-03-12T18:09:50.225Z","2021-03-23T20:00:30.937Z","","","","OnTrack","0","6","88","Projeto FV"
"https://app.process.st/runs/jBVCrMM9ZpNNJPuNCkJCTw","Theffterson Icson 3 (realocação do 2)","pedro.pantaleao@gaussenergia.com.br","2020-11-25T20:21:28.900Z","2021-03-21T18:40:10.866Z","","","","Overdue","2","21","88","Projeto FV"
"https://app.process.st/runs/qfQuOjt1s4pVAbbnqV9NDw","Adilson Bispo","pedro.pantaleao@gaussenergia.com.br","2020-07-09T19:21:26.002Z","2021-02-19T18:05:20.312Z","","","","Overdue","1","21","88","Projeto FV"
"https://app.process.st/runs/pv5PEodjQT-q9CrOGOdB3g","Gauss Energia Galpão BR 15","pedro.pantaleao@gaussenergia.com.br","2020-07-02T13:51:16.208Z","2021-01-31T17:20:22.421Z","","","","Overdue","1","24","88","Projeto FV"
"https://app.process.st/runs/lJYgxsS3UF-HQmCn9s5B0g","Marcio Martins Sousa / Margarida Barbosa","pedro.pantaleao@gaussenergia.com.br","2020-09-28T19:27:31.269Z","2021-01-28T18:15:22.864Z","","","","OnTrack","0","20","88","Projeto FV"
"https://app.process.st/runs/qSJt4_0McUPJFkCJfbZMBw","Jorge Marçal","pedro.pantaleao@gaussenergia.com.br group-698ea497-ec60-4bde-b165-b8f9ccbb0cfe@process.st","2020-10-02T19:01:27.582Z","2021-01-27T18:14:44.895Z","","","","Overdue","2","22","88","Projeto FV"
"https://app.process.st/runs/vyyLz67JpRCa04zW8MlLDQ","Marcelo Jesus","pedro.pantaleao@gaussenergia.com.br","2019-03-21T19:41:48.866Z","2021-01-12T16:23:09.992Z","","","","Overdue","5","17","88","Projeto FV"
"https://app.process.st/runs/n5nlnzrDFUiX39NmAlVCdQ","Hotel Aquarena","","2018-12-10T18:34:38.300Z","2020-12-08T14:07:53.492Z","","","","OnTrack","0","13","88","Projeto FV"
"https://app.process.st/runs/t7EIQSoAzE8TEeLcjCxFlg","Gasauto Fazenda","","2018-12-10T18:34:41.509Z","2020-12-08T14:07:52.507Z","","","","OnTrack","0","0","88","Projeto FV"
"https://app.process.st/runs/rsg4vlPazFTjj_rjn-VIWA","Carlos Olivio","","2018-12-10T18:34:40.758Z","2020-12-08T14:07:50.511Z","","","","Overdue","5","17","88","Projeto FV"
"https://app.process.st/runs/gsuj7pacnVYGjn38LBxKAQ","Diego Haye","","2018-12-10T18:34:40.014Z","2020-12-08T14:07:50.077Z","","","","OnTrack","0","0","88","Projeto FV"
"https://app.process.st/runs/iqcRIjPVFOtWltWFGj1LTw","José Mendes da Gama","","2018-12-10T18:34:40.890Z","2020-12-08T14:07:50.036Z","","","","Overdue","5","26","88","Projeto FV"
"https://app.process.st/runs/gZJ5IPBYfFbHnu9NZTRA4A","Cantina Montanari","","2018-12-10T18:34:45.030Z","2020-12-08T14:07:47.571Z","","","","OnTrack","0","3","88","Projeto FV"
"https://app.process.st/runs/lZI_KxahqIfqK_kTCSRPFw","Bomboniere Nunes","","2018-12-10T18:34:57.434Z","2020-12-08T14:07:46.789Z","","","","Overdue","4","20","88","Projeto FV"
"https://app.process.st/runs/vr0XxJBvqwNtKRLhG7VA1w","Clínica POP","group-aa595f0b-d840-4fcb-8407-a22a023e7e0d@process.st","2018-12-10T18:34:48.224Z","2020-12-08T14:07:45.641Z","","","","OnTrack","0","8","88","Projeto FV"
"https://app.process.st/runs/oBF2PE6KGGcTAM3RqkZA6Q","Theffterson Icson 1","","2018-12-10T18:34:57.002Z","2020-12-08T14:07:44.155Z","","","","Overdue","4","17","88","Projeto FV"
"https://app.process.st/runs/uAnKk0o4dVqs72q8Z85D6Q","Mary Wicks","group-aa595f0b-d840-4fcb-8407-a22a023e7e0d@process.st","2019-01-24T13:14:59.712Z","2020-12-08T14:07:42.424Z","","","","Overdue","1","13","88","Projeto FV"
"https://app.process.st/runs/lRtsJ-4D0Fm6E7XXNahEcQ","Alcateia Crossfit","gabriel@gaussenergia.com.br","2019-01-31T13:06:49.621Z","2020-12-08T14:07:38.661Z","","","","Overdue","4","25","88","Projeto FV"
"https://app.process.st/runs/rLINN8n9B2Uhadgq0tZLoA","Theffterson Icson 2","gabriel@gaussenergia.com.br","2019-02-04T23:37:48.740Z","2020-12-08T14:07:37.114Z","","","","Overdue","4","18","88","Projeto FV"
"https://app.process.st/runs/qtb8J3YghrN-0pC2iNJA9Q","Taylon Teixeira Cavalcante","","2019-03-08T22:45:57.470Z","2020-12-08T14:07:28.443Z","","","","Overdue","4","18","88","Projeto FV"
"https://app.process.st/runs/qRBft1cv9XGfDtM3dXRNzw","Marcelo Martins 1 - Graça Lanches","","2019-03-30T19:17:38.613Z","2020-12-08T14:07:28.248Z","","","","Overdue","5","17","88","Projeto FV"
"https://app.process.st/runs/qbtMEaPLViW37HCW4dtLCA","Guillaume Mendonça  - Simone de Araujo Goes","","2019-03-30T16:35:08.837Z","2020-12-08T14:07:27.100Z","","","","Overdue","4","18","88","Projeto FV"
"https://app.process.st/runs/sQs3Or-6LZ03fI7mqxtCUg","Evaneide Rodrigues - Leandro Martins","raniel.garcia@gaussenergia.com.br group-698ea497-ec60-4bde-b165-b8f9ccbb0cfe@process.st","2019-01-29T13:15:10.968Z","2020-12-08T14:07:24.378Z","","","","Overdue","5","19","88","Projeto FV"
"https://app.process.st/runs/vZJ4ZXVsdKFS1sRZEjxPHg","Tadeu Martins - Odilon","raniel.garcia@gaussenergia.com.br","2019-05-29T13:40:11.540Z","2020-12-08T14:07:19.474Z","","","","Overdue","4","17","88","Projeto FV"
"https://app.process.st/runs/uyAJay_yMHR2COvoXXhJUg","Rodrigo Bastos / Padua","raniel.garcia@gaussenergia.com.br group-aa595f0b-d840-4fcb-8407-a22a023e7e0d@process.st","2019-06-07T12:54:46.741Z","2020-12-08T14:07:15.550Z","","","","OnTrack","0","1","88","Projeto FV"
"https://app.process.st/runs/liGyGvseHMcLSMQJNw9Lcw","Dailson Elso de Oliveira","group-aa595f0b-d840-4fcb-8407-a22a023e7e0d@process.st","2019-06-19T17:43:37.883Z","2020-12-08T14:07:15.063Z","","","","OnTrack","0","2","88","Projeto FV"
"https://app.process.st/runs/oG7y5UnYqoFG3l7EFmFN1Q","Faculdade Madre Thais - Sociedade Educacional Sulbahiana Ltda SESB","gabriel@gaussenergia.com.br group-aa595f0b-d840-4fcb-8407-a22a023e7e0d@process.st","2019-07-01T19:23:22.258Z","2020-12-08T14:07:14.372Z","","","","OnTrack","0","3","88","Projeto FV"
"https://app.process.st/runs/gkKLKhZoqsjjkrpDeOdFYw","Antônio Carlos Ferreira da Paixão","pedro.pantaleao@gaussenergia.com.br","2019-06-12T14:49:36.433Z","2020-12-08T14:07:14.343Z","","","","Overdue","4","19","88","Projeto FV"
"https://app.process.st/runs/vG_2i6BzUkxlRiBzvvZPAg","Marcio Falcão","raniel.garcia@gaussenergia.com.br","2019-06-27T17:12:54.120Z","2020-12-08T14:07:13.837Z","","","","Overdue","4","20","88","Projeto FV"
"https://app.process.st/runs/j9YM6XF8CGZdGkv-PDxB8A","Lilian Carasek - Heraldo","raniel.garcia@gaussenergia.com.br","2019-06-12T16:45:23.525Z","2020-12-08T14:07:12.249Z","","","","Overdue","3","21","88","Projeto FV"
"https://app.process.st/runs/va43JVV9cJx27PY2IFVOWw","Gauss Energia","raniel.garcia@gaussenergia.com.br group-aa595f0b-d840-4fcb-8407-a22a023e7e0d@process.st","2019-08-02T13:25:12.078Z","2020-12-08T14:07:11.512Z","","","","Overdue","1","13","88","Projeto FV"
"https://app.process.st/runs/lPp4DtgU0h_NKuCi_mdB2g","Rosângela Santos Pinto / Eledir","raniel.garcia@gaussenergia.com.br group-aa595f0b-d840-4fcb-8407-a22a023e7e0d@process.st","2019-09-13T18:26:52.691Z","2020-12-08T14:07:05.645Z","","","","OnTrack","0","1","88","Projeto FV"
"https://app.process.st/runs/jfsSWgxzFpCQICfHcSxDuw","Diogo Teixeira","raniel.garcia@gaussenergia.com.br","2019-09-13T17:19:53.175Z","2020-12-08T14:07:05.518Z","","","","Overdue","5","21","88","Projeto FV"
"https://app.process.st/runs/lFGTVNn_RWk8vgTrtRFMRA","Edna Borges da Silva - Elizário","","2019-09-03T14:46:55.729Z","2020-12-08T14:07:03.623Z","","","","Overdue","4","22","88","Projeto FV"
"https://app.process.st/runs/poPVjvRz1u8PHD65qodOqg","Weide Souza / Comercial Ester","pedro.pantaleao@gaussenergia.com.br group-aa595f0b-d840-4fcb-8407-a22a023e7e0d@process.st","2019-10-01T14:52:42.398Z","2020-12-08T14:07:00.541Z","","","","Overdue","4","26","88","Projeto FV"
"https://app.process.st/runs/psWcykY81bdom4PG4mBChg","Marcelo Dourado Matos","raniel.garcia@gaussenergia.com.br","2019-11-14T16:15:49.498Z","2020-12-08T14:06:58.919Z","","","","Overdue","5","18","88","Projeto FV"
"https://app.process.st/runs/jwx0pwyLxGbkpzcQGEJL_w","Marcia Maria / Alex Moraes","pedro.pantaleao@gaussenergia.com.br","2019-11-01T12:38:35.465Z","2020-12-08T14:06:58.785Z","","","","Overdue","4","18","88","Projeto FV"
"https://app.process.st/runs/mdBIpHjpF4Iq7wpaYa1Icw","Ottoni Neto / Tamires Castro","","2019-02-08T14:54:53.424Z","2020-12-08T14:06:57.038Z","","","","Overdue","4","15","88","Projeto FV"
"https://app.process.st/runs/mWLGfxtjUgkik8Z7L2tDSw","Altair Buiate 2 / Irecê","pedro.pantaleao@gaussenergia.com.br","2019-12-02T19:54:15.735Z","2020-12-08T14:06:54.201Z","","","","Overdue","4","19","88","Projeto FV"
"https://app.process.st/runs/sDIOC0sVAeO9RT5Y95FPNA","Iolanda Saraiva","pedro.pantaleao@gaussenergia.com.br","2019-12-02T22:18:18.612Z","2020-12-08T14:06:53.978Z","","","","Overdue","4","21","88","Projeto FV"
"https://app.process.st/runs/j81NtBJG0aCpcKKLv25CHA","Rosiclair / Joaquim Oliveira","pedro.pantaleao@gaussenergia.com.br","2019-12-17T22:15:42.811Z","2020-12-08T14:06:52.283Z","","","","Overdue","5","20","88","Projeto FV"
"https://app.process.st/runs/inHMg5a-07du1ZXCbvtN2g","Gilvan Barbosa - Comercial de Estivas 4 - Servilar Antigo - Fundo","gabriel@gaussenergia.com.br group-aa595f0b-d840-4fcb-8407-a22a023e7e0d@process.st","2019-12-09T18:54:25.237Z","2020-12-08T14:06:52.006Z","","","","Overdue","5","18","88","Projeto FV"
"https://app.process.st/runs/l6CVdQBUwdDVyHzoLMVMfA","Iovane Medeiros","","2020-01-07T16:23:30.756Z","2020-12-08T14:06:46.380Z","","","","Overdue","5","23","88","Projeto FV"
"https://app.process.st/runs/nB9zKwClNa9TpfIeNjJCjQ","2921-F Nacional Motos / Joanilton","group-698ea497-ec60-4bde-b165-b8f9ccbb0cfe@process.st","2020-01-02T17:42:51.886Z","2020-12-08T14:06:44.038Z","","","","Overdue","5","19","88","Projeto FV"
"https://app.process.st/runs/m25GSyz4JwzQzdqTm81L5g","Virginia Barreto - Gilmar Barbosa 2","","2020-01-09T18:33:44.927Z","2020-12-08T14:06:40.489Z","","","","Overdue","5","20","88","Projeto FV"
"https://app.process.st/runs/saZqZq8iaHWkFrdRqxFB5w","Wellington Araujo Souza","","2020-01-15T15:22:57.672Z","2020-12-08T14:06:38.373Z","","","","Overdue","4","18","88","Projeto FV"
"https://app.process.st/runs/re7xNzuFEidePDnvkxVLoQ","Condomínio Vog Ville Jocky Club","pedro.pantaleao@gaussenergia.com.br","2020-02-05T17:25:11.150Z","2020-12-08T14:06:33.732Z","","","","OnTrack","0","0","88","Projeto FV"
"https://app.process.st/runs/hDyWQQcM8GstxPMPslNIGA","Edileuza Barboza de Souza 1","pedro.pantaleao@gaussenergia.com.br","2020-02-06T19:36:46.523Z","2020-12-08T14:06:33.497Z","","","","Overdue","1","25","88","Projeto FV"
"https://app.process.st/runs/mo9yYaKS8bvy_dBX5shGIw","Atrativo Aramari - Jorge Luiz Paolilo Costa","gabriel@gaussenergia.com.br group-aa595f0b-d840-4fcb-8407-a22a023e7e0d@process.st","2020-02-28T14:06:23.885Z","2020-12-08T14:06:32.488Z","","","","OnTrack","0","15","88","Projeto FV"
"https://app.process.st/runs/ttyQ4_hdzmqx8-lo229DOg","Valdeiq Francisco de Souza 1 - Mercado","group-698ea497-ec60-4bde-b165-b8f9ccbb0cfe@process.st","2020-03-12T15:15:10.477Z","2020-12-08T14:06:30.347Z","","","","Overdue","2","20","88","Projeto FV"
"https://app.process.st/runs/sCSow8HJoLMIDNy0gHVEhw","Maria Neves Dos Santos","pedro.pantaleao@gaussenergia.com.br group-aa595f0b-d840-4fcb-8407-a22a023e7e0d@process.st","2020-05-19T18:41:43.452Z","2020-12-08T14:06:25.064Z","","","","OnTrack","0","2","88","Projeto FV"
"https://app.process.st/runs/lm6_subXwp0O_oqFfLRCiw","Supermercado Coração - Mercado 1 de Janeiro Frente / Gessivaldo 6","pedro.pantaleao@gaussenergia.com.br group-698ea497-ec60-4bde-b165-b8f9ccbb0cfe@process.st group-aa595f0b-d840-4fcb-8407-a22a023e7e0d@process.st","2020-11-20T14:48:25.919Z","2020-12-08T14:06:00.741Z","","","","OnTrack","0","2","88","Projeto FV"
